split	fold	query_id	ligand_group	split_unit	B	C	Dstar	F	support	support_type	support_bin
TF-50	0	C(=C\C(=O)[O-])\C=C(/C(=O)[O-])\Cl	C(=C\C(=O)[O-])\C=C(/C(=O)[O-])\Cl	responder_cluster_50_00149	6.0	530.0	868.0	11.0	0.3193469387755102	sequence_idcov	[0.2,0.4)
TF-50	0	C(=C\C(=O)[O-])\C=C/C(=O)[O-]	C(=C\C(=O)[O-])\C=C/C(=O)[O-]	responder_cluster_50_00149	11.0	529.0	490.0	13.0	0.3056326530612245	sequence_idcov	[0.2,0.4)
TF-50	0	C(=O)(O)[O-].[Na+]	C(=O)(O)[O-].[Na+]	responder_cluster_50_01406	46.0	3504.0	56.0	37.0		sequence_idcov	unanchored
TF-50	0	C(=[N-])=O	C(=[N-])=O	responder_cluster_50_01004	486.0	2257.0	626.0	486.0		sequence_idcov	unanchored
TF-50	0	C(C(=O)O)C(=O)O	C(C(=O)O)C(=O)O	responder_cluster_50_00851	1932.0	2108.0	3560.0	1935.0	0.0	sequence_idcov	[0.0,0.2)
TF-50	0	C(C(=O)[O-])C(CC(=O)[O-])(C(=O)[O-])O	C(C(=O)[O-])C(CC(=O)[O-])(C(=O)[O-])O	responder_cluster_50_00851	124.0	2104.0	3970.0	124.0	0.1903722943722943	sequence_idcov	[0.0,0.2)
TF-50	0	C(C(=O)[O-])[NH3+]	C(C(=O)[O-])[NH3+]	responder_cluster_50_00023	1098.0	4652.0	1158.0	1094.0		sequence_idcov	unanchored
TF-50	0	C(C(C(C(C(=O)COP(=O)(O)O)O)O)O)O	C(C(C(C(C(=O)COP(=O)(O)O)O)O)O)O	responder_cluster_50_00975	1141.0	4760.0	1177.0	1141.0		sequence_idcov	unanchored
TF-50	0	C(C1=CC(=CC=C1O)O)C(=O)O	C(C1=CC(=CC=C1O)O)C(=O)O	responder_cluster_50_00865	10.0	1872.0	37.0	7.0		sequence_idcov	unanchored
TF-50	0	C(C1C(C(C(C(O1)OCC2C(C(C(C(O2)OC3(C(C(C(O3)CO)O)O)CO)O)O)O)O)O)O)O	C(C1C(C(C(C(O1)OCC2C(C(C(C(O2)OC3(C(C(C(O3)CO)O)O)CO)O)O)O)O)O)O)O	responder_cluster_50_01990	5754.0	5932.0	1569.0	5747.0	0.0	sequence_idcov	[0.0,0.2)
TF-50	0	C(C1C(C(C(O1)(COP(=O)(O)O)O)O)O)O	C(C1C(C(C(O1)(COP(=O)(O)O)O)O)O)O	responder_cluster_50_00975	1063.0	4760.0	1111.0	1062.0		sequence_idcov	unanchored
TF-50	0	C(CC(=O)[O-])C(=O)C(=O)[O-]	C(CC(=O)[O-])C(=O)C(=O)[O-]	responder_cluster_50_00039	673.0	4804.0	757.0	673.0		sequence_idcov	unanchored
TF-50	0	C(CCCN)CCCN	C(CCCN)CCCN	responder_cluster_50_01618	547.0	4297.0	652.0	547.0		sequence_idcov	unanchored
TF-50	0	C(CCCN)CCN	C(CCCN)CCN	responder_cluster_50_01618	617.0	4297.0	720.0	617.0		sequence_idcov	unanchored
TF-50	0	C(CCN)CCN	C(CCN)CCN	responder_cluster_50_01618	4162.0	4296.0	732.0	4149.0	0.0	sequence_idcov	[0.0,0.2)
TF-50	0	C(CCN)CN	C(CCN)CN	responder_cluster_50_01618	4162.0	4296.0	891.0	4151.0	0.0	sequence_idcov	[0.0,0.2)
TF-50	0	C(CCN)C[C@@H](C(=O)O)N	C(CCN)C[C@@H](C(=O)O)N	responder_cluster_50_01416	4.0	3536.0	4.0	4.0	0.3324175084175084	sequence_idcov	[0.2,0.4)
TF-50	0	C(CCNCCCN)CN	C(CCNCCCN)CN	responder_cluster_50_00637	1241.0	1333.0	18.0	1206.0	0.0	sequence_idcov	[0.0,0.2)
TF-50	0	C(CCNCCCN)CNCCCN	C(CCNCCCN)CNCCCN	responder_cluster_50_00637	17.0	1334.0	17.0	13.0		sequence_idcov	unanchored
TF-50	0	C(CS)C(C(=O)O)N	C(CS)C(C(=O)O)N	responder_cluster_50_00046	1969.0	2173.0	2101.0	1969.0		sequence_idcov	unanchored
TF-50	0	C(CS)[C@@H](C(=O)O)N	C(CS)[C@@H](C(=O)O)N	responder_cluster_50_00046	1189.0	1301.0	1186.0	1190.0	0.0	sequence_idcov	[0.0,0.2)
TF-50	0	C(C[C@@H](C(=O)O)N)CN=C(N)N	C(C[C@@H](C(=O)O)N)CN=C(N)N	responder_cluster_50_01416	27.0	3533.0	3.0	19.0	0.3324175084175084	sequence_idcov	[0.2,0.4)
TF-50	0	C(C[C@@H](C(=O)O)N[C@H](CCC(=O)O)C(=O)O)CN=C(N)N	C(C[C@@H](C(=O)O)N[C@H](CCC(=O)O)C(=O)O)CN=C(N)N	responder_cluster_50_00824	109.0	1736.0	121.0	107.0		sequence_idcov	unanchored
TF-50	0	C([C@@H](C(=O)O)N)S	C([C@@H](C(=O)O)N)S	responder_cluster_50_01879	4238.0	5326.0	4307.0	4238.0		sequence_idcov	unanchored
TF-50	0	C([C@@H]([C@@H]1C(=C(C(=O)O1)O)O)O)O	C([C@@H]([C@@H]1C(=C(C(=O)O1)O)O)O)O	responder_cluster_50_01879	4211.0	5326.0	4303.0	4211.0		sequence_idcov	unanchored
TF-50	0	C([C@@H]([C@@H]1C(=C(C(=O)O1)[O-])O)O)O	C([C@@H]([C@@H]1C(=C(C(=O)O1)[O-])O)O)O	responder_cluster_50_01009	27.0	2267.0	42.0	26.0		sequence_idcov	unanchored
TF-50	0	C([C@@H]1[C@H]([C@@H]([C@H]([C@@H](O1)O[C@@H]2[C@H](OC([C@@H]([C@H]2O)N)O)CO)N)O)O)O.Cl	C([C@@H]1[C@H]([C@@H]([C@H]([C@@H](O1)O[C@@H]2[C@H](OC([C@@H]([C@H]2O)N)O)CO)N)O)O)O.Cl	responder_cluster_50_00561	3776.0	3954.0	157.0	3757.0	0.0	sequence_idcov	[0.0,0.2)
TF-50	0	C([C@@H]1[C@H]([C@@H]([C@H]([C@H](O1)O[C@@H]2[C@H](OC([C@@H]([C@H]2O)O)O)CO)O)O)O)O	C([C@@H]1[C@H]([C@@H]([C@H]([C@H](O1)O[C@@H]2[C@H](OC([C@@H]([C@H]2O)O)O)CO)O)O)O)O	responder_cluster_50_01060	2530.0	2685.0	2430.0	2534.0	0.0	sequence_idcov	[0.0,0.2)
TF-50	0	C([C@@H]1[C@H]([C@@H]([C@H]([C@H](O1)O[C@@H]2[C@H](O[C@H]([C@@H]([C@H]2O)O)O)CO)O)O)O)O	C([C@@H]1[C@H]([C@@H]([C@H]([C@H](O1)O[C@@H]2[C@H](O[C@H]([C@@H]([C@H]2O)O)O)CO)O)O)O)O	responder_cluster_50_01060	2538.0	2686.0	2586.0	2538.0		sequence_idcov	unanchored
TF-50	0	C([C@@H]1[C@H]([C@@H]([C@H]([C@H](O1)O[C@H]2[C@@H]([C@H](O[C@@]2(CO)O[C@@H]3[C@@H]([C@H]([C@@H]([C@H](O3)CO)O)O)O)CO)O)O)O)O)O	C([C@@H]1[C@H]([C@@H]([C@H]([C@H](O1)O[C@H]2[C@@H]([C@H](O[C@@]2(CO)O[C@@H]3[C@@H]([C@H]([C@@H]([C@H](O3)CO)O)O)O)CO)O)O)O)O)O	responder_cluster_50_01513	432.0	3906.0	439.0	432.0		sequence_idcov	unanchored
TF-50	0	C([C@@H]1[C@H]([C@H]([C@H](O1)OP(=O)(O)OP(=O)(O)O)O)O)OP(=O)(O)O	C([C@@H]1[C@H]([C@H]([C@H](O1)OP(=O)(O)OP(=O)(O)O)O)O)OP(=O)(O)O	responder_cluster_50_00361	1828.0	2808.0	1918.0	1828.0		sequence_idcov	unanchored
TF-50	0	C([C@H]([C@H]([C@@H](C(=O)COP(=O)(O)O)O)O)O)O	C([C@H]([C@H]([C@@H](C(=O)COP(=O)(O)O)O)O)O)O	responder_cluster_50_00975	981.0	2172.0	1038.0	980.0		sequence_idcov	unanchored
TF-50	0	C([C@H]([C@H]([C@@H]([C@H](CO)O)O)O)O)O	C([C@H]([C@H]([C@@H]([C@H](CO)O)O)O)O)O	responder_cluster_50_01604	4118.0	4266.0	1813.0	4119.0	0.0	sequence_idcov	[0.0,0.2)
TF-50	0	C1=CC(=C(C(=C1)Cl)O)O	C1=CC(=C(C(=C1)Cl)O)O	responder_cluster_50_00149	4013.0	531.0	4070.0	4013.0		sequence_idcov	unanchored
TF-50	0	C1=CC(=C(C(=C1)O)C(=O)C2=CC(=C(N2)Cl)Cl)O	C1=CC(=C(C(=C1)O)C(=O)C2=CC(=C(N2)Cl)Cl)O	responder_cluster_50_00291	1516.0	1622.0	253.0	1490.0	0.0	sequence_idcov	[0.0,0.2)
TF-50	0	C1=CC(=C(C=C1/C=C/C2=CC(=CC(=C2)O)O)O)O	C1=CC(=C(C=C1/C=C/C2=CC(=CC(=C2)O)O)O)O	responder_cluster_50_01291	757.0	3090.0	849.0	757.0		sequence_idcov	unanchored
TF-50	0	C1=CC(=C(C=C1C(=O)O)O)[O-]	C1=CC(=C(C=C1C(=O)O)O)[O-]	responder_cluster_50_01376	30.0	3406.0	59.0	18.0		sequence_idcov	unanchored
TF-50	0	C1=CC(=CC(=C1)Cl)C(=O)O	C1=CC(=CC(=C1)Cl)C(=O)O	responder_cluster_50_00149	347.0	528.0	210.0	318.0	0.0	sequence_idcov	[0.0,0.2)
TF-50	0	C1=CC(=CC(=C1)Cl)NN=C(C#N)C#N	C1=CC(=CC(=C1)Cl)NN=C(C#N)C#N	responder_cluster_50_02062	406.0	6352.0	493.0	405.0		sequence_idcov	unanchored
TF-50	0	C1=CC(=CC2=NC3=C(C=CC(=C3)N)C=C21)N	C1=CC(=CC2=NC3=C(C=CC(=C3)N)C=C21)N	responder_cluster_50_01985	5753.0	5916.0	220.0	5719.0	0.0	sequence_idcov	[0.0,0.2)
TF-50	0	C1=CC(=CC=C1/C=C/C2=CC(=CC(=C2)O)O)O	C1=CC(=CC=C1/C=C/C2=CC(=CC(=C2)O)O)O	responder_cluster_50_01291	705.0	3090.0	799.0	704.0		sequence_idcov	unanchored
TF-50	0	C1=CC(=CC=C1C(=O)O)O	C1=CC(=CC=C1C(=O)O)O	responder_cluster_50_01135	2435.0	2608.0	673.0	2418.0	0.0	sequence_idcov	[0.0,0.2)
TF-50	0	C1=CC(=CC=C1NN=C(C#N)C#N)OC(F)(F)F	C1=CC(=CC=C1NN=C(C#N)C#N)OC(F)(F)F	responder_cluster_50_02062	987.0	6352.0	1124.0	987.0		sequence_idcov	unanchored
TF-50	0	C1=CC(=CC=C1[C@H]([C@@H](CO)NC(=O)C(Cl)Cl)O)[N+](=O)[O-]	C1=CC(=CC=C1[C@H]([C@@H](CO)NC(=O)C(Cl)Cl)O)[N+](=O)[O-]	responder_cluster_50_02062	6181.0	6351.0	706.0	6166.0	0.0	sequence_idcov	[0.0,0.2)
TF-50	0	C1=CC(=CN=C1)C(=O)O	C1=CC(=CN=C1)C(=O)O	responder_cluster_50_00194;responder_cluster_50_01879	8.0	4750.0	13.0	8.0	0.3792569832402235	sequence_idcov	[0.2,0.4)
TF-50	0	C1=CC=C(C(=C1)C(=O)O)[O-]	C1=CC=C(C(=C1)C(=O)O)[O-]	responder_cluster_50_00291;responder_cluster_50_00836	24.0	1620.0	1191.0	25.0	0.2233181818181818	sequence_idcov	[0.2,0.4)
TF-50	0	C1=CC=C(C=C1)/C=C/C2=CC(=CC(=C2)O)O	C1=CC=C(C=C1)/C=C/C2=CC(=CC(=C2)O)O	responder_cluster_50_01291	1080.0	3090.0	1206.0	1080.0		sequence_idcov	unanchored
TF-50	0	C1=CC=C2C(=C1)C=CC(=C2O)N=NC3=C4C=CC(=CC4=C(C=C3O)S(=O)(=O)[O-])[N+](=O)[O-].[Na+]	C1=CC=C2C(=C1)C=CC(=C2O)N=NC3=C4C=CC(=CC4=C(C=C3O)S(=O)(=O)[O-])[N+](=O)[O-].[Na+]	responder_cluster_50_01487	320.0	3806.0	432.0	315.0		sequence_idcov	unanchored
TF-50	0	C1=CC=C2C(=C1)C=CC=C2O	C1=CC=C2C(=C1)C=CC=C2O	responder_cluster_50_00845	2729.0	2870.0	780.0	2721.0	0.0	sequence_idcov	[0.0,0.2)
TF-50	0	C1=CC=C2C(=C1)C=CN2	C1=CC=C2C(=C1)C=CN2	responder_cluster_50_00845	2741.0	2870.0	2231.0	2741.0	0.0	sequence_idcov	[0.0,0.2)
TF-50	0	C1=CC=C2C(=C1)N=C3C=CC=C(C3=N2)C(=O)O	C1=CC=C2C(=C1)N=C3C=CC=C(C3=N2)C(=O)O	responder_cluster_50_00785	1650.0	1652.0	1367.0	1645.0	0.0	sequence_idcov	[0.0,0.2)
TF-50	0	C1=CN=CC=C1C(=O)NN	C1=CN=CC=C1C(=O)NN	responder_cluster_50_01288;responder_cluster_50_02001	1860.0	3085.0	1969.0	1860.0		sequence_idcov	unanchored
TF-50	0	C1=NC(=C2C(=N1)N(C=N2)[C@H]3[C@@H]([C@@H]([C@H](O3)CSCC[C@@H](C(=O)O)N)O)O)N	C1=NC(=C2C(=N1)N(C=N2)[C@H]3[C@@H]([C@@H]([C@H](O3)CSCC[C@@H](C(=O)O)N)O)O)N	responder_cluster_50_00138	1728.0	520.0	1816.0	1727.0		sequence_idcov	unanchored
TF-50	0	C1=NC2=C(N1C3C(C(C(O3)COP(=O)(O)OP(=O)(O)O)OP(=O)(O)OP(=O)(O)O)O)N=C(NC2=O)N	C1=NC2=C(N1C3C(C(C(O3)COP(=O)(O)OP(=O)(O)O)OP(=O)(O)OP(=O)(O)O)O)N=C(NC2=O)N	responder_cluster_50_01796	6000.0	5031.0	6022.0	6000.0		sequence_idcov	unanchored
TF-50	0	C1=NC2=C(N1[C@H]3[C@@H]([C@@H]([C@H](O3)COP(=O)(O)OP(=O)(O)OP(=O)(O)O)O)O)N=C(NC2=O)N	C1=NC2=C(N1[C@H]3[C@@H]([C@@H]([C@H](O3)COP(=O)(O)OP(=O)(O)OP(=O)(O)O)O)O)N=C(NC2=O)N	responder_cluster_50_01796	4854.0	5030.0	5560.0	4856.0	0.0	sequence_idcov	[0.0,0.2)
TF-50	0	C1C(O1)CBr	C1C(O1)CBr	responder_cluster_50_01583	3340.0	4205.0	3427.0	3340.0		sequence_idcov	unanchored
TF-50	0	C1[C@@H]([C@@H]([C@H](C(O1)O)O)O)O	C1[C@@H]([C@@H]([C@H](C(O1)O)O)O)O	responder_cluster_50_01490	3862.0	3813.0	3836.0	3868.0	0.0	sequence_idcov	[0.0,0.2)
TF-50	0	C1[C@H](OC2=CC(=CC(=C2C1=O)O)O)C3=CC=C(C=C3)O	C1[C@H](OC2=CC(=CC(=C2C1=O)O)O)C3=CC=C(C=C3)O	responder_cluster_50_01319	3058.0	3192.0	31.0	3037.0	0.0	sequence_idcov	[0.0,0.2)
TF-50	0	C1[C@H]([C@@H]([C@H](C(O1)O)O)O)O	C1[C@H]([C@@H]([C@H](C(O1)O)O)O)O	responder_cluster_50_01698	20.0	4587.0	2222.0	19.0	0.361640506329114	sequence_idcov	[0.2,0.4)
TF-50	0	C1[C@H]([C@@H]([C@H]([C@@H]([C@H]1N)O[C@@H]2[C@@H]([C@H]([C@@H]([C@H](O2)CN)O)O)O)O)O[C@@H]3[C@@H]([C@H]([C@@H]([C@H](O3)CO)O)N)O)N	C1[C@H]([C@@H]([C@H]([C@@H]([C@H]1N)O[C@@H]2[C@@H]([C@H]([C@@H]([C@H](O2)CN)O)O)O)O)O[C@@H]3[C@@H]([C@H]([C@@H]([C@H](O3)CO)O)N)O)N	responder_cluster_50_01769	1347.0	4905.0	1413.0	1345.0		sequence_idcov	unanchored
TF-50	0	C1[C@H]2[C@@H]([C@@H](S1)CCCCC(=O)OP(=O)([O-])OC[C@@H]3[C@H]([C@H]([C@@H](O3)N4C=NC5=C(N=CN=C54)N)O)O)NC(=O)N2	C1[C@H]2[C@@H]([C@@H](S1)CCCCC(=O)OP(=O)([O-])OC[C@@H]3[C@H]([C@H]([C@@H](O3)N4C=NC5=C(N=CN=C54)N)O)O)NC(=O)N2	responder_cluster_50_01183	5439.0	2762.0	5476.0	5439.0		sequence_idcov	unanchored
TF-50	0	CC(=CCC/C(=C/CO)/C)C	CC(=CCC/C(=C/CO)/C)C	responder_cluster_50_00064	40.0	434.0	102.0	38.0		sequence_idcov	unanchored
TF-50	0	CC(=O)C(=O)[C@H](COP(=O)(O)O)O	CC(=O)C(=O)[C@H](COP(=O)(O)O)O	responder_cluster_50_00847	315.0	1820.0	376.0	313.0		sequence_idcov	unanchored
TF-50	0	CC(=O)C1=C(C(=C(C=C1O)O)C(=O)C)O	CC(=O)C1=C(C(=C(C=C1O)O)C(=O)C)O	responder_cluster_50_00291	6269.0	6448.0	83.0	6231.0	0.0	sequence_idcov	[0.0,0.2)
TF-50	0	CC(=O)O[Hg]C1=CC=CC=C1	CC(=O)O[Hg]C1=CC=CC=C1	responder_cluster_50_02062	1394.0	6352.0	1551.0	1394.0		sequence_idcov	unanchored
TF-50	0	CC(=O)SCCNC(=O)CCNC(=O)[C@@H](C(C)(C)COP(=O)(O)OP(=O)(O)OC[C@@H]1[C@H]([C@H]([C@@H](O1)N2C=NC3=C(N=CN=C32)N)O)OP(=O)(O)O)O	CC(=O)SCCNC(=O)CCNC(=O)[C@@H](C(C)(C)COP(=O)(O)OP(=O)(O)OC[C@@H]1[C@H]([C@H]([C@@H](O1)N2C=NC3=C(N=CN=C32)N)O)OP(=O)(O)O)O	responder_cluster_50_00825	191.0	1737.0	225.0	191.0		sequence_idcov	unanchored
TF-50	0	CC(=O)[C@@](C)(C(=O)O)O	CC(=O)[C@@](C)(C(=O)O)O	responder_cluster_50_00146	240.0	528.0	332.0	239.0		sequence_idcov	unanchored
TF-50	0	CC(=O)[C@H]1CC[C@@H]2[C@@]1(CC[C@H]3[C@H]2CCC4=CC(=O)CC[C@]34C)C	CC(=O)[C@H]1CC[C@@H]2[C@@]1(CC[C@H]3[C@H]2CCC4=CC(=O)CC[C@]34C)C	responder_cluster_50_00940	77.0	2065.0	118.0	77.0		sequence_idcov	unanchored
TF-50	0	CC(=O)[O-]	CC(=O)[O-]	responder_cluster_50_00825	1636.0	6098.0	1712.0	1636.0		sequence_idcov	unanchored
TF-50	0	CC(=O)c1c(O)cc(O)c(C(C)=O)c1O	CC(=O)c1c(O)cc(O)c(C(C)=O)c1O	responder_cluster_50_00291	212.0	714.0	295.0	210.0		sequence_idcov	unanchored
TF-50	0	CC(C(=O)C)O	CC(C(=O)C)O	responder_cluster_50_00146;responder_cluster_50_01462	284.0	528.0	355.0	284.0		sequence_idcov	unanchored
TF-50	0	CC(C(=O)O)C(=O)O	CC(C(=O)O)C(=O)O	responder_cluster_50_00851	1975.0	2108.0	3189.0	1980.0	0.0	sequence_idcov	[0.0,0.2)
TF-50	0	CC(C(=O)O)OC(=O)C	CC(C(=O)O)OC(=O)C	responder_cluster_50_00146	2108.0	528.0	2221.0	2108.0		sequence_idcov	unanchored
TF-50	0	CC(C)(COP(=O)(O)OP(=O)(O)OC[C@@H]1[C@H]([C@H]([C@@H](O1)N2C=NC3=C(N=CN=C32)N)O)OP(=O)(O)O)[C@H](C(=O)NCCC(=O)NCCSC(=O)C=CC4=CC(=C(C=C4)O)OC)O	CC(C)(COP(=O)(O)OP(=O)(O)OC[C@@H]1[C@H]([C@H]([C@@H](O1)N2C=NC3=C(N=CN=C32)N)O)OP(=O)(O)O)[C@H](C(=O)NCCC(=O)NCCSC(=O)C=CC4=CC(=C(C=C4)O)OC)O	responder_cluster_50_00394	676.0	865.0	53.0	638.0	0.0	sequence_idcov	[0.0,0.2)
TF-50	0	CC(C)(COP(=O)(O)OP(=O)(O)OC[C@@H]1[C@H]([C@H]([C@@H](O1)N2C=NC3=C(N=CN=C32)N)O)OP(=O)(O)O)[C@H](C(=O)NCCC(=O)NCCSC(=O)CC4=CC=CC=C4)O	CC(C)(COP(=O)(O)OP(=O)(O)OC[C@@H]1[C@H]([C@H]([C@@H](O1)N2C=NC3=C(N=CN=C32)N)O)OP(=O)(O)O)[C@H](C(=O)NCCC(=O)NCCSC(=O)CC4=CC=CC=C4)O	responder_cluster_50_01287	2.0	3079.0	2670.0	10.0	0.4050126582278481	sequence_idcov	[0.4,0.5)
TF-50	0	CC(C)C1=CC=C(C=C1)C(=O)O	CC(C)C1=CC=C(C=C1)C(=O)O	responder_cluster_50_02069	20.0	6368.0	80.0	16.0		sequence_idcov	unanchored
TF-50	0	CC(C)C1=CC=C(C=C1)C(=O)[O-]	CC(C)C1=CC=C(C=C1)C(=O)[O-]	responder_cluster_50_02069	78.0	6368.0	155.0	75.0		sequence_idcov	unanchored
TF-50	0	CC(C)CC(=O)SCCNC(=O)CCNC(=O)[C@@H](C(C)(C)COP(=O)(O)OP(=O)(O)OC[C@@H]1[C@H]([C@H]([C@@H](O1)N2C=NC3=C(N=CN=C32)N)O)OP(=O)(O)O)O	CC(C)CC(=O)SCCNC(=O)CCNC(=O)[C@@H](C(C)(C)COP(=O)(O)OP(=O)(O)OC[C@@H]1[C@H]([C@H]([C@@H](O1)N2C=NC3=C(N=CN=C32)N)O)OP(=O)(O)O)O	responder_cluster_50_00823	89.0	1733.0	98.0	85.0		sequence_idcov	unanchored
TF-50	0	CC1(C2CC3C(C(=O)C(=C(C3(C(=O)C2=C(C4=C1C=CC=C4O)O)O)N)O)O	CC1(C2CC3C(C(=O)C(=C(C3(C(=O)C2=C(C4=C1C=CC=C4O)O)O)N)O)O	responder_cluster_50_01597	204.0	6254.0	204.0	204.0		sequence_idcov	unanchored
TF-50	0	CC1=C(C2=CC3=NC(=CC4=C(C(=C([N-]4)C=C5C(=C(C(=N5)C=C1[N-]2)C)C=C)C)C=C)C(=C3CCC(=O)O)C)CCC(=O)O.[Cl-].[Fe+3]	CC1=C(C2=CC3=NC(=CC4=C(C(=C([N-]4)C=C5C(=C(C(=N5)C=C1[N-]2)C)C=C)C)C=C)C(=C3CCC(=O)O)C)CCC(=O)O.[Cl-].[Fe+3]	responder_cluster_50_01537	793.0	4028.0	969.0	793.0		sequence_idcov	unanchored
TF-50	0	CC1=C(C=CC2=C1OC(=O)C(=C2O)NC(=O)C3=CC(=C(C=C3)O)CC=C(C)C)O[C@H]4[C@@H]([C@@H]([C@H](C(O4)(C)C)OC)OC(=O)N)O	CC1=C(C=CC2=C1OC(=O)C(=C2O)NC(=O)C3=CC(=C(C=C3)O)CC=C(C)C)O[C@H]4[C@@H]([C@@H]([C@H](C(O4)(C)C)OC)OC(=O)N)O	responder_cluster_50_00662	1227.0	1396.0	71.0	1196.0	0.0	sequence_idcov	[0.0,0.2)
TF-50	0	CC1=C(SC=[N+]1CC2=CN=C(N=C2N)C)CCO	CC1=C(SC=[N+]1CC2=CN=C(N=C2N)C)CCO	responder_cluster_50_01879	2039.0	5326.0	2162.0	2039.0		sequence_idcov	unanchored
TF-50	0	CC1=CC(=O)C2C3=C(C(=O)C[C@@]2(C1)O)C(=C4C(=C3)C=CC=C4O)O	CC1=CC(=O)C2C3=C(C(=O)C[C@@]2(C1)O)C(=C4C(=C3)C=CC=C4O)O	responder_cluster_50_01559	58.0	4108.0	111.0	47.0		sequence_idcov	unanchored
TF-50	0	CC1=CC2=C(C=C1N)[N+](=C3C=C(C(=CC3=N2)C)N)C4=CC=CC=C4.[Cl-]	CC1=CC2=C(C=C1N)[N+](=C3C=C(C(=CC3=N2)C)N)C4=CC=CC=C4.[Cl-]	responder_cluster_50_01487	1513.0	3806.0	1590.0	1512.0		sequence_idcov	unanchored
TF-50	0	CC1=CC2=CC(=C3C(=C2C(=C1)O)C(=O)C4=C(C3=O)C(=CC=C4)O)O	CC1=CC2=CC(=C3C(=C2C(=C1)O)C(=O)C4=C(C3=O)C(=CC=C4)O)O	responder_cluster_50_01559	142.0	4108.0	207.0	136.0		sequence_idcov	unanchored
TF-50	0	CC1=CC2=NC3=C(C=C(C=C3)N(C)C)N=C2C=C1N.Cl	CC1=CC2=NC3=C(C=C(C=C3)N(C)C)N=C2C=C1N.Cl	responder_cluster_50_01985	645.0	5918.0	699.0	643.0		sequence_idcov	unanchored
TF-50	0	CC1=CC=C(C=C1)[N+](=O)[O-]	CC1=CC=C(C=C1)[N+](=O)[O-]	responder_cluster_50_00845	625.0	2871.0	773.0	622.0		sequence_idcov	unanchored
TF-50	0	CC1=CC=CC=C1	CC1=CC=CC=C1	responder_cluster_50_00845	2533.0	1809.0	2604.0	2533.0		sequence_idcov	unanchored
TF-50	0	CC1=NC=C(C(=C1O)CO)CO	CC1=NC=C(C(=C1O)CO)CO	responder_cluster_50_01879	6358.0	5326.0	6400.0	6358.0		sequence_idcov	unanchored
TF-50	0	CC1=[N+](C2=CC=CC=C2C(=C1)N)CCCCCCCCCC[N+]3=C(C=C(C4=CC=CC=C43)N)C	CC1=[N+](C2=CC=CC=C2C(=C1)N)CCCCCCCCCC[N+]3=C(C=C(C4=CC=CC=C43)N)C	responder_cluster_50_00758	1442.0	1587.0	778.0	1427.0	0.0	sequence_idcov	[0.0,0.2)
TF-50	0	CC=C(C)C(=O)SCCNC(=O)CCNC(=O)C(C(C)(C)COP(=O)(O)OP(=O)(O)OCC1C(C(C(O1)N2C=NC3=C(N=CN=C32)N)O)OP(=O)(O)O)O	CC=C(C)C(=O)SCCNC(=O)CCNC(=O)C(C(C)(C)COP(=O)(O)OP(=O)(O)OCC1C(C(C(O1)N2C=NC3=C(N=CN=C32)N)O)OP(=O)(O)O)O	responder_cluster_50_00825	51.0	1737.0	51.0	22.0		sequence_idcov	unanchored
TF-50	0	CCC#CC(C)C1(C(=O)NC(=O)N(C1=O)C)CC=C	CCC#CC(C)C1(C(=O)NC(=O)N(C1=O)C)CC=C	responder_cluster_50_00835	378.0	1770.0	576.0	377.0		sequence_idcov	unanchored
TF-50	0	CCC(=O)SCCNC(=O)CCNC(=O)[C@@H](C(C)(C)COP(=O)(O)OP(=O)(O)OC[C@@H]1[C@H]([C@H]([C@@H](O1)N2C=NC3=C(N=CN=C32)N)O)OP(=O)(O)O)O	CCC(=O)SCCNC(=O)CCNC(=O)[C@@H](C(C)(C)COP(=O)(O)OP(=O)(O)OC[C@@H]1[C@H]([C@H]([C@@H](O1)N2C=NC3=C(N=CN=C32)N)O)OP(=O)(O)O)O	responder_cluster_50_00825;responder_cluster_50_01413	170.0	1737.0	200.0	170.0		sequence_idcov	unanchored
TF-50	0	CCC(=O)[O-]	CCC(=O)[O-]	responder_cluster_50_00825	1651.0	6098.0	1713.0	1651.0		sequence_idcov	unanchored
TF-50	0	CCC(C(=O)C)(C(=O)O)O	CCC(C(=O)C)(C(=O)O)O	responder_cluster_50_00146	1393.0	528.0	1538.0	1393.0		sequence_idcov	unanchored
TF-50	0	CCC1=CC(=CC=C1)O	CCC1=CC(=CC=C1)O	responder_cluster_50_00845	2833.0	2870.0	1404.0	2830.0	0.0	sequence_idcov	[0.0,0.2)
TF-50	0	CCCC(=O)CC(=O)N[C@H]1CCOC1=O	CCCC(=O)CC(=O)N[C@H]1CCOC1=O	responder_cluster_50_01589	4.0	4222.0	12.0	2.0	0.3421767068273092	sequence_idcov	[0.2,0.4)
TF-50	0	CCCC(C)C1(C(=O)NC(=O)NC1=O)CC	CCCC(C)C1(C(=O)NC(=O)NC1=O)CC	responder_cluster_50_00835	899.0	1770.0	1075.0	898.0		sequence_idcov	unanchored
TF-50	0	CCCCC1=CN=C(C=C1)C(=O)O	CCCCC1=CN=C(C=C1)C(=O)O	responder_cluster_50_00291	1441.0	1623.0	821.0	1434.0	0.0	sequence_idcov	[0.0,0.2)
TF-50	0	CCCCCC/C=C\CCCCCCCC(=O)SCCNC(=O)CCNC(=O)[C@@H](C(C)(C)COP(=O)([O-])OP(=O)([O-])OC[C@@H]1[C@H]([C@H]([C@@H](O1)N2C=NC3=C(N=CN=C32)N)O)OP(=O)([O-])[O-])O	CCCCCC/C=C\CCCCCCCC(=O)SCCNC(=O)CCNC(=O)[C@@H](C(C)(C)COP(=O)([O-])OP(=O)([O-])OC[C@@H]1[C@H]([C@H]([C@@H](O1)N2C=NC3=C(N=CN=C32)N)O)OP(=O)([O-])[O-])O	responder_cluster_50_00971	830.0	2155.0	969.0	829.0		sequence_idcov	unanchored
TF-50	0	CCCCCC1=C(C(=CC(=C1)O)O)C(=O)O	CCCCCC1=C(C(=CC(=C1)O)O)C(=O)O	responder_cluster_50_01847	306.0	5219.0	446.0	305.0		sequence_idcov	unanchored
TF-50	0	CCCCCC1=CC(=C(C(=C1C(=O)O)O)[C@@H]2C=C(CC[C@H]2C(=C)C)C)O	CCCCCC1=CC(=C(C(=C1C(=O)O)O)[C@@H]2C=C(CC[C@H]2C(=C)C)C)O	responder_cluster_50_01291	218.0	3090.0	353.0	215.0		sequence_idcov	unanchored
TF-50	0	CCCCCCCC/C=C\CCCCCCCC(=O)SCCNC(=O)CCNC(=O)[C@@H](C(C)(C)COP(=O)(O)OP(=O)(O)OC[C@@H]1[C@H]([C@H]([C@@H](O1)N2C=NC3=C(N=CN=C32)N)O)OP(=O)(O)O)O	CCCCCCCC/C=C\CCCCCCCC(=O)SCCNC(=O)CCNC(=O)[C@@H](C(C)(C)COP(=O)(O)OP(=O)(O)OC[C@@H]1[C@H]([C@H]([C@@H](O1)N2C=NC3=C(N=CN=C32)N)O)OP(=O)(O)O)O	responder_cluster_50_00164;responder_cluster_50_00971;responder_cluster_50_02002	584.0	719.0	59.0	587.0	0.0	sequence_idcov	[0.0,0.2)
TF-50	0	CCCCCCCCC=CCCCCCCCC(=O)SCCNC(=O)CCNC(=O)C(C(C)(C)COP(=O)(O)OP(=O)(O)OCC1C(C(C(O1)N2C=NC3=C(N=CN=C32)N)O)OP(=O)(O)O)O	CCCCCCCCC=CCCCCCCCC(=O)SCCNC(=O)CCNC(=O)C(C(C)(C)COP(=O)(O)OP(=O)(O)OCC1C(C(C(O1)N2C=NC3=C(N=CN=C32)N)O)OP(=O)(O)O)O	responder_cluster_50_00164	1339.0	2098.0	1462.0	1339.0		sequence_idcov	unanchored
TF-50	0	CCCCCCCCCC(=O)CC(=O)NC1CCOC1=O	CCCCCCCCCC(=O)CC(=O)NC1CCOC1=O	responder_cluster_50_01542	2.0	4043.0	2.0	1.0	0.2914937238493724	sequence_idcov	[0.2,0.4)
TF-50	0	CCCCCCCCCC(=O)CC(=O)N[C@H]1CCOC1=O	CCCCCCCCCC(=O)CC(=O)N[C@H]1CCOC1=O	responder_cluster_50_01542	2.0	4043.0	3.0	1.0	0.2914937238493724	sequence_idcov	[0.2,0.4)
TF-50	0	CCCCCCCCCCCCCCCC(=O)SCCNC(=O)CCNC(=O)[C@@H](C(C)(C)COP(=O)(O)OP(=O)(O)OC[C@@H]1[C@H]([C@H]([C@@H](O1)N2C=NC3=C(N=CN=C32)N)O)OP(=O)(O)O)O	CCCCCCCCCCCCCCCC(=O)SCCNC(=O)CCNC(=O)[C@@H](C(C)(C)COP(=O)(O)OP(=O)(O)OC[C@@H]1[C@H]([C@H]([C@@H](O1)N2C=NC3=C(N=CN=C32)N)O)OP(=O)(O)O)O	responder_cluster_50_00164;responder_cluster_50_00971;responder_cluster_50_02002	650.0	718.0	63.0	652.0	0.0	sequence_idcov	[0.0,0.2)
TF-50	0	CCCCCCCCCCCCCCCCCC(=O)SCCNC(=O)CCNC(=O)[C@@H](C(C)(C)COP(=O)(O)OP(=O)(O)OC[C@@H]1[C@H]([C@H]([C@@H](O1)N2C=NC3=C(N=CN=C32)N)O)OP(=O)(O)O)O	CCCCCCCCCCCCCCCCCC(=O)SCCNC(=O)CCNC(=O)[C@@H](C(C)(C)COP(=O)(O)OP(=O)(O)OC[C@@H]1[C@H]([C@H]([C@@H](O1)N2C=NC3=C(N=CN=C32)N)O)OP(=O)(O)O)O	responder_cluster_50_00971	2014.0	2154.0	1347.0	2007.0	0.0	sequence_idcov	[0.0,0.2)
TF-50	0	CCCCCCCCCCCCCCCC[N+](C)(C)C	CCCCCCCCCCCCCCCC[N+](C)(C)C	responder_cluster_50_01487	1267.0	3806.0	1418.0	1267.0		sequence_idcov	unanchored
TF-50	0	CCCCCCCCCCCCCC[N+](C)(C)CC1=CC=CC=C1.[Cl-]	CCCCCCCCCCCCCC[N+](C)(C)CC1=CC=CC=C1.[Cl-]	responder_cluster_50_01487	1020.0	3806.0	1151.0	1019.0		sequence_idcov	unanchored
TF-50	0	CCCCCCCCCCCCCC[N+](C)(C)Cc1ccccc1	CCCCCCCCCCCCCC[N+](C)(C)Cc1ccccc1	responder_cluster_50_01375	155.0	3400.0	251.0	154.0		sequence_idcov	unanchored
TF-50	0	CCCCCCO	CCCCCCO	responder_cluster_50_00845	713.0	2871.0	796.0	711.0		sequence_idcov	unanchored
TF-50	0	CCNC1=CC2=C(C=C1C)C(=C3C=C(C(=[NH+]CC)C=C3O2)C)C4=CC=CC=C4C(=O)OCC	CCNC1=CC2=C(C=C1C)C(=C3C=C(C(=[NH+]CC)C=C3O2)C)C4=CC=CC=C4C(=O)OCC	responder_cluster_50_01769	4720.0	4904.0	15.0	4683.0	0.0	sequence_idcov	[0.0,0.2)
TF-50	0	CCNC1=CC2=C(C=C1C)C(=C3C=C(C(=[NH+]CC)C=C3O2)C)C4=CC=CC=C4C(=O)OCC.[Cl-]	CCNC1=CC2=C(C=C1C)C(=C3C=C(C(=[NH+]CC)C=C3O2)C)C4=CC=CC=C4C(=O)OCC.[Cl-]	responder_cluster_50_00758	1503.0	1586.0	1467.0	1503.0	0.0	sequence_idcov	[0.0,0.2)
TF-50	0	CC[C@@H]1C(=O)N2CCC[C@H]2C(=O)N([C@H](C(=O)N3CCC(=O)C[C@H]3C(=O)N[C@H](C(=O)O[C@@H]([C@@H](C(=O)N1)NC(=O)C4=C(C=CC=N4)O)C)C5=CC=CC=C5)CC6=CC=CC=C6)C	CC[C@@H]1C(=O)N2CCC[C@H]2C(=O)N([C@H](C(=O)N3CCC(=O)C[C@H]3C(=O)N[C@H](C(=O)O[C@@H]([C@@H](C(=O)N1)NC(=O)C4=C(C=CC=N4)O)C)C5=CC=CC=C5)CC6=CC=CC=C6)C	responder_cluster_50_00695	25.0	3843.0	73.0	23.0		sequence_idcov	unanchored
TF-50	0	CC[C@H](C)[C@H]1C(=O)O[C@@H]2N1C3=C(C4=C2C=C(C=C4O)C)C(=O)C5=C(C3=O)C(=CC=C5)O	CC[C@H](C)[C@H]1C(=O)O[C@@H]2N1C3=C(C4=C2C=C(C=C4O)C)C(=O)C5=C(C3=O)C(=CC=C5)O	responder_cluster_50_01559	3933.0	4107.0	64.0	3913.0	0.0	sequence_idcov	[0.0,0.2)
TF-50	0	CC[C@H](C)[C@H]1C(=O)O[C@@H]2N1C3=C(C4=C2C=C(C=C4O)C)C(=O)C5=C(C3=O)C(=CC=C5)O[C@H]6C[C@H]([C@H]([C@@H](O6)C)O)O	CC[C@H](C)[C@H]1C(=O)O[C@@H]2N1C3=C(C4=C2C=C(C=C4O)C)C(=O)C5=C(C3=O)C(=CC=C5)O[C@H]6C[C@H]([C@H]([C@@H](O6)C)O)O	responder_cluster_50_01559	23.0	4108.0	54.0	18.0		sequence_idcov	unanchored
TF-50	0	CC[N+]1=C2C=C(C=CC2=C3C=CC(=CC3=C1C4=CC=CC=C4)N)N	CC[N+]1=C2C=C(C=CC2=C3C=CC(=CC3=C1C4=CC=CC=C4)N)N	responder_cluster_50_00758;responder_cluster_50_01375;responder_cluster_50_01487;responder_cluster_50_01618	1492.0	1585.0	324.0	1492.0	0.0	sequence_idcov	[0.0,0.2)
TF-50	0	CC[N+]1=C2C=C(C=CC2=C3C=CC(=CC3=C1C4=CC=CC=C4)N)N.[Br-]	CC[N+]1=C2C=C(C=CC2=C3C=CC(=CC3=C1C4=CC=CC=C4)N)N.[Br-]	responder_cluster_50_00758	1508.0	1586.0	1235.0	1502.0	0.0	sequence_idcov	[0.0,0.2)
TF-50	0	CC[NH+]=C1C=CC(=C(C2=CC=C(C=C2)N(C)C)C3=CC=C(C=C3)N(C)C)C4=CC=CC=C14.[Cl-]	CC[NH+]=C1C=CC(=C(C2=CC=C(C=C2)N(C)C)C3=CC=C(C=C3)N(C)C)C4=CC=CC=C14.[Cl-]	responder_cluster_50_01985	94.0	5918.0	140.0	91.0		sequence_idcov	unanchored
TF-50	0	CN	CN	responder_cluster_50_00104	6118.0	484.0	6101.0	6118.0		sequence_idcov	unanchored
TF-50	0	CN(C)C1=CC2=C(C=C1)C=C3C=CC(=CC3=N2)N(C)C	CN(C)C1=CC2=C(C=C1)C=C3C=CC(=CC3=N2)N(C)C	responder_cluster_50_01985	57.0	5918.0	121.0	56.0		sequence_idcov	unanchored
TF-50	0	CN(C)C1=CC2=C(C=C1)C=C3C=CC(=[N+](C)C)C=C3O2.[Cl-]	CN(C)C1=CC2=C(C=C1)C=C3C=CC(=[N+](C)C)C=C3O2.[Cl-]	responder_cluster_50_01985	5739.0	5917.0	83.0	5698.0	0.0	sequence_idcov	[0.0,0.2)
TF-50	0	CN(C)C1=CC2=C(C=C1)N=C3C=CC(=[N+](C)C)C=C3S2.[Cl-]	CN(C)C1=CC2=C(C=C1)N=C3C=CC(=[N+](C)C)C=C3S2.[Cl-]	responder_cluster_50_01487;responder_cluster_50_01985	52.0	3806.0	102.0	49.0		sequence_idcov	unanchored
TF-50	0	CN(C)C1=CC=C(C=C1)C(=C2C=CC(=[N+](C)C)C=C2)C3=CC=C(C=C3)N(C)C.[Cl-]	CN(C)C1=CC=C(C=C1)C(=C2C=CC(=[N+](C)C)C=C2)C3=CC=C(C=C3)N(C)C.[Cl-]	responder_cluster_50_00758;responder_cluster_50_01487;responder_cluster_50_01985	1443.0	1587.0	88.0	1434.0	0.0	sequence_idcov	[0.0,0.2)
TF-50	0	CN(C)C1=CC=C(C=C1)C(=C2C=CC(=[N+](C)C)C=C2)C3=CC=CC=C3.[Cl-]	CN(C)C1=CC=C(C=C1)C(=C2C=CC(=[N+](C)C)C=C2)C3=CC=CC=C3.[Cl-]	responder_cluster_50_01985	5742.0	5917.0	102.0	5706.0	0.0	sequence_idcov	[0.0,0.2)
TF-50	0	COC1=C(C2=C[N+]3=C(C=C2C=C1)C4=CC5=C(C=C4CC3)OCO5)OC	COC1=C(C2=C[N+]3=C(C=C2C=C1)C4=CC5=C(C=C4CC3)OCO5)OC	responder_cluster_50_00758	1441.0	1587.0	2504.0	1442.0	0.0	sequence_idcov	[0.0,0.2)
TF-50	0	COC1=C(C=CC(=C1)C(=O)O)[O-]	COC1=C(C=CC(=C1)C(=O)O)[O-]	responder_cluster_50_01291;responder_cluster_50_01724	4335.0	4487.0	35.0	4295.0	0.0	sequence_idcov	[0.0,0.2)
TF-50	0	COC1=CC(=CC(=C1[O-])OC)C(=O)O	COC1=CC(=CC(=C1[O-])OC)C(=O)O	responder_cluster_50_01291	4305.0	4487.0	51.0	4269.0	0.0	sequence_idcov	[0.0,0.2)
TF-50	0	C[C@@H](O)C(C)=O	C[C@@H](O)C(C)=O	responder_cluster_50_00722	134.0	1521.0	169.0	131.0		sequence_idcov	unanchored
TF-50	0	C[C@@H]1[C@H]([C@@H](C[C@@H](O1)C2=C(C3=C(C=C2)C(=O)[C@]45[C@]([C@H]3O)(O4)[C@H](C[C@]6([C@@]5(C(=O)C=C(C6)C)O)O)O)O)OC(=O)/C=C/C=C/C=C/C=C/C(=O)NC7=C(C8=C(C(=C(C=C8)O)Cl)OC7=O)O)OC(=O)C	C[C@@H]1[C@H]([C@@H](C[C@@H](O1)C2=C(C3=C(C=C2)C(=O)[C@]45[C@]([C@H]3O)(O4)[C@H](C[C@]6([C@@]5(C(=O)C=C(C6)C)O)O)O)O)OC(=O)/C=C/C=C/C=C/C=C/C(=O)NC7=C(C8=C(C(=C(C=C8)O)Cl)OC7=O)O)OC(=O)C	responder_cluster_50_01955	4.0	5739.0	26.0	4.0		sequence_idcov	unanchored
TF-50	0	C[C@@H]1[C@H]([C@@H](C[C@@H](O1)C2=C(C3=C(C=C2)C(=O)[C@]45[C@]([C@H]3O)(O4)[C@H](C[C@]6([C@@]5(C(=O)C=C(C6)C)O)O)O)O)OC(=O)/C=C/C=C/C=C/C=C/C(=O)O)OC(=O)C	C[C@@H]1[C@H]([C@@H](C[C@@H](O1)C2=C(C3=C(C=C2)C(=O)[C@]45[C@]([C@H]3O)(O4)[C@H](C[C@]6([C@@]5(C(=O)C=C(C6)C)O)O)O)O)OC(=O)/C=C/C=C/C=C/C=C/C(=O)O)OC(=O)C	responder_cluster_50_01955	7.0	5739.0	31.0	5.0		sequence_idcov	unanchored
TF-50	0	C[C@@]1([C@H]2C[C@H]3[C@@H](C(=O)C(=C([C@]3(C(=O)C2=C(C4=C1C=CC=C4O)O)O)O)C(=O)N)N(C)C)O	C[C@@]1([C@H]2C[C@H]3[C@@H](C(=O)C(=C([C@]3(C(=O)C2=C(C4=C1C=CC=C4O)O)O)O)C(=O)N)N(C)C)O	responder_cluster_50_01597	120.0	4241.0	46.0	112.0	0.109834862385321	sequence_idcov	[0.0,0.2)
TF-50	0	C[C@H](CCC(=O)NCCS(=O)(=O)O)[C@H]1CC[C@@H]2[C@@]1([C@H](C[C@H]3[C@H]2CC[C@H]4[C@@]3(CC[C@H](C4)O)C)O)C	C[C@H](CCC(=O)NCCS(=O)(=O)O)[C@H]1CC[C@@H]2[C@@]1([C@H](C[C@H]3[C@H]2CC[C@H]4[C@@]3(CC[C@H](C4)O)C)O)C	responder_cluster_50_00940	106.0	2065.0	151.0	105.0		sequence_idcov	unanchored
TF-50	0	C[C@H](CCC(=O)O)[C@H]1CC[C@@H]2[C@@]1(CC[C@H]3[C@H]2[C@@H](C[C@H]4[C@@]3(CC[C@H](C4)O)C)O)C	C[C@H](CCC(=O)O)[C@H]1CC[C@@H]2[C@@]1(CC[C@H]3[C@H]2[C@@H](C[C@H]4[C@@]3(CC[C@H](C4)O)C)O)C	responder_cluster_50_00940	113.0	2065.0	154.0	112.0		sequence_idcov	unanchored
TF-50	0	C[C@H](CCC(=O)O)[C@H]1CC[C@@H]2[C@@]1(CC[C@H]3[C@H]2[C@H](C[C@H]4[C@@]3(CC[C@H](C4)O)C)O)C	C[C@H](CCC(=O)O)[C@H]1CC[C@@H]2[C@@]1(CC[C@H]3[C@H]2[C@H](C[C@H]4[C@@]3(CC[C@H](C4)O)C)O)C	responder_cluster_50_00064	5.0	434.0	6.0	1.0		sequence_idcov	unanchored
TF-50	0	C[C@H](CCC(=O)O)[C@H]1CC[C@@H]2[C@@]1([C@H](C[C@H]3[C@H]2CC[C@H]4[C@@]3(CC[C@H](C4)O)C)O)C	C[C@H](CCC(=O)O)[C@H]1CC[C@@H]2[C@@]1([C@H](C[C@H]3[C@H]2CC[C@H]4[C@@]3(CC[C@H](C4)O)C)O)C	responder_cluster_50_02062	3.0	6350.0	199.0	4.0	0.2373253588516746	sequence_idcov	[0.2,0.4)
TF-50	0	C[C@H]1/C=C/C=C(\C(=O)NC2=CC(=C3C(=C2O)C(=C(C4=C3C(=O)[C@](O4)(O/C=C/[C@@H]([C@H]([C@H]([C@@H]([C@@H]([C@@H]([C@H]1O)C)O)C)OC(=O)C)C)OC)C)C)O)OCC(=O)O)/C	C[C@H]1/C=C/C=C(\C(=O)NC2=CC(=C3C(=C2O)C(=C(C4=C3C(=O)[C@](O4)(O/C=C/[C@@H]([C@H]([C@H]([C@@H]([C@@H]([C@@H]([C@H]1O)C)O)C)OC(=O)C)C)OC)C)C)O)OCC(=O)O)/C	responder_cluster_50_00695	67.0	1467.0	139.0	66.0		sequence_idcov	unanchored
TF-50	0	C[C@H]1C[C@@H]([C@@H]([C@@H]2[C@@H]1[C@]\3([C@@H](C=C2)/C(=C/C[C@@H](/C(=C/[C@@H]4C=C([C@@H](C[C@@]45C(=O)/C(=C3\O)/C(=O)O5)C)CO)/C)O[C@H]6C[C@]([C@H]([C@H](O6)C)NC(=O)OC)(C)[N+](=O)[O-])/C)C)O[C@H]7C[C@H]([C@H]([C@@H](O7)C)O)O[C@H]8CC(C([C@@H](O8)C)O[C@@H]9C[C@H]([C@H]([C@@H](O9)C)OC)O)O[C@H]1C[C@@H]([C@H]([C@@H](O1)C)O)O)C	C[C@H]1C[C@@H]([C@@H]([C@@H]2[C@@H]1[C@]\3([C@@H](C=C2)/C(=C/C[C@@H](/C(=C/[C@@H]4C=C([C@@H](C[C@@]45C(=O)/C(=C3\O)/C(=O)O5)C)CO)/C)O[C@H]6C[C@]([C@H]([C@H](O6)C)NC(=O)OC)(C)[N+](=O)[O-])/C)C)O[C@H]7C[C@H]([C@H]([C@@H](O7)C)O)O[C@H]8CC(C([C@@H](O8)C)O[C@@H]9C[C@H]([C@H]([C@@H](O9)C)OC)O)O[C@H]1C[C@@H]([C@H]([C@@H](O1)C)O)O)C	responder_cluster_50_01450	85.0	3642.0	135.0	85.0		sequence_idcov	unanchored
TF-50	0	C[C@H]1[C@@H]([C@H]([C@H](C(O1)O)O)O)O	C[C@H]1[C@@H]([C@H]([C@H](C(O1)O)O)O)O	responder_cluster_50_00787	5.0	1655.0	58.0	2.0	0.3354787234042553	sequence_idcov	[0.2,0.4)
TF-50	0	C[C@]12CCC(=O)[C@H]([C@@H]1CCC2=O)CCC(=O)SCCNC(=O)CCNC(=O)[C@@H](C(C)(C)COP(=O)(O)OP(=O)(O)OC[C@@H]3[C@H]([C@H]([C@@H](O3)N4C=NC5=C(N=CN=C54)N)O)OP(=O)(O)O)O	C[C@]12CCC(=O)[C@H]([C@@H]1CCC2=O)CCC(=O)SCCNC(=O)CCNC(=O)[C@@H](C(C)(C)COP(=O)(O)OP(=O)(O)OC[C@@H]3[C@H]([C@H]([C@@H](O3)N4C=NC5=C(N=CN=C54)N)O)OP(=O)(O)O)O	responder_cluster_50_01107	27.0	2541.0	10.0	2.0		sequence_idcov	unanchored
TF-50	0	C[C@]12CC[C@H]3[C@H]([C@@H]1CCC2=O)CCC4=C3C=CC(=C4)O	C[C@]12CC[C@H]3[C@H]([C@@H]1CCC2=O)CCC4=C3C=CC(=C4)O	responder_cluster_50_00279	99.0	695.0	145.0	93.0		sequence_idcov	unanchored
TF-50	0	C[C@]12CC[C@H]3[C@H]([C@@H]1CC[C@@H]2O)CCC4=C3C=CC(=C4)O	C[C@]12CC[C@H]3[C@H]([C@@H]1CC[C@@H]2O)CCC4=C3C=CC(=C4)O	responder_cluster_50_00279;responder_cluster_50_00940	41.0	695.0	78.0	40.0		sequence_idcov	unanchored
TF-50	0	C[C@]12CC[C@H]3[C@H]([C@@H]1CC[C@@H]2O)CCC4=CC(=O)CC[C@]34C	C[C@]12CC[C@H]3[C@H]([C@@H]1CC[C@@H]2O)CCC4=CC(=O)CC[C@]34C	responder_cluster_50_00940	18.0	2065.0	42.0	14.0		sequence_idcov	unanchored
TF-50	0	C[C@]12CC[C@H]3[C@H]([C@@H]1CC[C@]2(C#C)O)CCC4=C3C=CC(=C4)O	C[C@]12CC[C@H]3[C@H]([C@@H]1CC[C@]2(C#C)O)CCC4=C3C=CC(=C4)O	responder_cluster_50_00940	79.0	2065.0	135.0	79.0		sequence_idcov	unanchored
TF-50	0	C[N+]1=CC=C(C=C1)C2=CC=[N+](C=C2)C	C[N+]1=CC=C(C=C1)C2=CC=[N+](C=C2)C	responder_cluster_50_00020	3529.0	4239.0	3608.0	3529.0		sequence_idcov	unanchored
TF-50	0	O=C(O[C@]1([H])C[C@@]2(O[C@](C1)([H])C/C=C(C)/[C@@H](O[C@@H]3O[C@@H](C)[C@H](O[C@@H]4O[C@@H](C)[C@H](O)[C@@H](OC)C4)[C@@H](OC)C3)[C@@H](C)/C=C/C=C5CO[C@@]6([H])[C@]7\5O)C=C[C@H](C)[C@@H]([C@H](CC)C)O2)[C@]7([H])C=C(C)C6=O	O=C(O[C@]1([H])C[C@@]2(O[C@](C1)([H])C/C=C(C)/[C@@H](O[C@@H]3O[C@@H](C)[C@H](O[C@@H]4O[C@@H](C)[C@H](O)[C@@H](OC)C4)[C@@H](OC)C3)[C@@H](C)/C=C/C=C5CO[C@@]6([H])[C@]7\5O)C=C[C@H](C)[C@@H]([C@H](CC)C)O2)[C@]7([H])C=C(C)C6=O	responder_cluster_50_01506	100.0	3885.0	158.0	100.0		sequence_idcov	unanchored
TF-50	0	OC(=O)CCCC([O-])=O	OC(=O)CCCC([O-])=O	responder_cluster_50_00911	1879.0	1991.0	287.0	1857.0	0.0	sequence_idcov	[0.0,0.2)
TF-50	0	OC[C@H]1O[C@H](O[C@@H]2[C@@H](CO)O[C@@H](O)[C@H](O)[C@H]2O)[C@H](O)[C@@H](O)[C@@H]1O	OC[C@H]1O[C@H](O[C@@H]2[C@@H](CO)O[C@@H](O)[C@H](O)[C@H]2O)[C@H](O)[C@@H](O)[C@@H]1O	responder_cluster_50_01060	3453.0	2686.0	3500.0	3453.0		sequence_idcov	unanchored
TF-50	0	OCl	OCl	responder_cluster_50_01456	5328.0	4981.0	5390.0	5328.0		sequence_idcov	unanchored
TF-50	0	OO	OO	responder_cluster_50_00197	8.0	590.0	2125.0	8.0	0.330951724137931	sequence_idcov	[0.2,0.4)
TF-50	0	[C@@H]([C@H](C(=O)[O-])O)(C(=O)[O-])O	[C@@H]([C@H](C(=O)[O-])O)(C(=O)[O-])O	responder_cluster_50_01101;responder_cluster_50_01691	91.0	2522.0	89.0	89.0	0.0	sequence_idcov	[0.0,0.2)
TF-50	0	[C@@H]1([C@H]([C@H](O[C@@H]([C@@H]1O)O)C(=O)[O-])O)O	[C@@H]1([C@H]([C@H](O[C@@H]([C@@H]1O)O)C(=O)[O-])O)O	responder_cluster_50_01009	2187.0	2266.0	117.0	2162.0	0.0	sequence_idcov	[0.0,0.2)
TF-50	0	[Hg+2]	[Hg+2]	responder_cluster_50_01785	551.0	4973.0	689.0	551.0		sequence_idcov	unanchored
TF-50	0	[O-]C(=O)C(=O)c1ccccc1	[O-]C(=O)C(=O)c1ccccc1	responder_cluster_50_01645	79.0	4400.0	140.0	78.0		sequence_idcov	unanchored
TF-50	0	[O-]C(=O)\C=C/C=C(/Cl)C([O-])=O	[O-]C(=O)\C=C/C=C(/Cl)C([O-])=O	responder_cluster_50_00149	1388.0	531.0	1527.0	1388.0		sequence_idcov	unanchored
TF-50	0	ion:Co2+	ion:Co2+	responder_cluster_50_01372	5017.0	5010.0	3884.0	5024.0	0.0	sequence_idcov	[0.0,0.2)
TF-50	0	ion:Co_unspecified	ion:Co_unspecified	responder_cluster_50_01372	5043.0	5011.0	6077.0	5049.0	0.0	sequence_idcov	[0.0,0.2)
TF-50	0	ion:Cu+	ion:Cu+	responder_cluster_50_00162	4628.0	4542.0	990.0	4618.0	0.0	sequence_idcov	[0.0,0.2)
TF-50	0	ion:Cu2+	ion:Cu2+	responder_cluster_50_01353;responder_cluster_50_01879	595.0	3146.0	595.0	595.0		sequence_idcov	unanchored
TF-50	0	ion:Cu_unspecified	ion:Cu_unspecified	responder_cluster_50_01353;responder_cluster_50_01879	3191.0	3145.0	1883.0	3190.0	0.0	sequence_idcov	[0.0,0.2)
TF-50	0	ion:Fe2+	ion:Fe2+	responder_cluster_50_00197;responder_cluster_50_00705	134.0	1892.0	1634.0	136.0	0.2702027027027027	sequence_idcov	[0.2,0.4)
TF-50	0	ion:Fe_unspecified	ion:Fe_unspecified	responder_cluster_50_00197	71.0	239.0	267.0	70.0	0.3156052631578947	sequence_idcov	[0.2,0.4)
TF-50	0	ion:Mn2+	ion:Mn2+	responder_cluster_50_01440	110.0	3436.0	418.0	109.0	0.2578193548387096	sequence_idcov	[0.2,0.4)
TF-50	0	ion:Mn_unspecified	ion:Mn_unspecified	responder_cluster_50_00197;responder_cluster_50_00705;responder_cluster_50_01440	111.0	239.0	270.0	114.0	0.2113907284768212	sequence_idcov	[0.2,0.4)
TF-50	0	ion:Ni2+	ion:Ni2+	responder_cluster_50_00614;responder_cluster_50_01372;responder_cluster_50_01572	2835.0	2822.0	81.0	2805.0	0.0	sequence_idcov	[0.0,0.2)
TF-50	0	ion:Ni_unspecified	ion:Ni_unspecified	responder_cluster_50_01372	5024.0	5008.0	6075.0	5030.0	0.0	sequence_idcov	[0.0,0.2)
TF-50	0	ion:Zn2+	ion:Zn2+	responder_cluster_50_00987;responder_cluster_50_01372	2077.0	1946.0	405.0	2060.0	0.0	sequence_idcov	[0.0,0.2)
TF-50	0	ion:Zn_unspecified	ion:Zn_unspecified	responder_cluster_50_01372	5059.0	5008.0	6075.0	5063.0	0.0	sequence_idcov	[0.0,0.2)
TF-50	0	ion:molybdate_or_molybdenum_unspecified	ion:molybdate_or_molybdenum_unspecified	responder_cluster_50_00229	10.0	277.0	235.0	11.0	0.3239777777777777	sequence_idcov	[0.2,0.4)
TF-50	1	C(C(=O)O)C(=O)O	C(C(=O)O)C(=O)O	responder_cluster_50_00981	2184.0	2180.0	728.0	2172.0	0.0	sequence_idcov	[0.0,0.2)
TF-50	1	C(C(=O)O)P(=O)(O)O	C(C(=O)O)P(=O)(O)O	responder_cluster_50_01317	523.0	3181.0	575.0	520.0		sequence_idcov	unanchored
TF-50	1	C(C(=O)[C@H]([C@@H]([C@H](C(=O)[O-])O)O)O)O	C(C(=O)[C@H]([C@@H]([C@H](C(=O)[O-])O)O)O)O	responder_cluster_50_00496	706.0	3193.0	788.0	694.0		sequence_idcov	unanchored
TF-50	1	C(C(C(C(C(=O)C(=O)O)O)O)O)O	C(C(C(C(C(=O)C(=O)O)O)O)O)O	responder_cluster_50_00900	1823.0	2426.0	1932.0	1823.0		sequence_idcov	unanchored
TF-50	1	C(C1C(C(C(C(O1)O)O)OC2C(C(C(C(O2)CO)O)O)O)O)O	C(C1C(C(C(C(O1)O)O)OC2C(C(C(C(O2)CO)O)O)O)O)O	responder_cluster_50_01671	646.0	4489.0	672.0	646.0		sequence_idcov	unanchored
TF-50	1	C(CC(=O)O)C(=O)C(=O)O	C(CC(=O)O)C(=O)C(=O)O	responder_cluster_50_01310	4857.0	3153.0	4847.0	4857.0		sequence_idcov	unanchored
TF-50	1	C(CC(=O)O)CN=C(N)N	C(CC(=O)O)CN=C(N)N	responder_cluster_50_00617	87.0	1289.0	128.0	85.0		sequence_idcov	unanchored
TF-50	1	C(CCN=C(N)N)CN	C(CCN=C(N)N)CN	responder_cluster_50_01094	44.0	2479.0	65.0	29.0		sequence_idcov	unanchored
TF-50	1	C(CO)C(=O)O	C(CO)C(=O)O	responder_cluster_50_01679	4357.0	4534.0	134.0	4323.0	0.0	sequence_idcov	[0.0,0.2)
TF-50	1	C(C[C@@H](C(=O)O)N)CN=C(N)N	C(C[C@@H](C(=O)O)N)CN=C(N)N	responder_cluster_50_00118	4245.0	4399.0	3603.0	4245.0	0.0	sequence_idcov	[0.0,0.2)
TF-50	1	C([C@@H]1[C@@H]([C@@H]([C@H](C(O1)O)O)O)O)O	C([C@@H]1[C@@H]([C@@H]([C@H](C(O1)O)O)O)O)O	responder_cluster_50_00147	595.0	3130.0	1196.0	597.0	0.2234344023323615	sequence_idcov	[0.2,0.4)
TF-50	1	C([C@@H]1[C@H]([C@@H]([C@@H](C(O1)O)O)O)O)O	C([C@@H]1[C@H]([C@@H]([C@@H](C(O1)O)O)O)O)O	responder_cluster_50_01039	41.0	5134.0	10.0	32.0	0.2294761904761904	sequence_idcov	[0.2,0.4)
TF-50	1	C([C@@H]1[C@H]([C@@H]([C@H]([C@@H](O1)O[C@@H]2[C@H](OC([C@@H]([C@H]2O)N)O)CO)N)O)O)O.Cl	C([C@@H]1[C@H]([C@@H]([C@H]([C@@H](O1)O[C@@H]2[C@H](OC([C@@H]([C@H]2O)N)O)CO)N)O)O)O.Cl	responder_cluster_50_01922	5379.0	5562.0	45.0	5339.0	0.0	sequence_idcov	[0.0,0.2)
TF-50	1	C([C@@H]1[C@H]([C@@H]([C@H]([C@H](O1)O[C@@H]2[C@H](OC([C@@H]([C@H]2O)O)O)CO)O)O)O)O	C([C@@H]1[C@H]([C@@H]([C@H]([C@H](O1)O[C@@H]2[C@H](OC([C@@H]([C@H]2O)O)O)CO)O)O)O)O	responder_cluster_50_01647	4345.0	4396.0	1184.0	4341.0	0.0	sequence_idcov	[0.0,0.2)
TF-50	1	C([C@@H]1[C@H]([C@H]([C@@H](O1)O)O)O)O	C([C@@H]1[C@H]([C@H]([C@@H](O1)O)O)O)O	responder_cluster_50_00268	5513.0	5647.0	904.0	5502.0	0.0	sequence_idcov	[0.0,0.2)
TF-50	1	C([C@H]([C@H](CO)O)O)O	C([C@H]([C@H](CO)O)O)O	responder_cluster_50_01795	338.0	5008.0	385.0	337.0		sequence_idcov	unanchored
TF-50	1	C([C@H]([C@H]([C@@H](C(=O)C(=O)O)O)O)O)O	C([C@H]([C@H]([C@@H](C(=O)C(=O)O)O)O)O)O	responder_cluster_50_00900	1327.0	2426.0	1466.0	1327.0		sequence_idcov	unanchored
TF-50	1	C([C@H]([C@H]([C@@H]([C@@H](CO)O)O)O)O)O	C([C@H]([C@H]([C@@H]([C@@H](CO)O)O)O)O)O	responder_cluster_50_01557	1401.0	4101.0	1483.0	1401.0		sequence_idcov	unanchored
TF-50	1	C([C@H]([C@H]([C@@H]([C@H](C(=O)O)O)O)O)O)OP(=O)(O)[O-]	C([C@H]([C@H]([C@@H]([C@H](C(=O)O)O)O)O)O)OP(=O)(O)[O-]	responder_cluster_50_00496	26.0	1800.0	44.0	24.0	0.3729096209912537	sequence_idcov	[0.2,0.4)
TF-50	1	C([C@H]([C@H]([C@@H]([C@H](C(=O)[O-])O)O)O)O)O	C([C@H]([C@H]([C@@H]([C@H](C(=O)[O-])O)O)O)O)O	responder_cluster_50_00035;responder_cluster_50_00496	28.0	1800.0	167.0	25.0	0.3729096209912537	sequence_idcov	[0.2,0.4)
TF-50	1	C([C@H]([C@H]([C@@H]([C@H](CO)O)O)O)O)O	C([C@H]([C@H]([C@@H]([C@H](CO)O)O)O)O)O	responder_cluster_50_01463;responder_cluster_50_01923	3504.0	3688.0	282.0	3469.0	0.0	sequence_idcov	[0.0,0.2)
TF-50	1	C1(=O)NC(=O)NC(=O)N1	C1(=O)NC(=O)NC(=O)N1	responder_cluster_50_01361	4298.0	3362.0	4344.0	4298.0		sequence_idcov	unanchored
TF-50	1	C1(C(C(C(C(C1O)O)O)O)O)O	C1(C(C(C(C(C1O)O)O)O)O)O	responder_cluster_50_00870	2466.0	3194.0	2545.0	2466.0		sequence_idcov	unanchored
TF-50	1	C1=C(C(=O)NC1=O)[C@H]2[C@@H]([C@@H]([C@H](O2)CO)O)O	C1=C(C(=O)NC1=O)[C@H]2[C@@H]([C@@H]([C@H](O2)CO)O)O	responder_cluster_50_01381	1181.0	3421.0	1370.0	1181.0		sequence_idcov	unanchored
TF-50	1	C1=CC(=C(C(=C1)O)C(=O)C2=CC(=C(N2)Cl)Cl)O	C1=CC(=C(C(=C1)O)C(=O)C2=CC(=C(N2)Cl)Cl)O	responder_cluster_50_01616	3.0	4283.0	225.0	3.0	0.3313856502242153	sequence_idcov	[0.2,0.4)
TF-50	1	C1=CC(=C(C=C1CC(=O)[O-])Cl)O	C1=CC(=C(C=C1CC(=O)[O-])Cl)O	responder_cluster_50_01508	2443.0	3895.0	2572.0	2443.0		sequence_idcov	unanchored
TF-50	1	C1=CC(=C(C=C1Cl)O)OC2=C(C=C(C=C2)Cl)Cl	C1=CC(=C(C=C1Cl)O)OC2=C(C=C(C=C2)Cl)Cl	responder_cluster_50_01808	24.0	5066.0	46.0	24.0	0.1413652968036529	sequence_idcov	[0.0,0.2)
TF-50	1	C1=CC(=C(C=C1O)C(=O)O)O	C1=CC(=C(C=C1O)C(=O)O)O	responder_cluster_50_00764	1.0	1609.0	10.0	1.0		sequence_idcov	unanchored
TF-50	1	C1=CC(=C(C=C1[N+](=O)[O-])[N+](=O)[O-])O	C1=CC(=C(C=C1[N+](=O)[O-])[N+](=O)[O-])O	responder_cluster_50_02056	6125.0	6303.0	141.0	6089.0	0.0	sequence_idcov	[0.0,0.2)
TF-50	1	C1=CC(=CC(=C1)Cl)O	C1=CC(=CC(=C1)Cl)O	responder_cluster_50_00466	132.0	5531.0	122.0	130.0		sequence_idcov	unanchored
TF-50	1	C1=CC(=CC(=C1)NC(=O)NC2=CC=CC(=C2)C(=N)N)C(=N)N	C1=CC(=CC(=C1)NC(=O)NC2=CC=CC(=C2)C(=N)N)C(=N)N	responder_cluster_50_01019	719.0	2293.0	852.0	719.0		sequence_idcov	unanchored
TF-50	1	C1=CC(=CC(=C1)O)CCC(=O)O	C1=CC(=CC(=C1)O)CCC(=O)O	responder_cluster_50_01170	31.0	2718.0	83.0	28.0		sequence_idcov	unanchored
TF-50	1	C1=CC(=CC(=C1)O)CCC(=O)[O-]	C1=CC(=CC(=C1)O)CCC(=O)[O-]	responder_cluster_50_01170	57.0	2718.0	120.0	54.0		sequence_idcov	unanchored
TF-50	1	C1=CC(=CC(=C1)[O-])C(=O)O	C1=CC(=CC(=C1)[O-])C(=O)O	responder_cluster_50_00764	19.0	1609.0	34.0	5.0		sequence_idcov	unanchored
TF-50	1	C1=CC(=CC2=NC3=C(C=CC(=C3)N)C=C21)N	C1=CC(=CC2=NC3=C(C=CC(=C3)N)C=C21)N	responder_cluster_50_01019	72.0	2291.0	882.0	72.0	0.1114790697674418	sequence_idcov	[0.0,0.2)
TF-50	1	C1=CC(=CC=C1C(=N)N)OCCCOC2=CC=C(C=C2)C(=N)N	C1=CC(=CC=C1C(=N)N)OCCCOC2=CC=C(C=C2)C(=N)N	responder_cluster_50_01019	409.0	2293.0	550.0	408.0		sequence_idcov	unanchored
TF-50	1	C1=CC(=CC=C1C(=O)[O-])C(=O)[O-]	C1=CC(=CC=C1C(=O)[O-])C(=O)[O-]	responder_cluster_50_01254	12.0	2991.0	32.0	2.0		sequence_idcov	unanchored
TF-50	1	C1=CC(=CC=C1C2=CC3=C(N2)C=C(C=C3)C(=N)N)C(=N)N	C1=CC(=CC=C1C2=CC3=C(N2)C=C(C=C3)C(=N)N)C(=N)N	responder_cluster_50_00508;responder_cluster_50_01019	632.0	1070.0	744.0	630.0		sequence_idcov	unanchored
TF-50	1	C1=CC(=CC=C1C2=CC=C(O2)C3=CC=C(C=C3)C(=N)N)C(=N)N	C1=CC(=CC=C1C2=CC=C(O2)C3=CC=C(C=C3)C(=N)N)C(=N)N	responder_cluster_50_01019	394.0	2293.0	532.0	393.0		sequence_idcov	unanchored
TF-50	1	C1=CC(=CC=C1C2=COC3=CC(=CC(=C3C2=O)O)O)O	C1=CC(=CC=C1C2=COC3=CC(=CC(=C3C2=O)O)O)O	responder_cluster_50_01837	6.0	5169.0	77.0	6.0	0.2523668122270742	sequence_idcov	[0.2,0.4)
TF-50	1	C1=CC(=CC=C1CCO)O	C1=CC(=CC=C1CCO)O	responder_cluster_50_01369	35.0	3383.0	45.0	16.0		sequence_idcov	unanchored
TF-50	1	C1=CC(=CC=C1CO)Cl	C1=CC(=CC=C1CO)Cl	responder_cluster_50_00466	245.0	6363.0	310.0	243.0		sequence_idcov	unanchored
TF-50	1	C1=CC(=CC=C1N/C(=N/C(=NCCCCCCN=C(/N=C(/NC2=CC=C(C=C2)Cl)\N)N)N)/N)Cl	C1=CC(=CC=C1N/C(=N/C(=NCCCCCCN=C(/N=C(/NC2=CC=C(C=C2)Cl)\N)N)N)/N)Cl	responder_cluster_50_01019	277.0	2293.0	321.0	276.0		sequence_idcov	unanchored
TF-50	1	C1=CC(=CC=C1O)Cl	C1=CC(=CC=C1O)Cl	responder_cluster_50_00466	132.0	5531.0	131.0	128.0		sequence_idcov	unanchored
TF-50	1	C1=CC(=C[N+](=C1)[C@H]2[C@@H]([C@@H]([C@H](O2)COP(=O)(O)OP(=O)([O-])OC[C@@H]3[C@H]([C@H]([C@@H](O3)N4C=NC5=C(N=CN=C54)N)O)O)O)O)C(=O)N	C1=CC(=C[N+](=C1)[C@H]2[C@@H]([C@@H]([C@H](O2)COP(=O)(O)OP(=O)([O-])OC[C@@H]3[C@H]([C@H]([C@@H](O3)N4C=NC5=C(N=CN=C54)N)O)O)O)O)C(=O)N	responder_cluster_50_00539	1845.0	3305.0	1930.0	1845.0		sequence_idcov	unanchored
TF-50	1	C1=CC=C(C(=C1)C(=O)O)[O-]	C1=CC=C(C(=C1)C(=O)O)[O-]	responder_cluster_50_01314;responder_cluster_50_01369	3010.0	3165.0	750.0	2996.0	0.0	sequence_idcov	[0.0,0.2)
TF-50	1	C1=CC=C(C(=C1)C(=O)[O-])C(=O)[O-]	C1=CC=C(C(=C1)C(=O)[O-])C(=O)[O-]	responder_cluster_50_01265	33.0	3023.0	64.0	20.0		sequence_idcov	unanchored
TF-50	1	C1=CC=C(C(=C1)O)Cl	C1=CC=C(C(=C1)O)Cl	responder_cluster_50_00466	146.0	5531.0	169.0	141.0		sequence_idcov	unanchored
TF-50	1	C1=CC=C(C(=C1)[N+](=O)[O-])O	C1=CC=C(C(=C1)[N+](=O)[O-])O	responder_cluster_50_00466	321.0	5531.0	429.0	319.0		sequence_idcov	unanchored
TF-50	1	C1=CC=C(C=C1)C(O)Cl	C1=CC=C(C=C1)C(O)Cl	responder_cluster_50_00466	149.0	6363.0	214.0	143.0		sequence_idcov	unanchored
TF-50	1	C1=CC=C(C=C1)C2=NNC(=N2)C3=CC=C(C=C3)F	C1=CC=C(C=C1)C2=NNC(=N2)C3=CC=C(C=C3)F	responder_cluster_50_01991	28.0	5936.0	83.0	19.0		sequence_idcov	unanchored
TF-50	1	C1=CC=C(C=C1)CO	C1=CC=C(C=C1)CO	responder_cluster_50_00466	33.0	6363.0	54.0	19.0		sequence_idcov	unanchored
TF-50	1	C1=CC=C(C=C1)O	C1=CC=C(C=C1)O	responder_cluster_50_00466	30.0	5233.0	18.0	4.0		sequence_idcov	unanchored
TF-50	1	C1=CC=C(C=C1)[As+](C2=CC=CC=C2)(C3=CC=CC=C3)C4=CC=CC=C4	C1=CC=C(C=C1)[As+](C2=CC=CC=C2)(C3=CC=CC=C3)C4=CC=CC=C4	responder_cluster_50_01019	1427.0	2293.0	1551.0	1419.0		sequence_idcov	unanchored
TF-50	1	C1=CC=C2C(=C1)C(=CN2)CC(=O)O	C1=CC=C2C(=C1)C(=CN2)CC(=O)O	responder_cluster_50_01369	3204.0	3382.0	1855.0	3204.0	0.0	sequence_idcov	[0.0,0.2)
TF-50	1	C1=CC=C2C(=C1)C(=CN2)CCO	C1=CC=C2C(=C1)C(=CN2)CCO	responder_cluster_50_01369	631.0	3383.0	785.0	631.0		sequence_idcov	unanchored
TF-50	1	C1=CN(C(=O)N=C1N)[C@H]2[C@@H]([C@@H]([C@H](O2)CO)O)O	C1=CN(C(=O)N=C1N)[C@H]2[C@@H]([C@@H]([C@H](O2)CO)O)O	responder_cluster_50_01836	2741.0	5169.0	2876.0	2741.0		sequence_idcov	unanchored
TF-50	1	C1=NC(=C2C(=N1)N(C=N2)[C@H]3[C@@H]([C@@H]([C@H](O3)COP(=O)(O)OP(=O)(O)OC[C@@H]4[C@H]([C@H]([C@@H](O4)O)O)O)O)O)N	C1=NC(=C2C(=N1)N(C=N2)[C@H]3[C@@H]([C@@H]([C@H](O3)COP(=O)(O)OP(=O)(O)OC[C@@H]4[C@H]([C@H]([C@@H](O4)O)O)O)O)O)N	responder_cluster_50_01518	968.0	5448.0	1001.0	968.0		sequence_idcov	unanchored
TF-50	1	C1=NC2=C(N1)C(=O)NC(=N2)N	C1=NC2=C(N1)C(=O)NC(=N2)N	responder_cluster_50_00268	4085.0	3622.0	4175.0	4085.0		sequence_idcov	unanchored
TF-50	1	C1=NC2=C(N1)C(=O)NC=N2	C1=NC2=C(N1)C(=O)NC=N2	responder_cluster_50_00268	3911.0	3622.0	3951.0	3911.0		sequence_idcov	unanchored
TF-50	1	C1C(C(C(C(=O)O1)O)O)O	C1C(C(C(C(=O)O1)O)O)O	responder_cluster_50_00035	446.0	5495.0	473.0	446.0		sequence_idcov	unanchored
TF-50	1	C1C=CN(C=C1C(=O)N)[C@H]2[C@@H]([C@@H]([C@H](O2)COP(=O)(O)OP(=O)(O)OC[C@@H]3[C@H]([C@H]([C@@H](O3)N4C=NC5=C(N=CN=C54)N)O)O)O)O	C1C=CN(C=C1C(=O)N)[C@H]2[C@@H]([C@@H]([C@H](O2)COP(=O)(O)OP(=O)(O)OC[C@@H]3[C@H]([C@H]([C@@H](O3)N4C=NC5=C(N=CN=C54)N)O)O)O)O	responder_cluster_50_00539	3148.0	3304.0	2453.0	3154.0	0.0	sequence_idcov	[0.0,0.2)
TF-50	1	C1CCC(C1)CNC(=O)N2CCCC2	C1CCC(C1)CNC(=O)N2CCCC2	responder_cluster_50_01991	548.0	5936.0	654.0	546.0		sequence_idcov	unanchored
TF-50	1	C1CN(CCC1C2=NC(=NO2)C3=CC=CS3)C(=O)CC#N	C1CN(CCC1C2=NC(=NO2)C3=CC=CS3)C(=O)CC#N	responder_cluster_50_01991	41.0	5936.0	151.0	41.0		sequence_idcov	unanchored
TF-50	1	C1C[C@H](NC1)C(=O)O	C1C[C@H](NC1)C(=O)O	responder_cluster_50_00359;responder_cluster_50_01270;responder_cluster_50_01499	576.0	806.0	671.0	576.0		sequence_idcov	unanchored
TF-50	1	C=CC(=O)[O-]	C=CC(=O)[O-]	responder_cluster_50_01970	227.0	5804.0	338.0	227.0		sequence_idcov	unanchored
TF-50	1	CC(=C)CCOP(=O)(O)OP(=O)(O)O	CC(=C)CCOP(=O)(O)OP(=O)(O)O	responder_cluster_50_00891	943.0	1939.0	1109.0	943.0		sequence_idcov	unanchored
TF-50	1	CC(=CCC/C(=C/CC/C(=C/CC/C(=C/COP(=O)(O)OP(=O)(O)O)/C)/C)/C)C	CC(=CCC/C(=C/CC/C(=C/CC/C(=C/COP(=O)(O)OP(=O)(O)O)/C)/C)/C)C	responder_cluster_50_00891	609.0	1939.0	661.0	609.0		sequence_idcov	unanchored
TF-50	1	CC(=O)C1=C(C(=C(C=C1O)O)C(=O)C)O	CC(=O)C1=C(C(=C(C=C1O)O)C(=O)C)O	responder_cluster_50_01616	4103.0	4284.0	373.0	4101.0	0.0	sequence_idcov	[0.0,0.2)
TF-50	1	CC(=O)C1=C(C=C(C=C1O)O)O	CC(=O)C1=C(C=C(C=C1O)O)O	responder_cluster_50_01616	288.0	4285.0	401.0	281.0		sequence_idcov	unanchored
TF-50	1	CC(=O)NC1C(C(C(OC1O)COP(=O)(O)O)O)O	CC(=O)NC1C(C(C(OC1O)COP(=O)(O)O)O)O	responder_cluster_50_00182	4536.0	4699.0	284.0	4505.0	0.0	sequence_idcov	[0.0,0.2)
TF-50	1	CC(=O)N[C@@H]1[C@H](CC(O[C@H]1[C@@H]([C@@H](CO)O)O)(C(=O)O)O)O	CC(=O)N[C@@H]1[C@H](CC(O[C@H]1[C@@H]([C@@H](CO)O)O)(C(=O)O)O)O	responder_cluster_50_01767	262.0	6112.0	288.0	259.0		sequence_idcov	unanchored
TF-50	1	CC(=O)N[C@@H]1[C@H]([C@@H]([C@H](O[C@H]1O[C@@H]2[C@H](OC([C@@H]([C@H]2O)NC(=O)C)O)CO)CO)O)O	CC(=O)N[C@@H]1[C@H]([C@@H]([C@H](O[C@H]1O[C@@H]2[C@H](OC([C@@H]([C@H]2O)NC(=O)C)O)CO)CO)O)O	responder_cluster_50_01922	86.0	5563.0	73.0	84.0		sequence_idcov	unanchored
TF-50	1	CC(=O)OC[C@@H](C(=O)O)N	CC(=O)OC[C@@H](C(=O)O)N	responder_cluster_50_00166	605.0	711.0	952.0	605.0	0.0	sequence_idcov	[0.0,0.2)
TF-50	1	CC(C(=O)O)P(=O)(O)O	CC(C(=O)O)P(=O)(O)O	responder_cluster_50_01317	865.0	3181.0	915.0	863.0		sequence_idcov	unanchored
TF-50	1	CC(C(=O)[O-])OC1C(C(OC(C1O)COP(=O)([O-])[O-])O)NC(=O)C	CC(C(=O)[O-])OC1C(C(OC(C1O)COP(=O)([O-])[O-])O)NC(=O)C	responder_cluster_50_00182	922.0	4700.0	1020.0	920.0		sequence_idcov	unanchored
TF-50	1	CC(C(C(C(=O)COP(=O)(O)O)O)O)O	CC(C(C(C(=O)COP(=O)(O)O)O)O)O	responder_cluster_50_00500	20.0	1050.0	16.0	13.0		sequence_idcov	unanchored
TF-50	1	CC(C)(COP(=O)(O)OP(=O)(O)OC[C@@H]1[C@H]([C@H]([C@@H](O1)N2C=NC3=C(N=CN=C32)N)O)OP(=O)(O)O)[C@H](C(=O)NCCC(=O)NCCSC(=O)C4=CC(=CC=C4)O)O	CC(C)(COP(=O)(O)OP(=O)(O)OC[C@@H]1[C@H]([C@H]([C@@H](O1)N2C=NC3=C(N=CN=C32)N)O)OP(=O)(O)O)[C@H](C(=O)NCCC(=O)NCCSC(=O)C4=CC(=CC=C4)O)O	responder_cluster_50_00669	465.0	1418.0	577.0	465.0		sequence_idcov	unanchored
TF-50	1	CC(C)(COP(=O)(O)OP(=O)(O)OC[C@@H]1[C@H]([C@H]([C@@H](O1)N2C=NC3=C(N=CN=C32)N)O)OP(=O)(O)O)[C@H](C(=O)NCCC(=O)NCCSC(=O)C4=CC=C(C=C4)Cl)O	CC(C)(COP(=O)(O)OP(=O)(O)OC[C@@H]1[C@H]([C@H]([C@@H](O1)N2C=NC3=C(N=CN=C32)N)O)OP(=O)(O)O)[C@H](C(=O)NCCC(=O)NCCSC(=O)C4=CC=C(C=C4)Cl)O	responder_cluster_50_02057	132.0	6313.0	181.0	130.0		sequence_idcov	unanchored
TF-50	1	CC(C)(COP(=O)(O)OP(=O)(O)OC[C@@H]1[C@H]([C@H]([C@@H](O1)N2C=NC3=C(N=CN=C32)N)O)OP(=O)(O)O)[C@H](C(=O)NCCC(=O)NCCSC(=O)C4=CC=CC=C4)O	CC(C)(COP(=O)(O)OP(=O)(O)OC[C@@H]1[C@H]([C@H]([C@@H](O1)N2C=NC3=C(N=CN=C32)N)O)OP(=O)(O)O)[C@H](C(=O)NCCC(=O)NCCSC(=O)C4=CC=CC=C4)O	responder_cluster_50_00764	38.0	1609.0	43.0	7.0		sequence_idcov	unanchored
TF-50	1	CC(C)[C@@H](C(=O)O)N	CC(C)[C@@H](C(=O)O)N	responder_cluster_50_01270	10.0	3441.0	4.0	6.0	0.3017391304347826	sequence_idcov	[0.2,0.4)
TF-50	1	CC(C)[C@@](CC(=O)O)(C(=O)O)O	CC(C)[C@@](CC(=O)O)(C(=O)O)O	responder_cluster_50_00091	3557.0	3951.0	3632.0	3557.0		sequence_idcov	unanchored
TF-50	1	CC(C1CCC(C(O1)OC2C(CC(C(C2O)OC3C(C(C(CO3)(C)O)NC)O)N)N)N)NC	CC(C1CCC(C(O1)OC2C(CC(C(C2O)OC3C(C(C(CO3)(C)O)NC)O)N)N)N)NC	responder_cluster_50_00670	429.0	1421.0	488.0	428.0		sequence_idcov	unanchored
TF-50	1	CC1=C(C(=CC=C1)C)O	CC1=C(C(=CC=C1)C)O	responder_cluster_50_00466	44.0	5531.0	50.0	40.0		sequence_idcov	unanchored
TF-50	1	CC1=C(C(=CC=C1)O)C	CC1=C(C(=CC=C1)O)C	responder_cluster_50_00466	32.0	993.0	25.0	11.0		sequence_idcov	unanchored
TF-50	1	CC1=C(C(=CC=C1)O)O	CC1=C(C(=CC=C1)O)O	responder_cluster_50_00466	2.0	5530.0	27.0	2.0	0.3757631578947368	sequence_idcov	[0.2,0.4)
TF-50	1	CC1=C(C=C(C=C1)O)C	CC1=C(C=C(C=C1)O)C	responder_cluster_50_00466	50.0	993.0	30.0	39.0		sequence_idcov	unanchored
TF-50	1	CC1=CC(=C(C=C1)C)O	CC1=CC(=C(C=C1)C)O	responder_cluster_50_00466	105.0	993.0	123.0	95.0		sequence_idcov	unanchored
TF-50	1	CC1=CC(=C(C=C1)O)C	CC1=CC(=C(C=C1)O)C	responder_cluster_50_00466	147.0	993.0	173.0	147.0		sequence_idcov	unanchored
TF-50	1	CC1=CC(=CC=C1)C(=O)SCCNC(=O)CCNC(=O)[C@@H](C(C)(C)COP(=O)([O-])OP(=O)([O-])OC[C@@H]2[C@H]([C@H]([C@@H](O2)N3C=NC4=C(N=CN=C43)N)O)OP(=O)([O-])[O-])O	CC1=CC(=CC=C1)C(=O)SCCNC(=O)CCNC(=O)[C@@H](C(C)(C)COP(=O)([O-])OP(=O)([O-])OC[C@@H]2[C@H]([C@H]([C@@H](O2)N3C=NC4=C(N=CN=C43)N)O)OP(=O)([O-])[O-])O	responder_cluster_50_01957	69.0	5748.0	95.0	45.0		sequence_idcov	unanchored
TF-50	1	CC1=CC(=CC=C1)CO	CC1=CC(=CC=C1)CO	responder_cluster_50_00466	1.0	6362.0	83.0	1.0	0.1024028268551236	sequence_idcov	[0.0,0.2)
TF-50	1	CC1=CC(=CC=C1)O	CC1=CC(=CC=C1)O	responder_cluster_50_00466	31.0	993.0	22.0	6.0		sequence_idcov	unanchored
TF-50	1	CC1=CC=C(C=C1)O	CC1=CC=C(C=C1)O	responder_cluster_50_00466	43.0	993.0	25.0	9.0		sequence_idcov	unanchored
TF-50	1	CC1=CC=CC=C1O	CC1=CC=CC=C1O	responder_cluster_50_00466	25.0	993.0	13.0	3.0		sequence_idcov	unanchored
TF-50	1	CC1=[N+](C2=CC=CC=C2C(=C1)N)CCCCCCCCCC[N+]3=C(C=C(C4=CC=CC=C43)N)C	CC1=[N+](C2=CC=CC=C2C(=C1)N)CCCCCCCCCC[N+]3=C(C=C(C4=CC=CC=C43)N)C	responder_cluster_50_01019	2128.0	2292.0	752.0	2113.0	0.0	sequence_idcov	[0.0,0.2)
TF-50	1	CC1CCC2=C1C=CC3=C2C=CC4=C3C=CC(=C4)OC	CC1CCC2=C1C=CC3=C2C=CC4=C3C=CC(=C4)OC	responder_cluster_50_00606	3042.0	1263.0	3149.0	3042.0		sequence_idcov	unanchored
TF-50	1	CCC(C)C1C(=O)OC2N1C3=C(C4=C2C=C(C=C4O)C)C(=O)C5=C(C3=O)C(=CC=C5)OC6CC(C(C(O6)C)O)O	CCC(C)C1C(=O)OC2N1C3=C(C4=C2C=C(C=C4O)C)C(=O)C5=C(C3=O)C(=CC=C5)OC6CC(C(C(O6)C)O)O	responder_cluster_50_00015	6.0	385.0	28.0	4.0		sequence_idcov	unanchored
TF-50	1	CCC1=CC(=CC=C1)O	CCC1=CC(=CC=C1)O	responder_cluster_50_00466	5351.0	5530.0	69.0	5351.0	0.0	sequence_idcov	[0.0,0.2)
TF-50	1	CCC1=CC=C(C=C1)O	CCC1=CC=C(C=C1)O	responder_cluster_50_00466	30.0	5531.0	34.0	11.0		sequence_idcov	unanchored
TF-50	1	CCC1=CC=CC=C1O	CCC1=CC=CC=C1O	responder_cluster_50_00466	10.0	5531.0	24.0	5.0		sequence_idcov	unanchored
TF-50	1	CCCC(=O)CC(=O)NC1CCOC1=O	CCCC(=O)CC(=O)NC1CCOC1=O	responder_cluster_50_00120	8.0	502.0	7.0	5.0	0.217344	sequence_idcov	[0.2,0.4)
TF-50	1	CCCC(=O)CC(=O)N[C@H]1CCOC1=O	CCCC(=O)CC(=O)N[C@H]1CCOC1=O	responder_cluster_50_00120	4.0	6448.0	10.0	4.0	0.3421767068273092	sequence_idcov	[0.2,0.4)
TF-50	1	CCCC(=O)OCCC1=CC=CC=C1	CCCC(=O)OCCC1=CC=CC=C1	responder_cluster_50_01991	112.0	5936.0	199.0	110.0		sequence_idcov	unanchored
TF-50	1	CCCC(CC(=O)NC1CCOC1=O)O	CCCC(CC(=O)NC1CCOC1=O)O	responder_cluster_50_01562	9.0	4120.0	5.0	3.0		sequence_idcov	unanchored
TF-50	1	CCCCCC(=O)CC(=O)N[C@H]1CCOC1=O	CCCCCC(=O)CC(=O)N[C@H]1CCOC1=O	responder_cluster_50_00741	16.0	1561.0	15.0	8.0		sequence_idcov	unanchored
TF-50	1	CCCCCC/C=C\CCCCCCCC(=O)O	CCCCCC/C=C\CCCCCCCC(=O)O	responder_cluster_50_01921	765.0	5561.0	914.0	765.0		sequence_idcov	unanchored
TF-50	1	CCCCCCCC/C=C\CCCCCCCC(=O)O	CCCCCCCC/C=C\CCCCCCCC(=O)O	responder_cluster_50_00464;responder_cluster_50_01921	187.0	3876.0	270.0	187.0		sequence_idcov	unanchored
TF-50	1	CCCCCCCCCC(=O)CC(=O)NC1CCOC1=O	CCCCCCCCCC(=O)CC(=O)NC1CCOC1=O	responder_cluster_50_02004	2.0	6012.0	2.0	1.0	0.2866192468619247	sequence_idcov	[0.2,0.4)
TF-50	1	CCCCCCCCCC(=O)CC(=O)N[C@H]1CCOC1=O	CCCCCCCCCC(=O)CC(=O)N[C@H]1CCOC1=O	responder_cluster_50_02004	2.0	6012.0	3.0	1.0	0.2866192468619247	sequence_idcov	[0.2,0.4)
TF-50	1	CCCCCCCCCCCC(=O)O	CCCCCCCCCCCC(=O)O	responder_cluster_50_00464	229.0	3876.0	308.0	228.0		sequence_idcov	unanchored
TF-50	1	CCCCCCCCCCCC(=O)SCCNC(=O)CCNC(=O)[C@@H](C(C)(C)COP(=O)([O-])OP(=O)([O-])OC[C@@H]1[C@H]([C@H]([C@@H](O1)N2C=NC3=C(N=CN=C32)N)O)OP(=O)([O-])[O-])O	CCCCCCCCCCCC(=O)SCCNC(=O)CCNC(=O)[C@@H](C(C)(C)COP(=O)([O-])OP(=O)([O-])OC[C@@H]1[C@H]([C@H]([C@@H](O1)N2C=NC3=C(N=CN=C32)N)O)OP(=O)([O-])[O-])O	responder_cluster_50_01911	590.0	5476.0	718.0	590.0		sequence_idcov	unanchored
TF-50	1	CCCCCCCCCCCCCC(=O)O	CCCCCCCCCCCCCC(=O)O	responder_cluster_50_00464	226.0	3876.0	296.0	225.0		sequence_idcov	unanchored
TF-50	1	CCCCCCCCCCCCCCCC(=O)O	CCCCCCCCCCCCCCCC(=O)O	responder_cluster_50_00464;responder_cluster_50_01205	2672.0	2823.0	137.0	2646.0	0.0	sequence_idcov	[0.0,0.2)
TF-50	1	CCCCCCCCCCCCCCCCCCCC(=O)SCCNC(=O)CCNC(=O)[C@@H](C(C)(C)COP(=O)(O)OP(=O)(O)OC[C@@H]1[C@H]([C@H]([C@@H](O1)N2C=NC3=C(N=CN=C32)N)O)OP(=O)(O)O)O	CCCCCCCCCCCCCCCCCCCC(=O)SCCNC(=O)CCNC(=O)[C@@H](C(C)(C)COP(=O)(O)OP(=O)(O)OC[C@@H]1[C@H]([C@H]([C@@H](O1)N2C=NC3=C(N=CN=C32)N)O)OP(=O)(O)O)O	responder_cluster_50_01249	91.0	2971.0	97.0	88.0		sequence_idcov	unanchored
TF-50	1	CCCCCCCCCCCCCCCCCCCCCC(=O)SCCNC(=O)CCNC(=O)[C@@H](C(C)(C)COP(=O)(O)OP(=O)(O)OC[C@@H]1[C@H]([C@H]([C@@H](O1)N2C=NC3=C(N=CN=C32)N)O)OP(=O)(O)O)O	CCCCCCCCCCCCCCCCCCCCCC(=O)SCCNC(=O)CCNC(=O)[C@@H](C(C)(C)COP(=O)(O)OP(=O)(O)OC[C@@H]1[C@H]([C@H]([C@@H](O1)N2C=NC3=C(N=CN=C32)N)O)OP(=O)(O)O)O	responder_cluster_50_01249	145.0	2971.0	180.0	145.0		sequence_idcov	unanchored
TF-50	1	CCCN\1C2=CC=CC=C2O/C1=C\C=C\C3=[N+](C4=CC=CC=C4O3)CCC.[I-]	CCCN\1C2=CC=CC=C2O/C1=C\C=C\C3=[N+](C4=CC=CC=C4O3)CCC.[I-]	responder_cluster_50_01019	249.0	2293.0	395.0	249.0		sequence_idcov	unanchored
TF-50	1	CCN1C(=O)C=CC1=O	CCN1C(=O)C=CC1=O	responder_cluster_50_01381	7.0	3420.0	39.0	7.0	0.4115879396984924	sequence_idcov	[0.4,0.5)
TF-50	1	CCNC1=CC2=C(C=C1C)C(=C3C=C(C(=[NH+]CC)C=C3O2)C)C4=CC=CC=C4C(=O)OCC	CCNC1=CC2=C(C=C1C)C(=C3C=C(C(=[NH+]CC)C=C3O2)C)C4=CC=CC=C4C(=O)OCC	responder_cluster_50_00508	924.0	1069.0	967.0	919.0	0.0	sequence_idcov	[0.0,0.2)
TF-50	1	CCNC1=CC2=C(C=C1C)C(=C3C=C(C(=[NH+]CC)C=C3O2)C)C4=CC=CC=C4C(=O)OCC.[Cl-]	CCNC1=CC2=C(C=C1C)C(=C3C=C(C(=[NH+]CC)C=C3O2)C)C4=CC=CC=C4C(=O)OCC.[Cl-]	responder_cluster_50_01019	70.0	2291.0	561.0	70.0	0.1114790697674418	sequence_idcov	[0.0,0.2)
TF-50	1	CC[C@H](C)[C@H]1C(=O)O[C@@H]2N1C3=C(C4=C2C=C(C=C4O)C)C(=O)C5=C(C3=O)C(=CC=C5)O	CC[C@H](C)[C@H]1C(=O)O[C@@H]2N1C3=C(C4=C2C=C(C=C4O)C)C(=O)C5=C(C3=O)C(=CC=C5)O	responder_cluster_50_00015	2988.0	3173.0	24.0	2983.0	0.0	sequence_idcov	[0.0,0.2)
TF-50	1	CC[C@](C)(C(=O)CCCCC1C=CC(=O)O1)O	CC[C@](C)(C(=O)CCCCC1C=CC(=O)O1)O	responder_cluster_50_00015	5.0	385.0	20.0	4.0		sequence_idcov	unanchored
TF-50	1	CC[N+]1=C2C=C(C=CC2=C3C=CC(=CC3=C1C4=CC=CC=C4)N)N	CC[N+]1=C2C=C(C=CC2=C3C=CC(=CC3=C1C4=CC=CC=C4)N)N	responder_cluster_50_00508;responder_cluster_50_00749	1018.0	1065.0	154.0	1001.0	0.0	sequence_idcov	[0.0,0.2)
TF-50	1	CC[N+]1=C2C=C(C=CC2=C3C=CC(=CC3=C1C4=CC=CC=C4)N)N.[Br-]	CC[N+]1=C2C=C(C=CC2=C3C=CC(=CC3=C1C4=CC=CC=C4)N)N.[Br-]	responder_cluster_50_01019	72.0	2291.0	743.0	74.0	0.1114790697674418	sequence_idcov	[0.0,0.2)
TF-50	1	CN(C)C1=CC2=C(C=C1)C=C3C=CC(=[N+](C)C)C=C3O2.[Cl-]	CN(C)C1=CC2=C(C=C1)C=C3C=CC(=[N+](C)C)C=C3O2.[Cl-]	responder_cluster_50_01019	2125.0	2292.0	652.0	2125.0	0.0	sequence_idcov	[0.0,0.2)
TF-50	1	CN(C)C1=CC=C(C=C1)C(=C2C=CC(=[N+](C)C)C=C2)C3=CC=C(C=C3)N(C)C.[Cl-]	CN(C)C1=CC=C(C=C1)C(=C2C=CC(=[N+](C)C)C=C2)C3=CC=C(C=C3)N(C)C.[Cl-]	responder_cluster_50_01019	2154.0	2290.0	647.0	2154.0	0.0	sequence_idcov	[0.0,0.2)
TF-50	1	CN(C)C1=CC=C(C=C1)C(=C2C=CC(=[N+](C)C)C=C2)C3=CC=C(C=C3)[N+](C)(C)C.[Cl-].[Cl-]	CN(C)C1=CC=C(C=C1)C(=C2C=CC(=[N+](C)C)C=C2)C3=CC=C(C=C3)[N+](C)(C)C.[Cl-].[Cl-]	responder_cluster_50_01019	443.0	2293.0	548.0	443.0		sequence_idcov	unanchored
TF-50	1	CN(C)C1=CC=C(C=C1)C(=C2C=CC(=[N+](C)C)C=C2)C3=CC=CC=C3.[Cl-]	CN(C)C1=CC=C(C=C1)C(=C2C=CC(=[N+](C)C)C=C2)C3=CC=CC=C3.[Cl-]	responder_cluster_50_01019	2125.0	2292.0	678.0	2125.0	0.0	sequence_idcov	[0.0,0.2)
TF-50	1	COC1=C(C2=C[N+]3=C(C=C2C=C1)C4=CC(=C(C=C4CC3)OC)OC)OC	COC1=C(C2=C[N+]3=C(C=C2C=C1)C4=CC(=C(C=C4CC3)OC)OC)OC	responder_cluster_50_01019	423.0	2293.0	567.0	423.0		sequence_idcov	unanchored
TF-50	1	COC1=C(C2=C[N+]3=C(C=C2C=C1)C4=CC5=C(C=C4CC3)OCO5)OC	COC1=C(C2=C[N+]3=C(C=C2C=C1)C4=CC5=C(C=C4CC3)OCO5)OC	responder_cluster_50_01019	2127.0	2292.0	575.0	2103.0	0.0	sequence_idcov	[0.0,0.2)
TF-50	1	COC1=C(C=C(C=C1)CC2C3=CC(=C(C=C3CCN2)OC)OC)OC	COC1=C(C=C(C=C1)CC2C3=CC(=C(C=C3CCN2)OC)OC)OC	responder_cluster_50_01810	45.0	5069.0	111.0	44.0		sequence_idcov	unanchored
TF-50	1	COC1=C(C=CC(=C1)C=O)O	COC1=C(C=CC(=C1)C=O)O	responder_cluster_50_01369	147.0	3383.0	215.0	147.0		sequence_idcov	unanchored
TF-50	1	C[C@@H]1CCC2(C(CC([C@H](O2)C(C)C(=O)C3=CC=CN3)C)C)O[C@@H]1CC4=NC5=C(C=CC=C5O4)C(=O)O	C[C@@H]1CCC2(C(CC([C@H](O2)C(C)C(=O)C3=CC=CN3)C)C)O[C@@H]1CC4=NC5=C(C=CC=C5O4)C(=O)O	responder_cluster_50_01054	1.0	2383.0	14.0	1.0		sequence_idcov	unanchored
TF-50	1	C[C@@H]1CC[C@]2([C@@H](C[C@H]([C@H](O2)[C@H](C)C(=O)C3=CC=CN3)C)C)O[C@@H]1CC4=NC5=C(O4)C=CC(=C5C(=O)O)NC	C[C@@H]1CC[C@]2([C@@H](C[C@H]([C@H](O2)[C@H](C)C(=O)C3=CC=CN3)C)C)O[C@@H]1CC4=NC5=C(O4)C=CC(=C5C(=O)O)NC	responder_cluster_50_01054	3.0	2383.0	23.0	3.0		sequence_idcov	unanchored
TF-50	1	C[C@@H]1[C@@H](C(=O)O[C@@H]([C@@H](C(=O)O[C@@H]([C@@H](C(=O)O1)NC(=O)CNC(=O)C2=C(C(=CC=C2)O)O)C)NC(=O)CNC(=O)C3=C(C(=CC=C3)O)O)C)NC(=O)CNC(=O)C4=C(C(=CC=C4)O)O	C[C@@H]1[C@@H](C(=O)O[C@@H]([C@@H](C(=O)O[C@@H]([C@@H](C(=O)O1)NC(=O)CNC(=O)C2=C(C(=CC=C2)O)O)C)NC(=O)CNC(=O)C3=C(C(=CC=C3)O)O)C)NC(=O)CNC(=O)C4=C(C(=CC=C4)O)O	responder_cluster_50_00199	4599.0	596.0	4621.0	4599.0		sequence_idcov	unanchored
TF-50	1	C[C@@H]1[C@@H]([C@@H]([C@H]([C@@H](O1)OC[C@@H]2[C@H]([C@@H]([C@H]([C@@H](O2)O[C@H]3CC[C@]4([C@H](C3(C)C)CC[C@@]5([C@@H]4CC=C6[C@]5(C[C@H]([C@@]7([C@H]6CC([C@H](C7)OC(=O)/C(=C/CC[C@](C)(C=C)O[C@H]8[C@@H]([C@H]([C@@H]([C@H](O8)C)OC(=O)/C(=C/CC[C@](C)(C=C)O)/CO)O)O)/CO)(C)C)C(=O)O[C@H]9[C@@H]([C@H]([C@@H]([C@H](O9)CO)O)O)O[C@H]1[C@@H]([C@@H]([C@H]([C@@H](O1)C)O[C@H]1[C@@H]([C@H]([C@@H](O1)CO)O)O)O[C@H]1[C@@H]([C@H]([C@@H]([C@H](O1)CO)O)O)O)O)O)C)C)C)NC(=O)C)O)O)O[C@H]1[C@@H]([C@H]([C@@H](CO1)O)O)O)O)O	C[C@@H]1[C@@H]([C@@H]([C@H]([C@@H](O1)OC[C@@H]2[C@H]([C@@H]([C@H]([C@@H](O2)O[C@H]3CC[C@]4([C@H](C3(C)C)CC[C@@]5([C@@H]4CC=C6[C@]5(C[C@H]([C@@]7([C@H]6CC([C@H](C7)OC(=O)/C(=C/CC[C@](C)(C=C)O[C@H]8[C@@H]([C@H]([C@@H]([C@H](O8)C)OC(=O)/C(=C/CC[C@](C)(C=C)O)/CO)O)O)/CO)(C)C)C(=O)O[C@H]9[C@@H]([C@H]([C@@H]([C@H](O9)CO)O)O)O[C@H]1[C@@H]([C@@H]([C@H]([C@@H](O1)C)O[C@H]1[C@@H]([C@H]([C@@H](O1)CO)O)O)O[C@H]1[C@@H]([C@H]([C@@H]([C@H](O1)CO)O)O)O)O)O)C)C)C)NC(=O)C)O)O)O[C@H]1[C@@H]([C@H]([C@@H](CO1)O)O)O)O)O	responder_cluster_50_01019	570.0	2293.0	629.0	570.0		sequence_idcov	unanchored
TF-50	1	C[C@H](C(=O)[O-])[C@@](CC(=O)[O-])(C(=O)[O-])O	C[C@H](C(=O)[O-])[C@@](CC(=O)[O-])(C(=O)[O-])O	responder_cluster_50_00668	2305.0	1417.0	2404.0	2305.0		sequence_idcov	unanchored
TF-50	1	C[C@H](CCC(=O)NCCS(=O)(=O)O)[C@H]1CC[C@@H]2[C@@]1([C@H](C[C@H]3[C@H]2[C@@H](C[C@H]4[C@@]3(CC[C@H](C4)O)C)O)O)C	C[C@H](CCC(=O)NCCS(=O)(=O)O)[C@H]1CC[C@@H]2[C@@]1([C@H](C[C@H]3[C@H]2[C@@H](C[C@H]4[C@@]3(CC[C@H](C4)O)C)O)O)C	responder_cluster_50_01369	6.0	3383.0	5.0	1.0		sequence_idcov	unanchored
TF-50	1	C[C@H](CCC(=O)[O-])[C@H]1CC[C@@H]2[C@@]1([C@H](C[C@H]3[C@H]2[C@@H](C[C@H]4[C@@]3(CC[C@H](C4)O)C)O)O)C	C[C@H](CCC(=O)[O-])[C@H]1CC[C@@H]2[C@@]1([C@H](C[C@H]3[C@H]2[C@@H](C[C@H]4[C@@]3(CC[C@H](C4)O)C)O)O)C	responder_cluster_50_01369	7.0	4149.0	6.0	2.0		sequence_idcov	unanchored
TF-50	1	C[C@H]1[C@@]([C@H]([C@@H](O1)O[C@@H]2[C@H]([C@@H]([C@H]([C@@H]([C@H]2O)O)N=C(N)N)O)N=C(N)N)O[C@H]3[C@H]([C@@H]([C@H]([C@@H](O3)CO)O)O)NC)(C=O)O	C[C@H]1[C@@]([C@H]([C@@H](O1)O[C@@H]2[C@H]([C@@H]([C@H]([C@@H]([C@H]2O)O)N=C(N)N)O)N=C(N)N)O[C@H]3[C@H]([C@@H]([C@H]([C@@H](O3)CO)O)O)NC)(C=O)O	responder_cluster_50_00670	1588.0	1421.0	1746.0	1588.0		sequence_idcov	unanchored
TF-50	1	C[N+]1=CC2=CC(=C(C=C2C3=C1C4=CC5=C(C=C4C=C3)OCO5)OC)OC	C[N+]1=CC2=CC(=C(C=C2C3=C1C4=CC5=C(C=C4C=C3)OCO5)OC)OC	responder_cluster_50_01019	290.0	2293.0	425.0	290.0		sequence_idcov	unanchored
TF-50	1	NCC[C@H](N)C(O)=O	NCC[C@H](N)C(O)=O	responder_cluster_50_00474	281.0	1188.0	333.0	278.0		sequence_idcov	unanchored
TF-50	1	O[C@@H]([C@H](O)[C@@H](O)C([O-])=O)[C@H](O)C([O-])=O	O[C@@H]([C@H](O)[C@@H](O)C([O-])=O)[C@H](O)C([O-])=O	responder_cluster_50_00340	321.0	2751.0	351.0	320.0		sequence_idcov	unanchored
TF-50	1	Oc1ccccc1O	Oc1ccccc1O	responder_cluster_50_00466	164.0	5531.0	143.0	160.0		sequence_idcov	unanchored
TF-50	1	[NH3+][C@@H](Cc1ccccc1)C([O-])=O	[NH3+][C@@H](Cc1ccccc1)C([O-])=O	responder_cluster_50_01871	5143.0	5279.0	5.0	5097.0	0.0	sequence_idcov	[0.0,0.2)
TF-50	1	[O-]C(=O)[C@@H]1CCC[NH2+]1	[O-]C(=O)[C@@H]1CCC[NH2+]1	responder_cluster_50_01270	261.0	3039.0	377.0	261.0		sequence_idcov	unanchored
TF-50	1	ion:Cd_unspecified	ion:Cd_unspecified	responder_cluster_50_00018;responder_cluster_50_00108	546.0	19.0	546.0	546.0		sequence_idcov	unanchored
TF-50	1	ion:Co2+	ion:Co2+	responder_cluster_50_01509	3768.0	3750.0	16.0	3723.0	0.0	sequence_idcov	[0.0,0.2)
TF-50	1	ion:Co_unspecified	ion:Co_unspecified	responder_cluster_50_00018	135.0	19.0	730.0	135.0	0.0	sequence_idcov	[0.0,0.2)
TF-50	1	ion:Cr_unspecified	ion:Cr_unspecified	responder_cluster_50_00018	732.0	19.0	732.0	732.0		sequence_idcov	unanchored
TF-50	1	ion:Cu+	ion:Cu+	responder_cluster_50_00019	4547.0	4537.0	792.0	4527.0	0.0	sequence_idcov	[0.0,0.2)
TF-50	1	ion:Cu_unspecified	ion:Cu_unspecified	responder_cluster_50_00018	82.0	19.0	731.0	82.0	0.0	sequence_idcov	[0.0,0.2)
TF-50	1	ion:Fe2+	ion:Fe2+	responder_cluster_50_00108;responder_cluster_50_00978	85.0	139.0	628.0	86.0	0.2818666666666666	sequence_idcov	[0.2,0.4)
TF-50	1	ion:Fe_unspecified	ion:Fe_unspecified	responder_cluster_50_00088;responder_cluster_50_00108	56.0	406.0	544.0	56.0	0.3149473684210526	sequence_idcov	[0.2,0.4)
TF-50	1	ion:Mn2+	ion:Mn2+	responder_cluster_50_00108	5135.0	5133.0	681.0	5117.0	0.0	sequence_idcov	[0.0,0.2)
TF-50	1	ion:Mn_unspecified	ion:Mn_unspecified	responder_cluster_50_00978	2059.0	1926.0	1598.0	2058.0	0.0	sequence_idcov	[0.0,0.2)
TF-50	1	ion:Na+	ion:Na+	responder_cluster_50_00226	6250.0	632.0	6250.0	6250.0		sequence_idcov	unanchored
TF-50	1	ion:Ni2+	ion:Ni2+	responder_cluster_50_01509	3771.0	3749.0	16.0	3723.0	0.0	sequence_idcov	[0.0,0.2)
TF-50	1	ion:Ni_unspecified	ion:Ni_unspecified	responder_cluster_50_00018	80.0	19.0	728.0	80.0	0.0	sequence_idcov	[0.0,0.2)
TF-50	1	ion:Zn_unspecified	ion:Zn_unspecified	responder_cluster_50_00018	235.0	19.0	729.0	232.0	0.0	sequence_idcov	[0.0,0.2)
TF-50	1	ion:conjugation_factor	ion:conjugation_factor	responder_cluster_50_00741	5087.0	1263.0	5087.0	5087.0		sequence_idcov	unanchored
TF-50	2	C(=C\C(=O)[O-])\C=C(/C(=O)[O-])\Cl	C(=C\C(=O)[O-])\C=C(/C(=O)[O-])\Cl	responder_cluster_50_00913	3.0	2824.0	566.0	2.0	0.3193469387755102	sequence_idcov	[0.2,0.4)
TF-50	2	C(=C\C(=O)[O-])\C=C/C(=O)[O-]	C(=C\C(=O)[O-])\C=C/C(=O)[O-]	responder_cluster_50_00913	2.0	2015.0	274.0	2.0	0.3858947368421053	sequence_idcov	[0.2,0.4)
TF-50	2	C(=O)(N)N	C(=O)(N)N	responder_cluster_50_01023	1362.0	2329.0	1430.0	1362.0		sequence_idcov	unanchored
TF-50	2	C(C(=O)[O-])O	C(C(=O)[O-])O	responder_cluster_50_00371;responder_cluster_50_00658	90.0	1621.0	122.0	90.0		sequence_idcov	unanchored
TF-50	2	C(C(C(=O)O)N)C(=O)N	C(C(C(=O)O)N)C(=O)N	responder_cluster_50_01466	155.0	3711.0	212.0	155.0		sequence_idcov	unanchored
TF-50	2	C(C(C(=O)[O-])O)O	C(C(C(=O)[O-])O)O	responder_cluster_50_00371	2311.0	1621.0	2444.0	2311.0		sequence_idcov	unanchored
TF-50	2	C(C(C(CO)O)O)C(=O)C(=O)O	C(C(C(CO)O)O)C(=O)C(=O)O	responder_cluster_50_00482	2207.0	1044.0	2315.0	2207.0		sequence_idcov	unanchored
TF-50	2	C(C1C(C(C(C(O1)OCC2C(C(C(C(O2)OC3(C(C(C(O3)CO)O)O)CO)O)O)O)O)O)O)O	C(C1C(C(C(C(O1)OCC2C(C(C(C(O2)OC3(C(C(C(O3)CO)O)O)CO)O)O)O)O)O)O)O	responder_cluster_50_01210	4.0	2880.0	849.0	2.0	0.3994405594405594	sequence_idcov	[0.2,0.4)
TF-50	2	C(CC(=O)N)[C@@H](C(=O)O)N	C(CC(=O)N)[C@@H](C(=O)O)N	responder_cluster_50_00338	2586.0	5719.0	2681.0	2585.0		sequence_idcov	unanchored
TF-50	2	C(CC(=O)O)C=O	C(CC(=O)O)C=O	responder_cluster_50_01500	27.0	3856.0	19.0	7.0		sequence_idcov	unanchored
TF-50	2	C(CC(=O)O)CO	C(CC(=O)O)CO	responder_cluster_50_01500	14.0	3856.0	7.0	2.0		sequence_idcov	unanchored
TF-50	2	C([C@@H]1[C@@H]([C@@H]([C@H](C(O1)O)O)O)O)O	C([C@@H]1[C@@H]([C@@H]([C@H](C(O1)O)O)O)O)O	responder_cluster_50_00745	303.0	1922.0	667.0	302.0	0.0	sequence_idcov	[0.0,0.2)
TF-50	2	C([C@@H]1[C@@H]([C@@H]([C@H]([C@@H](O1)O[C@@H]2[C@H](OC([C@@H]([C@H]2O)O)O)CO)O)O)O)O	C([C@@H]1[C@@H]([C@@H]([C@H]([C@@H](O1)O[C@@H]2[C@H](OC([C@@H]([C@H]2O)O)O)CO)O)O)O)O	responder_cluster_50_00317;responder_cluster_50_00952	451.0	2120.0	421.0	451.0		sequence_idcov	unanchored
TF-50	2	C([C@@H]1[C@@H]([C@@H]([C@H]([C@@H](O1)O[C@H]2[C@H](O[C@H]([C@@H]([C@H]2O)O)O)CO)O)O)O)O	C([C@@H]1[C@@H]([C@@H]([C@H]([C@@H](O1)O[C@H]2[C@H](O[C@H]([C@@H]([C@H]2O)O)O)CO)O)O)O)O	responder_cluster_50_01164	95.0	2737.0	62.0	95.0		sequence_idcov	unanchored
TF-50	2	C([C@@H]1[C@H]([C@@H]([C@H](C(O1)O)O)O)O)O	C([C@@H]1[C@H]([C@@H]([C@H](C(O1)O)O)O)O)O	responder_cluster_50_01761	52.0	4862.0	24.0	24.0	0.2427460317460317	sequence_idcov	[0.2,0.4)
TF-50	2	C([C@@H]1[C@H]([C@@H]([C@H]([C@H](O1)O[C@]2([C@H]([C@@H]([C@H](O2)CO)O)O)CO)O)O)O)O	C([C@@H]1[C@H]([C@@H]([C@H]([C@H](O1)O[C@]2([C@H]([C@@H]([C@H](O2)CO)O)O)CO)O)O)O)O	responder_cluster_50_00168;responder_cluster_50_00752	1193.0	1106.0	411.0	1193.0	0.0	sequence_idcov	[0.0,0.2)
TF-50	2	C([C@@H]1[C@H]([C@@H]([C@H]([C@H](O1)O[C@]2([C@H]([C@@H]([C@H](O2)CO)O)O)CO[C@]3([C@H]([C@@H]([C@H](O3)CO)O)O)CO)O)O)O)O	C([C@@H]1[C@H]([C@@H]([C@H]([C@H](O1)O[C@]2([C@H]([C@@H]([C@H](O2)CO)O)O)CO[C@]3([C@H]([C@@H]([C@H](O3)CO)O)O)CO)O)O)O)O	responder_cluster_50_00168	635.0	1108.0	660.0	635.0		sequence_idcov	unanchored
TF-50	2	C([C@@H]1[C@H]([C@@H]([C@H]([C@H](O1)O[C@]2([C@H]([C@@H]([C@H](O2)CO)O)O)CO[C@]3([C@H]([C@@H]([C@H](O3)CO)O)O)CO[C@]4([C@H]([C@@H]([C@H](O4)CO)O)O)CO)O)O)O)O	C([C@@H]1[C@H]([C@@H]([C@H]([C@H](O1)O[C@]2([C@H]([C@@H]([C@H](O2)CO)O)O)CO[C@]3([C@H]([C@@H]([C@H](O3)CO)O)O)CO[C@]4([C@H]([C@@H]([C@H](O4)CO)O)O)CO)O)O)O)O	responder_cluster_50_00168	570.0	1108.0	623.0	570.0		sequence_idcov	unanchored
TF-50	2	C1(=C(C(=C(C(=C1Cl)Cl)Cl)Cl)Cl)O	C1(=C(C(=C(C(=C1Cl)Cl)Cl)Cl)Cl)O	responder_cluster_50_02010	1670.0	6043.0	1760.0	1670.0		sequence_idcov	unanchored
TF-50	2	C12=C(NC(=O)N1)NC(=O)NC2=O	C12=C(NC(=O)N1)NC(=O)NC2=O	responder_cluster_50_00516;responder_cluster_50_00567	1.0	1112.0	19.0	1.0	0.4098214285714285	sequence_idcov	[0.4,0.5)
TF-50	2	C1=C(C=C(C(=C1Cl)O)Cl)Cl	C1=C(C=C(C(=C1Cl)O)Cl)Cl	responder_cluster_50_02010	1118.0	6043.0	1172.0	1118.0		sequence_idcov	unanchored
TF-50	2	C1=CC(=C(C(=C1)O)C(=O)C2=CC(=C(N2)Cl)Cl)O	C1=CC(=C(C(=C1)O)C(=O)C2=CC(=C(N2)Cl)Cl)O	responder_cluster_50_01974	1.0	5833.0	554.0	1.0	0.3361883408071749	sequence_idcov	[0.2,0.4)
TF-50	2	C1=CC(=C(C=C1Cl)Cl)O	C1=CC(=C(C=C1Cl)Cl)O	responder_cluster_50_02010	263.0	6043.0	281.0	261.0		sequence_idcov	unanchored
TF-50	2	C1=CC(=C(C=C1Cl)Cl)OCC(=O)O	C1=CC(=C(C=C1Cl)Cl)OCC(=O)O	responder_cluster_50_01893	7.0	5381.0	35.0	6.0		sequence_idcov	unanchored
TF-50	2	C1=CC(=C(C=C1Cl)O)OC2=C(C=C(C=C2)Cl)Cl	C1=CC(=C(C=C1Cl)O)OC2=C(C=C(C=C2)Cl)Cl	responder_cluster_50_02010	25.0	6042.0	432.0	23.0	0.1413652968036529	sequence_idcov	[0.0,0.2)
TF-50	2	C1=CC(=C(C=C1N)O)C(=O)[O-]	C1=CC(=C(C=C1N)O)C(=O)[O-]	responder_cluster_50_01295	2375.0	3120.0	2519.0	2375.0		sequence_idcov	unanchored
TF-50	2	C1=CC(=CC(=C1)Br)C(=O)[O-]	C1=CC(=CC(=C1)Br)C(=O)[O-]	responder_cluster_50_01333	12.0	3265.0	43.0	8.0		sequence_idcov	unanchored
TF-50	2	C1=CC(=CC(=C1)Cl)C(=O)O	C1=CC(=CC(=C1)Cl)C(=O)O	responder_cluster_50_01333	3130.0	3262.0	110.0	3073.0	0.0	sequence_idcov	[0.0,0.2)
TF-50	2	C1=CC(=CC(=C1)I)C(=O)[O-]	C1=CC(=CC(=C1)I)C(=O)[O-]	responder_cluster_50_01333	42.0	3265.0	93.0	33.0		sequence_idcov	unanchored
TF-50	2	C1=CC(=CC=C1C(=O)O)O	C1=CC(=CC=C1C(=O)O)O	responder_cluster_50_02000	5808.0	5999.0	3334.0	5819.0	0.0	sequence_idcov	[0.0,0.2)
TF-50	2	C1=CC(=CC=C1C(=O)O)[O-]	C1=CC(=CC=C1C(=O)O)[O-]	responder_cluster_50_02000	1117.0	6002.0	1311.0	1114.0		sequence_idcov	unanchored
TF-50	2	C1=CC(=CC=C1C[C@@H](C(=O)O)N)O	C1=CC(=CC=C1C[C@@H](C(=O)O)N)O	responder_cluster_50_00028	3263.0	1491.0	3389.0	3263.0		sequence_idcov	unanchored
TF-50	2	C1=CC2=C(C=C1O)C(=CN2)CC(=O)O	C1=CC2=C(C=C1O)C(=CN2)CC(=O)O	responder_cluster_50_01893	78.0	5381.0	207.0	77.0		sequence_idcov	unanchored
TF-50	2	C1=CC=C(C(=C1)C(=O)O)O	C1=CC=C(C(=C1)C(=O)O)O	responder_cluster_50_01893	10.0	5381.0	18.0	3.0		sequence_idcov	unanchored
TF-50	2	C1=CC=C(C(=C1)C(=O)O)[O-]	C1=CC=C(C(=C1)C(=O)O)[O-]	responder_cluster_50_01295	2959.0	3115.0	786.0	2931.0	0.0	sequence_idcov	[0.0,0.2)
TF-50	2	C1=CC=C(C(=C1)O)O	C1=CC=C(C(=C1)O)O	responder_cluster_50_00928;responder_cluster_50_01893	92.0	2064.0	60.0	70.0		sequence_idcov	unanchored
TF-50	2	C1=CC=C(C=C1)C(=O)O	C1=CC=C(C=C1)C(=O)O	responder_cluster_50_01893	27.0	5381.0	69.0	14.0		sequence_idcov	unanchored
TF-50	2	C1=CC=C(C=C1)C(=O)[O-]	C1=CC=C(C=C1)C(=O)[O-]	responder_cluster_50_01333;responder_cluster_50_01704	2.0	4616.0	11.0	2.0	0.4246417445482865	sequence_idcov	[0.4,0.5)
TF-50	2	C1=CC=C(C=C1)CC(=O)O	C1=CC=C(C=C1)CC(=O)O	responder_cluster_50_01893	14.0	5381.0	50.0	12.0		sequence_idcov	unanchored
TF-50	2	C1=CC=C(C=C1)CCC(=O)[O-]	C1=CC=C(C=C1)CCC(=O)[O-]	responder_cluster_50_01946	2677.0	5696.0	2823.0	2677.0		sequence_idcov	unanchored
TF-50	2	C1=CC=C(C=C1)C[C@@H](C(=O)O)N	C1=CC=C(C=C1)C[C@@H](C(=O)O)N	responder_cluster_50_00028	5104.0	1491.0	5150.0	5104.0		sequence_idcov	unanchored
TF-50	2	C1=CC=C2C(=C1)C(=CN2)C(=O)O	C1=CC=C2C(=C1)C(=CN2)C(=O)O	responder_cluster_50_01893	72.0	5381.0	170.0	67.0		sequence_idcov	unanchored
TF-50	2	C1=CC=C2C(=C1)C(=CN2)CC(=O)O	C1=CC=C2C(=C1)C(=CN2)CC(=O)O	responder_cluster_50_01893	5183.0	5380.0	228.0	5183.0	0.0	sequence_idcov	[0.0,0.2)
TF-50	2	C1=CC=C2C(=C1)C(=CN2)CCC(=O)O	C1=CC=C2C(=C1)C(=CN2)CCC(=O)O	responder_cluster_50_01893	69.0	5381.0	176.0	69.0		sequence_idcov	unanchored
TF-50	2	C1=CC=C2C(=C1)C(=CN2)CCCC(=O)O	C1=CC=C2C(=C1)C(=CN2)CCCC(=O)O	responder_cluster_50_01893	115.0	5381.0	238.0	113.0		sequence_idcov	unanchored
TF-50	2	C1=CC=C2C(=C1)C=CC=C2CC(=O)O	C1=CC=C2C(=C1)C=CC=C2CC(=O)O	responder_cluster_50_01893	238.0	5381.0	380.0	236.0		sequence_idcov	unanchored
TF-50	2	C1=CC=C2C(=C1)C=CC=N2	C1=CC=C2C(=C1)C=CC=N2	responder_cluster_50_01556	831.0	4110.0	872.0	830.0		sequence_idcov	unanchored
TF-50	2	C1=NC2=C(N1)C(=O)NC(=O)N2	C1=NC2=C(N1)C(=O)NC(=O)N2	responder_cluster_50_00567;responder_cluster_50_01113	437.0	1207.0	502.0	434.0		sequence_idcov	unanchored
TF-50	2	C1[C@@H]([C@@H]([C@H](C(O1)O)O)O)O	C1[C@@H]([C@@H]([C@H](C(O1)O)O)O)O	responder_cluster_50_00383;responder_cluster_50_01140	3353.0	3550.0	406.0	3318.0	0.0	sequence_idcov	[0.0,0.2)
TF-50	2	C1[C@@H]2[C@H]([C@H]([C@@H](O2)N3C=NC4=C(N=CN=C43)N)O)OP(=O)(OC[C@@H]5[C@H]([C@H]([C@@H](O5)N6C=NC7=C(N=CN=C76)N)O)OP(=O)(O1)O)O	C1[C@@H]2[C@H]([C@H]([C@@H](O2)N3C=NC4=C(N=CN=C43)N)O)OP(=O)(OC[C@@H]5[C@H]([C@H]([C@@H](O5)N6C=NC7=C(N=CN=C76)N)O)OP(=O)(O1)O)O	responder_cluster_50_00992	2311.0	2247.0	5683.0	2323.0	0.0	sequence_idcov	[0.0,0.2)
TF-50	2	C1[C@H]([C@@H]([C@H](C(O1)O)O)O)O	C1[C@H]([C@@H]([C@H](C(O1)O)O)O)O	responder_cluster_50_00781;responder_cluster_50_01301	37.0	1665.0	932.0	21.0	0.2851288659793815	sequence_idcov	[0.2,0.4)
TF-50	2	C1[C@H]([C@@H]([C@H]([C@@H](O1)O[C@H](CO)[C@@H]([C@H](C=O)O)O)O)O)O	C1[C@H]([C@@H]([C@H]([C@@H](O1)O[C@H](CO)[C@@H]([C@H](C=O)O)O)O)O)O	responder_cluster_50_01301	5289.0	4495.0	5348.0	5288.0		sequence_idcov	unanchored
TF-50	2	C1[C@H]([C@H]([C@H](C(O1)(CO)O)O)O)O	C1[C@H]([C@H]([C@H](C(O1)(CO)O)O)O)O	responder_cluster_50_00139	221.0	2089.0	232.0	217.0		sequence_idcov	unanchored
TF-50	2	C1[C@H]([C@H]([C@H](C(O1)O)O)O)O	C1[C@H]([C@H]([C@H](C(O1)O)O)O)O	responder_cluster_50_00922	437.0	2037.0	466.0	437.0		sequence_idcov	unanchored
TF-50	2	C=C(CC(=O)O)C(=O)O	C=C(CC(=O)O)C(=O)O	responder_cluster_50_01758	100.0	4845.0	154.0	98.0		sequence_idcov	unanchored
TF-50	2	C=O	C=O	responder_cluster_50_00807	5935.0	6128.0	1462.0	5925.0	0.0	sequence_idcov	[0.0,0.2)
TF-50	2	CC(=O)C1CCC2C1(CCC3C2CCC4=CC(=O)CCC34C)C	CC(=O)C1CCC2C1(CCC3C2CCC4=CC(=O)CCC34C)C	responder_cluster_50_01523	21.0	3982.0	63.0	16.0		sequence_idcov	unanchored
TF-50	2	CC(=O)OP(=O)(O)O	CC(=O)OP(=O)(O)O	responder_cluster_50_01407	4142.0	3520.0	4240.0	4141.0		sequence_idcov	unanchored
TF-50	2	CC(C(=O)O)C(=O)O	CC(C(=O)O)C(=O)O	responder_cluster_50_01447	3572.0	3637.0	1294.0	3569.0	0.0	sequence_idcov	[0.0,0.2)
TF-50	2	CC(C(=O)[O-])O	CC(C(=O)[O-])O	responder_cluster_50_00371	321.0	1621.0	370.0	319.0		sequence_idcov	unanchored
TF-50	2	CC(C(C(C(C=O)O)O)O)O	CC(C(C(C(C=O)O)O)O)O	responder_cluster_50_00383	309.0	3552.0	327.0	308.0		sequence_idcov	unanchored
TF-50	2	CC(C)(COP(=O)(O)OP(=O)(O)OC[C@@H]1[C@H]([C@H]([C@@H](O1)N2C=NC3=C(N=CN=C32)N)O)OP(=O)(O)O)[C@H](C(=O)NCCC(=O)NCCSC(=O)C4CCCCC4=O)O	CC(C)(COP(=O)(O)OP(=O)(O)OC[C@@H]1[C@H]([C@H]([C@@H](O1)N2C=NC3=C(N=CN=C32)N)O)OP(=O)(O)O)[C@H](C(=O)NCCC(=O)NCCSC(=O)C4CCCCC4=O)O	responder_cluster_50_01704	42.0	4618.0	23.0	6.0		sequence_idcov	unanchored
TF-50	2	CC(C)(COP(=O)(O)OP(=O)(O)OC[C@@H]1[C@H]([C@H]([C@@H](O1)N2C=NC3=C(N=CN=C32)N)O)OP(=O)(O)O)[C@H](C(=O)NCCC(=O)NCCSC(=O)CC4=CC=CC=C4)O	CC(C)(COP(=O)(O)OP(=O)(O)OC[C@@H]1[C@H]([C@H]([C@@H](O1)N2C=NC3=C(N=CN=C32)N)O)OP(=O)(O)O)[C@H](C(=O)NCCC(=O)NCCSC(=O)CC4=CC=CC=C4)O	responder_cluster_50_00856	18.0	1875.0	5060.0	4.0	0.4050126582278481	sequence_idcov	[0.4,0.5)
TF-50	2	CC(C)(COP(=O)([O-])OP(=O)([O-])OC[C@@H]1[C@H]([C@H]([C@@H](O1)N2C=NC3=C(N=CN=C32)N)O)OP(=O)([O-])[O-])[C@H](C(=O)NCCC(=O)NCCSC(=O)C4CCCCC4=O)O	CC(C)(COP(=O)([O-])OP(=O)([O-])OC[C@@H]1[C@H]([C@H]([C@@H](O1)N2C=NC3=C(N=CN=C32)N)O)OP(=O)([O-])[O-])[C@H](C(=O)NCCC(=O)NCCSC(=O)C4CCCCC4=O)O	responder_cluster_50_01704	77.0	4618.0	66.0	76.0		sequence_idcov	unanchored
TF-50	2	CC(C)C1=C(C=C(C=C1O)/C=C/C2=CC=CC=C2)O	CC(C)C1=C(C=C(C=C1O)/C=C/C2=CC=CC=C2)O	responder_cluster_50_00312	163.0	766.0	286.0	160.0		sequence_idcov	unanchored
TF-50	2	CC(C)CCCCCCC1=C(C=C(OC1=O)CC(C)C)O	CC(C)CCCCCCC1=C(C=C(OC1=O)CC(C)C)O	responder_cluster_50_00312	296.0	2674.0	430.0	296.0		sequence_idcov	unanchored
TF-50	2	CC(C)[C@@H](C(=O)O)N	CC(C)[C@@H](C(=O)O)N	responder_cluster_50_00256	4125.0	4322.0	3386.0	4126.0	0.0	sequence_idcov	[0.0,0.2)
TF-50	2	CC(CCC=C(C)C)CC(=O)O	CC(CCC=C(C)C)CC(=O)O	responder_cluster_50_00290	589.0	733.0	700.0	588.0		sequence_idcov	unanchored
TF-50	2	CC(CO)O	CC(CO)O	responder_cluster_50_00133	255.0	542.0	251.0	254.0		sequence_idcov	unanchored
TF-50	2	CC1(C2CCC1(C(=O)C2)C)C	CC1(C2CCC1(C(=O)C2)C)C	responder_cluster_50_00509	18.0	1091.0	34.0	14.0		sequence_idcov	unanchored
TF-50	2	CC12CCC(=O)C=C1CCC3C2C(CC4(C3CCC4(C(=O)CO)O)C)O	CC12CCC(=O)C=C1CCC3C2C(CC4(C3CCC4(C(=O)CO)O)C)O	responder_cluster_50_01523	31.0	3982.0	85.0	27.0		sequence_idcov	unanchored
TF-50	2	CC12CCC(=O)C=C1CCC3C2C(CC4(C3CCC4C(=O)CO)C=O)O	CC12CCC(=O)C=C1CCC3C2C(CC4(C3CCC4C(=O)CO)C=O)O	responder_cluster_50_01523	24.0	3982.0	81.0	18.0		sequence_idcov	unanchored
TF-50	2	CC1=C(C(=CC(=C1)CCCC(C)C)O)C(C)C	CC1=C(C(=CC(=C1)CCCC(C)C)O)C(C)C	responder_cluster_50_00312	269.0	766.0	360.0	268.0		sequence_idcov	unanchored
TF-50	2	CC1=C(C(=CC=C1)C(=O)[O-])C	CC1=C(C(=CC=C1)C(=O)[O-])C	responder_cluster_50_01333	20.0	3265.0	71.0	16.0		sequence_idcov	unanchored
TF-50	2	CC1=C(C=CC2=C1OC(=O)C(=C2O)NC(=O)C3=CC(=C(C=C3)O)CC=C(C)C)O[C@H]4[C@@H]([C@@H]([C@H](C(O4)(C)C)OC)OC(=O)N)O	CC1=C(C=CC2=C1OC(=O)C(=C2O)NC(=O)C3=CC(=C(C=C3)O)CC=C(C)C)O[C@H]4[C@@H]([C@@H]([C@H](C(O4)(C)C)OC)OC(=O)N)O	responder_cluster_50_01812	4894.0	5076.0	241.0	4839.0	0.0	sequence_idcov	[0.0,0.2)
TF-50	2	CC1=CC(=CC=C1)C(=O)O	CC1=CC(=CC=C1)C(=O)O	responder_cluster_50_01333	73.0	5430.0	155.0	70.0		sequence_idcov	unanchored
TF-50	2	CC1=CC(=CC=C1)C(=O)[O-]	CC1=CC(=CC=C1)C(=O)[O-]	responder_cluster_50_01333	17.0	3265.0	46.0	8.0		sequence_idcov	unanchored
TF-50	2	CC1=CC=C(C=C1)C(=O)[O-]	CC1=CC=C(C=C1)C(=O)[O-]	responder_cluster_50_01333	15.0	5430.0	43.0	9.0		sequence_idcov	unanchored
TF-50	2	CC1=CC=CC=C1C(=O)[O-]	CC1=CC=CC=C1C(=O)[O-]	responder_cluster_50_01333	11.0	5430.0	44.0	8.0		sequence_idcov	unanchored
TF-50	2	CCNC1=C(C)C=C2C(OC3=CC(=NCC)C(C)=CC3=C2C2=CC=CC=C2C(=O)OCC)=C1	CCNC1=C(C)C=C2C(OC3=CC(=NCC)C(C)=CC3=C2C2=CC=CC=C2C(=O)OCC)=C1	responder_cluster_50_02025	23.0	6142.0	83.0	18.0		sequence_idcov	unanchored
TF-50	2	CC[C@H](C)[C@@H](C(=O)O)N	CC[C@H](C)[C@@H](C(=O)O)N	responder_cluster_50_00256	4741.0	4324.0	4804.0	4741.0		sequence_idcov	unanchored
TF-50	2	CN(C)[C@H]1[C@@H]2C[C@H]3C(=C(O)[C@]2(O)C(=O)C(C(N)=O)=C1O)C(=O)c1c(O)ccc(Cl)c1[C@@]3(C)O	CN(C)[C@H]1[C@@H]2C[C@H]3C(=C(O)[C@]2(O)C(=O)C(C(N)=O)=C1O)C(=O)c1c(O)ccc(Cl)c1[C@@]3(C)O	responder_cluster_50_00951	89.0	2112.0	175.0	85.0		sequence_idcov	unanchored
TF-50	2	CN1[C@@H](CS[C@@H]1[C@H]2CSC(=N2)C3=CC=CC=C3O)C(=O)O	CN1[C@@H](CS[C@@H]1[C@H]2CSC(=N2)C3=CC=CC=C3O)C(=O)O	responder_cluster_50_01798	116.0	5043.0	260.0	116.0		sequence_idcov	unanchored
TF-50	2	CO	CO	responder_cluster_50_01246	1670.0	2995.0	1818.0	1670.0		sequence_idcov	unanchored
TF-50	2	COC1=CC(=CC(=C1[O-])OC)C(=O)O	COC1=CC(=CC(=C1[O-])OC)C(=O)O	responder_cluster_50_02045	6064.0	6261.0	135.0	6064.0	0.0	sequence_idcov	[0.0,0.2)
TF-50	2	COC1C(C(C(OC1C(=O)O)OC2C(C(COC2OC3COC(C(C3O)O)OC4COC(C(C4O)O)O)O)O)O)O	COC1C(C(C(OC1C(=O)O)OC2C(C(COC2OC3COC(C(C3O)O)OC4COC(C(C4O)O)O)O)O)O)O	responder_cluster_50_01301	4553.0	4495.0	4620.0	4553.0		sequence_idcov	unanchored
TF-50	2	COc1cccc(C)c1C(=O)O[C@@H]1C[C@H](O[C@H]2[C@H](O)C[C@H](O[C@@H]3CCC[C@H]4[C@H]3C=C[C@@H]3CCCC/C=C/[C@H]5C=C(C(=O)O)[C@@H](C)C[C@@]56OC(=O)C(=C6O)OC(=O)[C@@]34C)O[C@@H]2C)O[C@H](C)[C@H]1O	COc1cccc(C)c1C(=O)O[C@@H]1C[C@H](O[C@H]2[C@H](O)C[C@H](O[C@@H]3CCC[C@H]4[C@H]3C=C[C@@H]3CCCC/C=C/[C@H]5C=C(C(=O)O)[C@@H](C)C[C@@]56OC(=O)C(=C6O)OC(=O)[C@@]34C)O[C@@H]2C)O[C@H](C)[C@H]1O	responder_cluster_50_00832	94.0	1789.0	181.0	93.0		sequence_idcov	unanchored
TF-50	2	C[C@@H](C(=O)[O-])O	C[C@@H](C(=O)[O-])O	responder_cluster_50_00396	1698.0	5957.0	1820.0	1697.0		sequence_idcov	unanchored
TF-50	2	C[C@@H](C(=O)[O-])[O-]	C[C@@H](C(=O)[O-])[O-]	responder_cluster_50_00396	3485.0	5957.0	3599.0	3485.0		sequence_idcov	unanchored
TF-50	2	C[C@@H]([C@H]([C@@H](C(=O)COP(=O)(O)O)O)O)O	C[C@@H]([C@H]([C@@H](C(=O)COP(=O)(O)O)O)O)O	responder_cluster_50_01360	1474.0	6048.0	1585.0	1474.0		sequence_idcov	unanchored
TF-50	2	C[C@@H]1C[C@]23[C@H](/C=C/CCCC[C@@H]4C=C[C@H]5[C@H]([C@@]4(C(=O)OC(=C2O)C(=O)O3)C)CCC[C@@H]5O[C@H]6C[C@H]([C@@H]([C@H](O6)C)O[C@H]7C[C@H]([C@@H]([C@H](O7)C)O)OC(=O)C8=C(C=CC(=C8C)Cl)OC)O)C=C1C(=O)O	C[C@@H]1C[C@]23[C@H](/C=C/CCCC[C@@H]4C=C[C@H]5[C@H]([C@@]4(C(=O)OC(=C2O)C(=O)O3)C)CCC[C@@H]5O[C@H]6C[C@H]([C@@H]([C@H](O6)C)O[C@H]7C[C@H]([C@@H]([C@H](O7)C)O)OC(=O)C8=C(C=CC(=C8C)Cl)OC)O)C=C1C(=O)O	responder_cluster_50_00832	129.0	1789.0	213.0	128.0		sequence_idcov	unanchored
TF-50	2	C[C@@]1([C@H]2C[C@H]3[C@@H](C(=O)C(=C([C@]3(C(=O)C2=C(C4=C(C=CC(=C41)Cl)O)O)O)O)C(=O)N)N(C)C)O	C[C@@]1([C@H]2C[C@H]3[C@@H](C(=O)C(=C([C@]3(C(=O)C2=C(C4=C(C=CC(=C41)Cl)O)O)O)O)C(=O)N)N(C)C)O	responder_cluster_50_00951	231.0	2112.0	360.0	230.0		sequence_idcov	unanchored
TF-50	2	C[C@@]1([C@H]2C[C@H]3[C@@H](C(=O)C(=C([C@]3(C(=O)C2=C(C4=C1C=CC=C4O)O)O)O)C(=O)N)N(C)C)O	C[C@@]1([C@H]2C[C@H]3[C@@H](C(=O)C(=C([C@]3(C(=O)C2=C(C4=C1C=CC=C4O)O)O)O)C(=O)N)N(C)C)O	responder_cluster_50_01851	77.0	5222.0	53.0	47.0	0.0	sequence_idcov	[0.0,0.2)
TF-50	2	C[C@H](C(=O)O)N[C@@H](CCCN=C(N)N)C(=O)O	C[C@H](C(=O)O)N[C@@H](CCCN=C(N)N)C(=O)O	responder_cluster_50_00801	11.0	1711.0	2.0	1.0		sequence_idcov	unanchored
TF-50	2	C[C@H](CCC(=O)NCC(=O)O)[C@H]1CC[C@@H]2[C@@]1([C@H](C[C@H]3[C@H]2CC[C@H]4[C@@]3(CC[C@H](C4)O)C)O)C	C[C@H](CCC(=O)NCC(=O)O)[C@H]1CC[C@@H]2[C@@]1([C@H](C[C@H]3[C@H]2CC[C@H]4[C@@]3(CC[C@H](C4)O)C)O)C	responder_cluster_50_01236	17.0	2959.0	33.0	12.0		sequence_idcov	unanchored
TF-50	2	C[C@H](CCC(=O)NCCS(=O)(=O)O)[C@H]1CC[C@@H]2[C@@]1(CC[C@H]3[C@H]2[C@@H](C[C@H]4[C@@]3(CC[C@H](C4)O)C)O)C	C[C@H](CCC(=O)NCCS(=O)(=O)O)[C@H]1CC[C@@H]2[C@@]1(CC[C@H]3[C@H]2[C@@H](C[C@H]4[C@@]3(CC[C@H](C4)O)C)O)C	responder_cluster_50_01236	13.0	2959.0	24.0	8.0		sequence_idcov	unanchored
TF-50	2	C[C@H](CCC(=O)O)[C@H]1CC[C@@H]2[C@@]1(CC[C@H]3[C@H]2CC[C@H]4[C@@]3(CC[C@H](C4)O)C)C	C[C@H](CCC(=O)O)[C@H]1CC[C@@H]2[C@@]1(CC[C@H]3[C@H]2CC[C@H]4[C@@]3(CC[C@H](C4)O)C)C	responder_cluster_50_01236	13.0	2959.0	22.0	8.0		sequence_idcov	unanchored
TF-50	2	C[C@H](CCC(=O)O)[C@H]1CC[C@@H]2[C@@]1([C@H](C[C@H]3[C@H]2CC[C@H]4[C@@]3(CC[C@H](C4)O)C)O)C	C[C@H](CCC(=O)O)[C@H]1CC[C@@H]2[C@@]1([C@H](C[C@H]3[C@H]2CC[C@H]4[C@@]3(CC[C@H](C4)O)C)O)C	responder_cluster_50_01236;responder_cluster_50_01995	15.0	2958.0	12.0	11.0	0.2376267942583732	sequence_idcov	[0.2,0.4)
TF-50	2	C[C@H]1[C@@H]2CC[C@]3([C@H]([C@]2(CC[C@H]1O)C)[C@@H](C[C@@H]\4[C@@]3(C[C@@H](/C4=C(/CCC=C(C)C)\C(=O)O)OC(=O)C)C)O)C	C[C@H]1[C@@H]2CC[C@]3([C@H]([C@]2(CC[C@H]1O)C)[C@@H](C[C@@H]\4[C@@]3(C[C@@H](/C4=C(/CCC=C(C)C)\C(=O)O)OC(=O)C)C)O)C	responder_cluster_50_01812	191.0	5078.0	278.0	191.0		sequence_idcov	unanchored
TF-50	2	C[C@H]1[C@H]([C@H]([C@@H](C(O1)O)O)O)O	C[C@H]1[C@H]([C@H]([C@@H](C(O1)O)O)O)O	responder_cluster_50_00745	101.0	1924.0	338.0	101.0	0.0	sequence_idcov	[0.0,0.2)
TF-50	2	N[C@@H](Cc1c[nH]c2ccccc12)C(O)=O	N[C@@H](Cc1c[nH]c2ccccc12)C(O)=O	responder_cluster_50_00280	3788.0	812.0	3896.0	3788.0		sequence_idcov	unanchored
TF-50	2	O=C(C1=C[C@@]([C@@]23C[C@H]1C)([H])/C=C\CCCC[C@]4([H])C=C[C@]5([H])[C@@H](O[C@@H]6O[C@H](C)[C@@H](O[C@@H]7O[C@H](C)[C@@H](O)[C@H](O)C7)[C@H](O)C6)CCC[C@@]5([H])[C@]4(C)C(OC(C(O3)=O)=C2C)=O)O	O=C(C1=C[C@@]([C@@]23C[C@H]1C)([H])/C=C\CCCC[C@]4([H])C=C[C@]5([H])[C@@H](O[C@@H]6O[C@H](C)[C@@H](O[C@@H]7O[C@H](C)[C@@H](O)[C@H](O)C7)[C@H](O)C6)CCC[C@@]5([H])[C@]4(C)C(OC(C(O3)=O)=C2C)=O)O	responder_cluster_50_00832	32.0	1789.0	87.0	29.0		sequence_idcov	unanchored
TF-50	2	O=C1CCCCC1	O=C1CCCCC1	responder_cluster_50_00956	14.0	2138.0	41.0	13.0		sequence_idcov	unanchored
TF-50	2	OC(=O)C1CCCCC1	OC(=O)C1CCCCC1	responder_cluster_50_01704	973.0	5201.0	1205.0	973.0		sequence_idcov	unanchored
TF-50	2	OC[C@@H](O)COP([O-])([O-])=O	OC[C@@H](O)COP([O-])([O-])=O	responder_cluster_50_00750	1503.0	1599.0	3492.0	1508.0	0.0	sequence_idcov	[0.0,0.2)
TF-50	2	O[C@H]1CO[C@H](O)[C@H](O)[C@H]1O	O[C@H]1CO[C@H](O)[C@H](O)[C@H]1O	responder_cluster_50_00383	405.0	3552.0	385.0	405.0		sequence_idcov	unanchored
TF-50	2	[NH3+][C@@H](Cc1ccccc1)C([O-])=O	[NH3+][C@@H](Cc1ccccc1)C([O-])=O	responder_cluster_50_00028	7.0	1489.0	1260.0	7.0	0.4533641618497109	sequence_idcov	[0.4,0.5)
TF-50	2	[N]=O	[N]=O	responder_cluster_50_00372	3600.0	1325.0	3685.0	3600.0		sequence_idcov	unanchored
TF-50	2	c1ccc(cc1)[P+](c1ccccc1)(c1ccccc1)c1ccccc1	c1ccc(cc1)[P+](c1ccccc1)(c1ccccc1)c1ccccc1	responder_cluster_50_02025	113.0	6142.0	217.0	112.0		sequence_idcov	unanchored
TF-50	2	ion:Co_unspecified	ion:Co_unspecified	responder_cluster_50_01868	5222.0	5208.0	1554.0	5225.0	0.0	sequence_idcov	[0.0,0.2)
TF-50	2	ion:Fe2+	ion:Fe2+	responder_cluster_50_01371	191.0	5070.0	375.0	191.0	0.228760736196319	sequence_idcov	[0.2,0.4)
TF-50	2	ion:Fe_unspecified	ion:Fe_unspecified	responder_cluster_50_00912;responder_cluster_50_01371	110.0	1723.0	76.0	110.0	0.2928533333333333	sequence_idcov	[0.2,0.4)
TF-50	2	ion:Mn_unspecified	ion:Mn_unspecified	responder_cluster_50_01739	71.0	4664.0	1670.0	71.0	0.3702697674418605	sequence_idcov	[0.2,0.4)
TF-50	2	ion:Ni_unspecified	ion:Ni_unspecified	responder_cluster_50_00652	1162.0	1066.0	558.0	1145.0	0.0	sequence_idcov	[0.0,0.2)
TF-50	2	ion:[2Fe-2S]_cluster	ion:[2Fe-2S]_cluster	responder_cluster_50_00042	3692.0	5656.0	3692.0	3692.0		sequence_idcov	unanchored
TF-50	3	C(/C(=C/C(=O)O)/C(=O)O)C(=O)O	C(/C(=C/C(=O)O)/C(=O)O)C(=O)O	responder_cluster_50_01321	1511.0	3209.0	1588.0	1511.0		sequence_idcov	unanchored
TF-50	3	C(/C(=C\C(=O)O)/C(=O)O)C(=O)O	C(/C(=C\C(=O)O)/C(=O)O)C(=O)O	responder_cluster_50_01321	1433.0	3209.0	1512.0	1433.0		sequence_idcov	unanchored
TF-50	3	C(=CC(=O)O)C(=CC(=O)O)C(=O)O	C(=CC(=O)O)C(=CC(=O)O)C(=O)O	responder_cluster_50_00631	39.0	1327.0	84.0	35.0		sequence_idcov	unanchored
TF-50	3	C(=O)C(=O)O	C(=O)C(=O)O	responder_cluster_50_00420;responder_cluster_50_00512	164.0	907.0	219.0	160.0		sequence_idcov	unanchored
TF-50	3	C(=O)C(=O)[O-]	C(=O)C(=O)[O-]	responder_cluster_50_00512	136.0	1075.0	145.0	126.0		sequence_idcov	unanchored
TF-50	3	C(=O)[O-]	C(=O)[O-]	responder_cluster_50_01906	2355.0	5457.0	2483.0	2355.0		sequence_idcov	unanchored
TF-50	3	C(C(=O)[O-])C(CC(=O)[O-])(C(=O)[O-])O	C(C(=O)[O-])C(CC(=O)[O-])(C(=O)[O-])O	responder_cluster_50_00557;responder_cluster_50_01321;responder_cluster_50_01776	260.0	3206.0	1175.0	261.0	0.1898181818181818	sequence_idcov	[0.0,0.2)
TF-50	3	C(C(C(=O)O)O)C(=O)O	C(C(C(=O)O)O)C(=O)O	responder_cluster_50_01578	1983.0	4178.0	2014.0	1983.0		sequence_idcov	unanchored
TF-50	3	C(C(C(C(=O)O)O)C(=O)O)C(=O)O	C(C(C(C(=O)O)O)C(=O)O)C(=O)O	responder_cluster_50_01321	2956.0	3209.0	2999.0	2956.0		sequence_idcov	unanchored
TF-50	3	C(C(C1C(=C(C(=O)O1)O)O)O)OP(=O)(O)O	C(C(C1C(=C(C(=O)O1)O)O)O)OP(=O)(O)O	responder_cluster_50_00961	104.0	6329.0	166.0	102.0		sequence_idcov	unanchored
TF-50	3	C(C(COP(=O)(O)O)O)O	C(C(COP(=O)(O)O)O)O	responder_cluster_50_01841	4594.0	5185.0	4599.0	4594.0		sequence_idcov	unanchored
TF-50	3	C(C1C(C(C(C(O1)O)O)O)O)O	C(C1C(C(C(C(O1)O)O)O)O)O	responder_cluster_50_01252	1346.0	5435.0	1362.0	1346.0		sequence_idcov	unanchored
TF-50	3	C(C1C(C(C(C(O1)OC2C(C(C(C(O2)COP(=O)(O)O)O)O)O)O)O)O)O	C(C1C(C(C(C(O1)OC2C(C(C(C(O2)COP(=O)(O)O)O)O)O)O)O)O)O	responder_cluster_50_00974	844.0	2172.0	823.0	844.0		sequence_idcov	unanchored
TF-50	3	C(C1C(C(C(C(O1)OC2C(OC(C(C2O)O)OC(C(CO)O)C(C(C=O)O)O)CO)O)O)O)O	C(C1C(C(C(C(O1)OC2C(OC(C(C2O)O)OC(C(CO)O)C(C(C=O)O)O)CO)O)O)O)O	responder_cluster_50_01086	4034.0	2467.0	4091.0	4034.0		sequence_idcov	unanchored
TF-50	3	C(C1C(C(C(C(O1)OCC2C(C(C(C(O2)O)O)O)O)O)O)O)O	C(C1C(C(C(C(O1)OCC2C(C(C(C(O2)O)O)O)O)O)O)O)O	responder_cluster_50_00577	1776.0	1208.0	1853.0	1776.0		sequence_idcov	unanchored
TF-50	3	C(C1C(C(C(C(O1)OP(=O)(O)O)O)O)O)O	C(C1C(C(C(C(O1)OP(=O)(O)O)O)O)O)O	responder_cluster_50_00814	2065.0	3313.0	2147.0	2065.0		sequence_idcov	unanchored
TF-50	3	C(CC(=O)O)CC(=O)O	C(CC(=O)O)CC(=O)O	responder_cluster_50_00302	777.0	947.0	974.0	764.0	0.0	sequence_idcov	[0.0,0.2)
TF-50	3	C(CC(=O)O)CN	C(CC(=O)O)CN	responder_cluster_50_01628	3201.0	4339.0	3296.0	3201.0		sequence_idcov	unanchored
TF-50	3	C(CC(=O)O)[C@@H](C(=O)O)NC=O	C(CC(=O)O)[C@@H](C(=O)O)NC=O	responder_cluster_50_00366	4880.0	2980.0	4917.0	4880.0		sequence_idcov	unanchored
TF-50	3	C(CC(=O)[O-])[C@@H](C(=O)[O-])NC=O	C(CC(=O)[O-])[C@@H](C(=O)[O-])NC=O	responder_cluster_50_00366	6037.0	2980.0	6020.0	6037.0		sequence_idcov	unanchored
TF-50	3	C(CN)C(=O)O	C(CN)C(=O)O	responder_cluster_50_01396	105.0	3479.0	135.0	102.0		sequence_idcov	unanchored
TF-50	3	C([C@@H]1[C@H]([C@@H]([C@@H](C(O1)O)O)O)O)O	C([C@@H]1[C@H]([C@@H]([C@@H](C(O1)O)O)O)O)O	responder_cluster_50_00348	26.0	790.0	55.0	13.0	0.2269682539682539	sequence_idcov	[0.2,0.4)
TF-50	3	C([C@@H]1[C@H]([C@@H]([C@H](C(O1)O)O)O)O)O	C([C@@H]1[C@H]([C@@H]([C@H](C(O1)O)O)O)O)O	responder_cluster_50_00348;responder_cluster_50_00980	5.0	791.0	59.0	4.0	0.2362433862433862	sequence_idcov	[0.2,0.4)
TF-50	3	C([C@@H]1[C@H]([C@@H]([C@H]([C@@H](O1)OC[C@@H]2[C@H]([C@@H]([C@H](C(O2)O)O)O)O)O)O)O)O	C([C@@H]1[C@H]([C@@H]([C@H]([C@@H](O1)OC[C@@H]2[C@H]([C@@H]([C@H](C(O2)O)O)O)O)O)O)O)O	responder_cluster_50_00980	1184.0	2547.0	1202.0	1185.0		sequence_idcov	unanchored
TF-50	3	C([C@@H]1[C@H]([C@@H]([C@H]([C@@H](O1)O[C@@H]2[C@H](OC([C@@H]([C@H]2O)O)O)CO)O)O)O)O	C([C@@H]1[C@H]([C@@H]([C@H]([C@@H](O1)O[C@@H]2[C@H](OC([C@@H]([C@H]2O)O)O)CO)O)O)O)O	responder_cluster_50_00550;responder_cluster_50_00980;responder_cluster_50_01337	668.0	1159.0	652.0	668.0		sequence_idcov	unanchored
TF-50	3	C([C@@H]1[C@H]([C@@H]([C@H]([C@H](O1)O[C@@H]2[C@@H]([C@H]([C@@H]([C@H](O2)CO)O)O)O)O)O)O)O	C([C@@H]1[C@H]([C@@H]([C@H]([C@H](O1)O[C@@H]2[C@@H]([C@H]([C@@H]([C@H](O2)CO)O)O)O)O)O)O)O	responder_cluster_50_00073;responder_cluster_50_00974	188.0	2172.0	168.0	188.0		sequence_idcov	unanchored
TF-50	3	C([C@@H]1[C@H]([C@@H]([C@H]([C@H](O1)O[C@@H]2[C@@H]([C@H]([C@@H]([C@H](O2)COP(=O)(O)O)O)O)O)O)O)O)O	C([C@@H]1[C@H]([C@@H]([C@H]([C@H](O1)O[C@@H]2[C@@H]([C@H]([C@@H]([C@H](O2)COP(=O)(O)O)O)O)O)O)O)O)O	responder_cluster_50_00814;responder_cluster_50_00974	346.0	2172.0	299.0	345.0		sequence_idcov	unanchored
TF-50	3	C([C@@H]1[C@H]([C@@H]([C@H]([C@H](O1)O[C@]2([C@H]([C@@H]([C@H](O2)CO)O)O)CO)O)O)O)O	C([C@@H]1[C@H]([C@@H]([C@H]([C@H](O1)O[C@]2([C@H]([C@@H]([C@H](O2)CO)O)O)CO)O)O)O)O	responder_cluster_50_00924	5997.0	6150.0	541.0	5965.0	0.0	sequence_idcov	[0.0,0.2)
TF-50	3	C([C@@H]1[C@H]([C@H]([C@@H](O1)O)O)O)O	C([C@@H]1[C@H]([C@H]([C@@H](O1)O)O)O)O	responder_cluster_50_01914	5399.0	5480.0	647.0	5373.0	0.0	sequence_idcov	[0.0,0.2)
TF-50	3	C([C@H](C(=O)O)N)O	C([C@H](C(=O)O)N)O	responder_cluster_50_01804	1126.0	5063.0	1265.0	1126.0		sequence_idcov	unanchored
TF-50	3	C([C@H]([C@H]([C@@H](C=O)O)O)O)O	C([C@H]([C@H]([C@@H](C=O)O)O)O)O	responder_cluster_50_00755	5767.0	1588.0	5788.0	5767.0		sequence_idcov	unanchored
TF-50	3	C([C@H]([C@H]([C@@H]([C@H](C(=O)O)O)O)O)O)OP(=O)(O)[O-]	C([C@H]([C@H]([C@@H]([C@H](C(=O)O)O)O)O)O)OP(=O)(O)[O-]	responder_cluster_50_00443	14.0	1992.0	30.0	13.0	0.3729096209912537	sequence_idcov	[0.2,0.4)
TF-50	3	C([C@H]([C@H]([C@@H]([C@H](C(=O)[O-])O)O)O)O)O	C([C@H]([C@H]([C@@H]([C@H](C(=O)[O-])O)O)O)O)O	responder_cluster_50_00443	23.0	1991.0	962.0	21.0	0.3729096209912537	sequence_idcov	[0.2,0.4)
TF-50	3	C1(C(C(OC(C1O)O)C(=O)O)O)O	C1(C(C(OC(C1O)O)C(=O)O)O)O	responder_cluster_50_00055	3355.0	425.0	3358.0	3355.0		sequence_idcov	unanchored
TF-50	3	C1=C(NC=N1)/C=C/C(=O)O	C1=C(NC=N1)/C=C/C(=O)O	responder_cluster_50_00366	5014.0	1134.0	5071.0	5014.0		sequence_idcov	unanchored
TF-50	3	C1=CC(=C(C=C1C(=O)O)O)O	C1=CC(=C(C=C1C(=O)O)O)O	responder_cluster_50_02054	6116.0	6299.0	9.0	6078.0	0.0	sequence_idcov	[0.0,0.2)
TF-50	3	C1=CC(=C(C=C1C2=C(C(=O)C3=C(C=C(C=C3O2)O)O)O)O)O	C1=CC(=C(C=C1C2=C(C(=O)C3=C(C=C(C=C3O2)O)O)O)O)O	responder_cluster_50_00127;responder_cluster_50_00156	598.0	508.0	689.0	594.0		sequence_idcov	unanchored
TF-50	3	C1=CC(=C(C=C1C2=C(C(=O)C3=C(O2)C=C(C=C3)O)O)O)O	C1=CC(=C(C=C1C2=C(C(=O)C3=C(O2)C=C(C=C3)O)O)O)O	responder_cluster_50_00156	1304.0	1852.0	1403.0	1304.0		sequence_idcov	unanchored
TF-50	3	C1=CC(=C(C=C1C2=CC(=O)C3=C(C=C(C=C3O2)O)O)O)O	C1=CC(=C(C=C1C2=CC(=O)C3=C(C=C(C=C3O2)O)O)O)O	responder_cluster_50_00127	2278.0	2452.0	860.0	2256.0	0.0	sequence_idcov	[0.0,0.2)
TF-50	3	C1=CC(=C(C=C1CCN)O)O	C1=CC(=C(C=C1CCN)O)O	responder_cluster_50_00526	1738.0	2020.0	1879.0	1738.0		sequence_idcov	unanchored
TF-50	3	C1=CC(=C(C=C1O)O)C2=C(C(=O)C3=C(C=C(C=C3O2)O)O)O	C1=CC(=C(C=C1O)O)C2=C(C(=O)C3=C(C=C(C=C3O2)O)O)O	responder_cluster_50_00127	562.0	508.0	650.0	561.0		sequence_idcov	unanchored
TF-50	3	C1=CC(=C(C=C1[N+](=O)[O-])[N+](=O)[O-])O	C1=CC(=C(C=C1[N+](=O)[O-])[N+](=O)[O-])O	responder_cluster_50_00526	2618.0	2799.0	857.0	2598.0	0.0	sequence_idcov	[0.0,0.2)
TF-50	3	C1=CC(=CC(=C1)Cl)C(=O)O	C1=CC(=CC(=C1)Cl)C(=O)O	responder_cluster_50_02054	6122.0	6296.0	22.0	6088.0	0.0	sequence_idcov	[0.0,0.2)
TF-50	3	C1=CC(=CC=C1/C=C/C(=O)O)O	C1=CC(=CC=C1/C=C/C(=O)O)O	responder_cluster_50_00984	4552.0	2194.0	4617.0	4552.0		sequence_idcov	unanchored
TF-50	3	C1=CC(=CC=C1C(=O)O)O	C1=CC(=CC=C1C(=O)O)O	responder_cluster_50_00651;responder_cluster_50_00842	1210.0	1372.0	64.0	1169.0	0.0	sequence_idcov	[0.0,0.2)
TF-50	3	C1=CC(=CC=C1C(=O)[O-])[N+](=O)[O-]	C1=CC(=CC=C1C(=O)[O-])[N+](=O)[O-]	responder_cluster_50_01926	496.0	5567.0	635.0	496.0		sequence_idcov	unanchored
TF-50	3	C1=CC(=CC=C1C2=COC3=CC(=CC(=C3C2=O)O)O)O	C1=CC(=CC=C1C2=COC3=CC(=CC(=C3C2=O)O)O)O	responder_cluster_50_00156	93.0	1850.0	747.0	94.0	0.1119126637554585	sequence_idcov	[0.0,0.2)
TF-50	3	C1=CC(=CC=C1CCC(=O)C2=C(C=C(C=C2O)O)O)O	C1=CC(=CC=C1CCC(=O)C2=C(C=C(C=C2O)O)O)O	responder_cluster_50_00127	127.0	508.0	215.0	124.0		sequence_idcov	unanchored
TF-50	3	C1=CC(=CC=C1[C@H]([C@@H](CO)NC(=O)C(Cl)Cl)O)[N+](=O)[O-]	C1=CC(=CC=C1[C@H]([C@@H](CO)NC(=O)C(Cl)Cl)O)[N+](=O)[O-]	responder_cluster_50_00127	2308.0	2456.0	218.0	2266.0	0.0	sequence_idcov	[0.0,0.2)
TF-50	3	C1=CC(=CN=C1)C(=O)O	C1=CC(=CN=C1)C(=O)O	responder_cluster_50_00301	11.0	6340.0	6095.0	6.0	0.3792569832402235	sequence_idcov	[0.2,0.4)
TF-50	3	C1=CC(=NC=C1O)C(=O)O	C1=CC(=NC=C1O)C(=O)O	responder_cluster_50_01773	48.0	4906.0	130.0	47.0		sequence_idcov	unanchored
TF-50	3	C1=CC(=O)NC=C1O	C1=CC(=O)NC=C1O	responder_cluster_50_01838	94.0	5174.0	152.0	87.0		sequence_idcov	unanchored
TF-50	3	C1=CC(=O)OC1CC(=O)OC(=O)O	C1=CC(=O)OC1CC(=O)OC(=O)O	responder_cluster_50_00631	97.0	1327.0	171.0	96.0		sequence_idcov	unanchored
TF-50	3	C1=CC2=C(C=C1O)OC3=C2C(=O)OC4=C3C=CC(=C4)O	C1=CC2=C(C=C1O)OC3=C2C(=O)OC4=C3C=CC(=C4)O	responder_cluster_50_00127	152.0	2457.0	229.0	151.0		sequence_idcov	unanchored
TF-50	3	C1=CC=C(C(=C1)C(=O)O)N	C1=CC=C(C(=C1)C(=O)O)N	responder_cluster_50_01223	341.0	2896.0	458.0	340.0		sequence_idcov	unanchored
TF-50	3	C1=CC=C(C(=C1)C(=O)O)[O-]	C1=CC=C(C(=C1)C(=O)O)[O-]	responder_cluster_50_00526	23.0	2795.0	422.0	26.0	0.0	sequence_idcov	[0.0,0.2)
TF-50	3	C1=CC=C(C=C1)C(=O)[O-]	C1=CC=C(C=C1)C(=O)[O-]	responder_cluster_50_01261	2.0	3017.0	2.0	1.0	0.4246417445482865	sequence_idcov	[0.4,0.5)
TF-50	3	C1=CC=C(C=C1)S(=O)(=O)[O-]	C1=CC=C(C=C1)S(=O)(=O)[O-]	responder_cluster_50_01624	277.0	4323.0	358.0	275.0		sequence_idcov	unanchored
TF-50	3	C1=CC=C2C(=C1)C(=CC=C2)CC3=CC(N5C(=C3C4CC4)SCC5C(O)=O)=O	C1=CC=C2C(=C1)C(=CC=C2)CC3=CC(N5C(=C3C4CC4)SCC5C(O)=O)=O	responder_cluster_50_00943	69.0	2072.0	175.0	68.0		sequence_idcov	unanchored
TF-50	3	C1=CC=C2C(=C1)C=CC=C2O	C1=CC=C2C(=C1)C=CC=C2O	responder_cluster_50_00127	2284.0	2456.0	284.0	2254.0	0.0	sequence_idcov	[0.0,0.2)
TF-50	3	C1=CC=C2C(=C1)C=CN2	C1=CC=C2C(=C1)C=CN2	responder_cluster_50_00127	1404.0	1577.0	559.0	1386.0	0.0	sequence_idcov	[0.0,0.2)
TF-50	3	C1=CC=C2C(=C1)N=C3C=CC=C(C3=N2)C(=O)O	C1=CC=C2C(=C1)N=C3C=CC=C(C3=N2)C(=O)O	responder_cluster_50_00366	1658.0	1734.0	3310.0	1660.0	0.0	sequence_idcov	[0.0,0.2)
TF-50	3	C1=CC=NC(=C1)C2=CC=CC=N2	C1=CC=NC(=C1)C2=CC=CC=N2	responder_cluster_50_01763	3036.0	4862.0	3144.0	3036.0		sequence_idcov	unanchored
TF-50	3	C1=CN(C=N1)CCC(=O)[O-]	C1=CN(C=N1)CCC(=O)[O-]	responder_cluster_50_00366	5936.0	2980.0	5969.0	5936.0		sequence_idcov	unanchored
TF-50	3	C1=NC(=C2C(=N1)N(C=N2)[C@@H]3[C@@H]([C@@H]([C@H](O3)COP(=O)(O)OS(=O)(=O)O)O)O)N	C1=NC(=C2C(=N1)N(C=N2)[C@@H]3[C@@H]([C@@H]([C@H](O3)COP(=O)(O)OS(=O)(=O)O)O)O)N	responder_cluster_50_00380	4413.0	6435.0	4444.0	4413.0		sequence_idcov	unanchored
TF-50	3	C1=NC(=C2C(=N1)N(C=N2)[C@H]3[C@@H]([C@@H]([C@H](O3)COP(=O)(O)OS(=O)(=O)O)O)O)N	C1=NC(=C2C(=N1)N(C=N2)[C@H]3[C@@H]([C@@H]([C@H](O3)COP(=O)(O)OS(=O)(=O)O)O)O)N	responder_cluster_50_00380;responder_cluster_50_00601	622.0	1254.0	702.0	621.0		sequence_idcov	unanchored
TF-50	3	C1=NC2=C(N1[C@H]3[C@@H]([C@@H]([C@H](O3)CO)O)O)NC(=O)NC2=O	C1=NC2=C(N1[C@H]3[C@@H]([C@@H]([C@H](O3)CO)O)O)NC(=O)NC2=O	responder_cluster_50_01571	255.0	4269.0	301.0	254.0		sequence_idcov	unanchored
TF-50	3	C1C(C(C(C(O1)O)OP(=O)(O)OC2C(OC(C2O)(CO)OC3C(C(C(C(O3)COP(=O)(O)O)O)O)O)O)O)O	C1C(C(C(C(O1)O)OP(=O)(O)OC2C(OC(C2O)(CO)OC3C(C(C(C(O3)COP(=O)(O)O)O)O)O)O)O)O	responder_cluster_50_02007	647.0	6022.0	606.0	646.0		sequence_idcov	unanchored
TF-50	3	C1C2C(C(C(O2)N3C=NC4=C(N=CN=C43)N)O)OP(=O)(OCC5C(C(C(O5)N6C=NC7=C(N=CN=C76)N)O)OP(=O)(O1)O)O	C1C2C(C(C(O2)N3C=NC4=C(N=CN=C43)N)O)OP(=O)(OCC5C(C(C(O5)N6C=NC7=C(N=CN=C76)N)O)OP(=O)(O1)O)O	responder_cluster_50_01721	112.0	4679.0	109.0	112.0		sequence_idcov	unanchored
TF-50	3	C1CC1C(=O)C2CC2	C1CC1C(=O)C2CC2	responder_cluster_50_01510	610.0	3897.0	813.0	610.0		sequence_idcov	unanchored
TF-50	3	C1[C@@H]2CN(CN2C3=C(N1)N=C(NC3=O)N)C4=CC=C(C=C4)C(=O)NC(CCC(=O)O)C(=O)O	C1[C@@H]2CN(CN2C3=C(N1)N=C(NC3=O)N)C4=CC=C(C=C4)C(=O)NC(CCC(=O)O)C(=O)O	responder_cluster_50_00083	2358.0	6124.0	2464.0	2358.0		sequence_idcov	unanchored
TF-50	3	C1[C@@H]2[C@H]([C@H]([C@@H](O2)N3C=NC4=C(N=CN=C43)N)O)OP(=O)(O1)O	C1[C@@H]2[C@H]([C@H]([C@@H](O2)N3C=NC4=C(N=CN=C43)N)O)OP(=O)(O1)O	responder_cluster_50_00085	864.0	4060.0	871.0	866.0		sequence_idcov	unanchored
TF-50	3	C1[C@@H]2[C@H]([C@H]([C@@H](O2)N3C=NC4=C(N=CN=C43)N)O)OP(=O)(OC[C@@H]5[C@H]([C@H]([C@@H](O5)N6C=NC7=C(N=CN=C76)N)O)OP(=O)(O1)O)O	C1[C@@H]2[C@H]([C@H]([C@@H](O2)N3C=NC4=C(N=CN=C43)N)O)OP(=O)(OC[C@@H]5[C@H]([C@H]([C@@H](O5)N6C=NC7=C(N=CN=C76)N)O)OP(=O)(O1)O)O	responder_cluster_50_01721;responder_cluster_50_01807	4504.0	4678.0	317.0	4480.0	0.0	sequence_idcov	[0.0,0.2)
TF-50	3	C1[C@H](OC2=CC(=CC(=C2C1=O)O)O)C3=CC=C(C=C3)O	C1[C@H](OC2=CC(=CC(=C2C1=O)O)O)C3=CC=C(C=C3)O	responder_cluster_50_00127	337.0	507.0	407.0	323.0	0.0	sequence_idcov	[0.0,0.2)
TF-50	3	C1[C@H]([C@@H]([C@H](C(O1)O)O)O)O	C1[C@H]([C@@H]([C@H](C(O1)O)O)O)O	responder_cluster_50_00348	30.0	785.0	488.0	21.0	0.2797209302325582	sequence_idcov	[0.2,0.4)
TF-50	3	C=O	C=O	responder_cluster_50_00896	1785.0	1953.0	5605.0	1784.0	0.0	sequence_idcov	[0.0,0.2)
TF-50	3	CC(=O)C(=O)O	CC(=O)C(=O)O	responder_cluster_50_00001	1469.0	2050.0	1588.0	1469.0		sequence_idcov	unanchored
TF-50	3	CC(=O)C(=O)[O-]	CC(=O)C(=O)[O-]	responder_cluster_50_00001;responder_cluster_50_00420	954.0	907.0	1057.0	954.0		sequence_idcov	unanchored
TF-50	3	CC(=O)NC(CO)C(=O)O	CC(=O)NC(CO)C(=O)O	responder_cluster_50_00380	1134.0	838.0	1242.0	1134.0		sequence_idcov	unanchored
TF-50	3	CC(=O)N[C@@H](CO)C(=O)O	CC(=O)N[C@@H](CO)C(=O)O	responder_cluster_50_00380	1553.0	838.0	1669.0	1553.0		sequence_idcov	unanchored
TF-50	3	CC(=O)OC[C@@H](C(=O)O)N	CC(=O)OC[C@@H](C(=O)O)N	responder_cluster_50_00380	808.0	837.0	1530.0	810.0	0.0	sequence_idcov	[0.0,0.2)
TF-50	3	CC(C)(COP(=O)(O)OP(=O)(O)OC[C@@H]1[C@H]([C@H]([C@@H](O1)N2C=NC3=C(N=CN=C32)N)O)OP(=O)(O)O)[C@H](C(=O)NCCC(=O)NCCSC(=O)/C=C/C4=CC(=C(C(=C4)OC)O)OC)O	CC(C)(COP(=O)(O)OP(=O)(O)OC[C@@H]1[C@H]([C@H]([C@@H](O1)N2C=NC3=C(N=CN=C32)N)O)OP(=O)(O)O)[C@H](C(=O)NCCC(=O)NCCSC(=O)/C=C/C4=CC(=C(C(=C4)OC)O)OC)O	responder_cluster_50_00255	31.0	666.0	24.0	2.0		sequence_idcov	unanchored
TF-50	3	CC(C)(COP(=O)(O)OP(=O)(O)OC[C@@H]1[C@H]([C@H]([C@@H](O1)N2C=NC3=C(N=CN=C32)N)O)OP(=O)(O)O)[C@H](C(=O)NCCC(=O)NCCSC(=O)/C=C/C4=CC(=C(C=C4)O)O)O	CC(C)(COP(=O)(O)OP(=O)(O)OC[C@@H]1[C@H]([C@H]([C@@H](O1)N2C=NC3=C(N=CN=C32)N)O)OP(=O)(O)O)[C@H](C(=O)NCCC(=O)NCCSC(=O)/C=C/C4=CC(=C(C=C4)O)O)O	responder_cluster_50_00255	33.0	666.0	24.0	4.0		sequence_idcov	unanchored
TF-50	3	CC(C)(COP(=O)(O)OP(=O)(O)OC[C@@H]1[C@H]([C@H]([C@@H](O1)N2C=NC3=C(N=CN=C32)N)O)OP(=O)(O)O)[C@H](C(=O)NCCC(=O)NCCSC(=O)/C=C/C4=CC=C(C=C4)O)O	CC(C)(COP(=O)(O)OP(=O)(O)OC[C@@H]1[C@H]([C@H]([C@@H](O1)N2C=NC3=C(N=CN=C32)N)O)OP(=O)(O)O)[C@H](C(=O)NCCC(=O)NCCSC(=O)/C=C/C4=CC=C(C=C4)O)O	responder_cluster_50_00255	34.0	666.0	30.0	5.0		sequence_idcov	unanchored
TF-50	3	CC(C)(COP(=O)(O)OP(=O)(O)OC[C@@H]1[C@H]([C@H]([C@@H](O1)N2C=NC3=C(N=CN=C32)N)O)OP(=O)(O)O)[C@H](C(=O)NCCC(=O)NCCSC(=O)C=CC4=CC(=C(C=C4)O)OC)O	CC(C)(COP(=O)(O)OP(=O)(O)OC[C@@H]1[C@H]([C@H]([C@@H](O1)N2C=NC3=C(N=CN=C32)N)O)OP(=O)(O)O)[C@H](C(=O)NCCC(=O)NCCSC(=O)C=CC4=CC(=C(C=C4)O)OC)O	responder_cluster_50_00255	485.0	665.0	25.0	444.0	0.0	sequence_idcov	[0.0,0.2)
TF-50	3	CC(C)(COP(=O)(O)OP(=O)(O)OC[C@@H]1[C@H]([C@H]([C@@H](O1)N2C=NC3=C(N=CN=C32)N)O)OP(=O)(O)O)[C@H](C(=O)NCCC(=O)NCCSC(=O)CC(=O)O)O	CC(C)(COP(=O)(O)OP(=O)(O)OC[C@@H]1[C@H]([C@H]([C@@H](O1)N2C=NC3=C(N=CN=C32)N)O)OP(=O)(O)O)[C@H](C(=O)NCCC(=O)NCCSC(=O)CC(=O)O)O	responder_cluster_50_00625	5690.0	3386.0	5737.0	5690.0		sequence_idcov	unanchored
TF-50	3	CC(C)(COP(=O)(O)OP(=O)(O)OC[C@@H]1[C@H]([C@H]([C@@H](O1)N2C=NC3=C(N=CN=C32)N)O)OP(=O)(O)O)[C@H](C(=O)NCCC(=O)NCCSC(=O)CC4=CC=CC=C4)O	CC(C)(COP(=O)(O)OP(=O)(O)OC[C@@H]1[C@H]([C@H]([C@@H](O1)N2C=NC3=C(N=CN=C32)N)O)OP(=O)(O)O)[C@H](C(=O)NCCC(=O)NCCSC(=O)CC4=CC=CC=C4)O	responder_cluster_50_00897	1771.0	1954.0	255.0	1738.0	0.0	sequence_idcov	[0.0,0.2)
TF-50	3	CC(C)S[C@H]1[C@@H]([C@H]([C@H]([C@H](O1)CO)O)O)O	CC(C)S[C@H]1[C@@H]([C@H]([C@H]([C@H](O1)CO)O)O)O	responder_cluster_50_00577	2779.0	1208.0	2886.0	2779.0		sequence_idcov	unanchored
TF-50	3	CC1=C(C=CC2=C1OC(=O)C(=C2O)NC(=O)C3=CC(=C(C=C3)O)CC=C(C)C)O[C@H]4[C@@H]([C@@H]([C@H](C(O4)(C)C)OC)OC(=O)N)O	CC1=C(C=CC2=C1OC(=O)C(=C2O)NC(=O)C3=CC(=C(C=C3)O)CC=C(C)C)O[C@H]4[C@@H]([C@@H]([C@H](C(O4)(C)C)OC)OC(=O)N)O	responder_cluster_50_01920	5387.0	5551.0	53.0	5339.0	0.0	sequence_idcov	[0.0,0.2)
TF-50	3	CC1=CC(=CC=C1)CO	CC1=CC(=CC=C1)CO	responder_cluster_50_01063	269.0	2409.0	6129.0	262.0	0.1024028268551236	sequence_idcov	[0.0,0.2)
TF-50	3	CC1=CC(=O)C2=C(C1=O)C=CC=C2O	CC1=CC(=O)C2=C(C1=O)C=CC=C2O	responder_cluster_50_01920	114.0	5553.0	226.0	112.0		sequence_idcov	unanchored
TF-50	3	CC1=NC=C(C(=C1O)C=O)COP(=O)(O)O	CC1=NC=C(C(=C1O)C=O)COP(=O)(O)O	responder_cluster_50_01628	726.0	4339.0	923.0	726.0		sequence_idcov	unanchored
TF-50	3	CCCC(=O)CC(=O)NC1CCOC1=O	CCCC(=O)CC(=O)NC1CCOC1=O	responder_cluster_50_00821	7.0	1732.0	12.0	4.0	0.217344	sequence_idcov	[0.2,0.4)
TF-50	3	CCCC(=O)CC(=O)N[C@H]1CCOC1=O	CCCC(=O)CC(=O)N[C@H]1CCOC1=O	responder_cluster_50_00821	5.0	6032.0	11.0	17.0	0.2154599999999999	sequence_idcov	[0.2,0.4)
TF-50	3	CCCC(=O)NC1CCOC1=O	CCCC(=O)NC1CCOC1=O	responder_cluster_50_00889	8.0	1939.0	4.0	1.0		sequence_idcov	unanchored
TF-50	3	CCCC(=O)N[C@H]1CCOC1=O	CCCC(=O)N[C@H]1CCOC1=O	responder_cluster_50_00889	8.0	1939.0	4.0	1.0		sequence_idcov	unanchored
TF-50	3	CCCCCCCCCCCC(=O)CC(=O)N[C@H]1CCOC1=O	CCCCCCCCCCCC(=O)CC(=O)N[C@H]1CCOC1=O	responder_cluster_50_01747	11.0	4794.0	2.0	1.0		sequence_idcov	unanchored
TF-50	3	CCCCCCCCCCCC1=CC=C(N1)/C=C\2/C(=CC(=N2)C3=CC=CN3)OC	CCCCCCCCCCCC1=CC=C(N1)/C=C\2/C(=CC(=N2)C3=CC=CN3)OC	responder_cluster_50_01581	89.0	4187.0	182.0	88.0		sequence_idcov	unanchored
TF-50	3	CCCCCCCCCCCCCCC(=O)N1CCOC1=O	CCCCCCCCCCCCCCC(=O)N1CCOC1=O	responder_cluster_50_01747	15.0	4794.0	8.0	4.0		sequence_idcov	unanchored
TF-50	3	CCCCCCCCCCCCCCC(=O)N[C@H]1CCOC1=O	CCCCCCCCCCCCCCC(=O)N[C@H]1CCOC1=O	responder_cluster_50_01747	11.0	4794.0	2.0	1.0		sequence_idcov	unanchored
TF-50	3	CCCCCCCCCCCCCCCC(=O)N[C@H]1CCOC1=O	CCCCCCCCCCCCCCCC(=O)N[C@H]1CCOC1=O	responder_cluster_50_01747	11.0	4794.0	2.0	1.0		sequence_idcov	unanchored
TF-50	3	CCCCCCCCCCCCCCCC(=O)O	CCCCCCCCCCCCCCCC(=O)O	responder_cluster_50_01211	2749.0	2862.0	1262.0	2748.0	0.0	sequence_idcov	[0.0,0.2)
TF-50	3	CCCCCCCCCCCCCCCCCC(=O)N[C@H]1CCOC1=O	CCCCCCCCCCCCCCCCCC(=O)N[C@H]1CCOC1=O	responder_cluster_50_01747	11.0	4794.0	2.0	1.0		sequence_idcov	unanchored
TF-50	3	CCCCCCCCCCCCCCCCCC(=O)OC[C@H](CO)O	CCCCCCCCCCCCCCCCCC(=O)OC[C@H](CO)O	responder_cluster_50_01973	158.0	5828.0	227.0	158.0		sequence_idcov	unanchored
TF-50	3	CCCCCS(=O)(=O)[O-]	CCCCCS(=O)(=O)[O-]	responder_cluster_50_01624	720.0	4323.0	834.0	720.0		sequence_idcov	unanchored
TF-50	3	CCCCOC(=O)C1=CC=C(C=C1)O	CCCCOC(=O)C1=CC=C(C=C1)O	responder_cluster_50_00127	61.0	508.0	178.0	60.0		sequence_idcov	unanchored
TF-50	3	CCOC1=CC=C(C=C1)C2=NC3=C(N2)C=C(C=C3)C4=NC5=C(N4)C=C(C=C5)N6CCN(CC6)C	CCOC1=CC=C(C=C1)C2=NC3=C(N2)C=C(C=C3)C4=NC5=C(N4)C=C(C=C5)N6CCN(CC6)C	responder_cluster_50_01331	830.0	3239.0	915.0	830.0		sequence_idcov	unanchored
TF-50	3	CC[C@@H]1[C@@]([C@@H]([C@H](C(=O)[C@@H](C[C@@]([C@@H]([C@H]([C@@H]([C@H](C(=O)O1)C)O[C@H]2C[C@@]([C@H]([C@@H](O2)C)O)(C)OC)C)O[C@H]3[C@@H]([C@H](C[C@H](O3)C)N(C)C)O)(C)O)C)C)O)(C)O	CC[C@@H]1[C@@]([C@@H]([C@H](C(=O)[C@@H](C[C@@]([C@@H]([C@H]([C@@H]([C@H](C(=O)O1)C)O[C@H]2C[C@@]([C@H]([C@@H](O2)C)O)(C)OC)C)O[C@H]3[C@@H]([C@H](C[C@H](O3)C)N(C)C)O)(C)O)C)C)O)(C)O	responder_cluster_50_00816	41.0	1721.0	77.0	40.0		sequence_idcov	unanchored
TF-50	3	CN(C)C(=O)/N=N/C(=O)N(C)C	CN(C)C(=O)/N=N/C(=O)N(C)C	responder_cluster_50_02063	29.0	6355.0	81.0	28.0		sequence_idcov	unanchored
TF-50	3	CNCC(=O)O	CNCC(=O)O	responder_cluster_50_00982	24.0	2190.0	47.0	17.0		sequence_idcov	unanchored
TF-50	3	COC(=O)C1=CC=C(C=C1)O	COC(=O)C1=CC=C(C=C1)O	responder_cluster_50_00127	797.0	508.0	954.0	797.0		sequence_idcov	unanchored
TF-50	3	COC1=C(C=CC(=C1)/C=C/C(=O)O)O	COC1=C(C=CC(=C1)/C=C/C(=O)O)O	responder_cluster_50_00984	3256.0	2194.0	3351.0	3256.0		sequence_idcov	unanchored
TF-50	3	COC1=C(C=CC(=C1)C(=O)O)[O-]	COC1=C(C=CC(=C1)C(=O)O)[O-]	responder_cluster_50_00558	993.0	1169.0	1217.0	991.0	0.0	sequence_idcov	[0.0,0.2)
TF-50	3	C[C@@H](C(=O)O)N	C[C@@H](C(=O)O)N	responder_cluster_50_01396	5.0	3478.0	22.0	4.0	0.2412528735632184	sequence_idcov	[0.2,0.4)
TF-50	3	C[C@@H]1C2=C(C[C@H](O1)CC(=O)O)C(=O)C3=C(C2=O)C(=O)C(=CC3=O)C4=CC(=C5C(=C4O)C(=C6[C@H](O[C@@H](CC6=C5O)CC(=O)O)C)O)O	C[C@@H]1C2=C(C[C@H](O1)CC(=O)O)C(=O)C3=C(C2=O)C(=O)C(=CC3=O)C4=CC(=C5C(=C4O)C(=C6[C@H](O[C@@H](CC6=C5O)CC(=O)O)C)O)O	responder_cluster_50_01581	4005.0	4186.0	11.0	3958.0	0.0	sequence_idcov	[0.0,0.2)
TF-50	3	C[C@@H]1C[C@@H]([C@H]([C@@H](O1)O[C@H]2[C@H](C[C@@]3(CO3)C(=O)[C@@H]([C@H]([C@H]([C@H](OC(=O)[C@@H]([C@H]([C@@H]2C)O[C@H]4C[C@@H]([C@H]([C@@H](O4)C)O)OC)C)C)C)O)C)C)O)N(C)C	C[C@@H]1C[C@@H]([C@H]([C@@H](O1)O[C@H]2[C@H](C[C@@]3(CO3)C(=O)[C@@H]([C@H]([C@H]([C@H](OC(=O)[C@@H]([C@H]([C@@H]2C)O[C@H]4C[C@@H]([C@H]([C@@H](O4)C)O)OC)C)C)C)O)C)C)O)N(C)C	responder_cluster_50_00816	70.0	1721.0	111.0	69.0		sequence_idcov	unanchored
TF-50	3	C[C@@]1([C@H]2C[C@H]3[C@@H](C(=O)C(=C([C@]3(C(=O)C2=C(C4=C1C=CC=C4O)O)O)O)C(=O)N)N(C)C)O	C[C@@]1([C@H]2C[C@H]3[C@@H](C(=O)C(=C([C@]3(C(=O)C2=C(C4=C1C=CC=C4O)O)O)O)C(=O)N)N(C)C)O	responder_cluster_50_00127	78.0	2454.0	244.0	72.0	0.1234285714285714	sequence_idcov	[0.0,0.2)
TF-50	3	C[C@H](C(=O)O)O	C[C@H](C(=O)O)O	responder_cluster_50_00001	1117.0	6079.0	1181.0	1116.0		sequence_idcov	unanchored
TF-50	3	C[C@H]1[C@@H]([C@H]([C@H](C(O1)O)O)O)O	C[C@H]1[C@@H]([C@H]([C@H](C(O1)O)O)O)O	responder_cluster_50_01289	10.0	5000.0	6.0	7.0	0.3279609929078014	sequence_idcov	[0.2,0.4)
TF-50	3	C[C@H]1[C@H](CC[C@@H](O1)O[C@@H]2C[C@@H](O[C@@H]([C@H]2O)C)O[C@@H]3[C@H](O[C@H](C[C@H]3O)OC4=C5C(=C(C=C4)O)C(=O)C6=C(C5=O)[C@@H](CC7=C6C(=CC(=C7)C)O)O)C)O	C[C@H]1[C@H](CC[C@@H](O1)O[C@@H]2C[C@@H](O[C@@H]([C@H]2O)C)O[C@@H]3[C@H](O[C@H](C[C@H]3O)OC4=C5C(=C(C=C4)O)C(=O)C6=C(C5=O)[C@@H](CC7=C6C(=CC(=C7)C)O)O)C)O	responder_cluster_50_01832	254.0	5160.0	336.0	253.0		sequence_idcov	unanchored
TF-50	3	C[C@H]1[C@H](CC[C@@H](O1)O[C@@H]2C[C@@H](O[C@@H]([C@H]2O)C)O[C@@H]3[C@H](O[C@H](C[C@H]3O)O[C@H]4CC[C@@H](O[C@H]4C)O[C@@H]5C[C@@H](O[C@@H]([C@H]5O)C)O[C@@H]6[C@H](O[C@H](C[C@H]6O)OC7=C8C(=C(C=C7)O)C(=O)C9=C(C8=O)[C@@H](CC1=C9C(=CC(=C1)C)O)O)C)C)O	C[C@H]1[C@H](CC[C@@H](O1)O[C@@H]2C[C@@H](O[C@@H]([C@H]2O)C)O[C@@H]3[C@H](O[C@H](C[C@H]3O)O[C@H]4CC[C@@H](O[C@H]4C)O[C@@H]5C[C@@H](O[C@@H]([C@H]5O)C)O[C@@H]6[C@H](O[C@H](C[C@H]6O)OC7=C8C(=C(C=C7)O)C(=O)C9=C(C8=O)[C@@H](CC1=C9C(=CC(=C1)C)O)O)C)C)O	responder_cluster_50_01832	175.0	5160.0	239.0	175.0		sequence_idcov	unanchored
TF-50	3	C[C@H]1[C@H]([C@H](C[C@@H](O1)O[C@H]2C[C@@](CC3=C2C(=C4C(=C3O)C(=O)C5=C(C4=O)C(=CC=C5)OC)O)(C(=O)C)O)N)O	C[C@H]1[C@H]([C@H](C[C@@H](O1)O[C@H]2C[C@@](CC3=C2C(=C4C(=C3O)C(=O)C5=C(C4=O)C(=CC=C5)OC)O)(C(=O)C)O)N)O	responder_cluster_50_01331	3058.0	3238.0	1974.0	3057.0	0.0	sequence_idcov	[0.0,0.2)
TF-50	3	C[C@H]1[C@H]([C@H]([C@@H](C(O1)O)O)O)O	C[C@H]1[C@H]([C@H]([C@@H](C(O1)O)O)O)O	responder_cluster_50_01118	209.0	2568.0	553.0	217.0	0.2807803468208092	sequence_idcov	[0.2,0.4)
TF-50	3	C[N+](C)(C)CCO	C[N+](C)(C)CCO	responder_cluster_50_00480	1549.0	1174.0	1687.0	1549.0		sequence_idcov	unanchored
TF-50	3	C[S+](CCC(C(=O)[O-])N)CC1C(C(C(O1)N2C=NC3=C(N=CN=C32)N)O)O	C[S+](CCC(C(=O)[O-])N)CC1C(C(C(O1)N2C=NC3=C(N=CN=C32)N)O)O	responder_cluster_50_00000	1073.0	3257.0	1181.0	1073.0		sequence_idcov	unanchored
TF-50	3	C[S+](CC[C@@H](C(=O)[O-])N)C[C@@H]1[C@H]([C@H]([C@@H](O1)N2C=NC3=C(N=CN=C32)N)O)O	C[S+](CC[C@@H](C(=O)[O-])N)C[C@@H]1[C@H]([C@H]([C@@H](O1)N2C=NC3=C(N=CN=C32)N)O)O	responder_cluster_50_00000	519.0	3257.0	594.0	519.0		sequence_idcov	unanchored
TF-50	3	OC(=O)CCCC([O-])=O	OC(=O)CCCC([O-])=O	responder_cluster_50_00302	618.0	727.0	370.0	592.0	0.0	sequence_idcov	[0.0,0.2)
TF-50	3	OC(=O)[C@H](O)[C@@H](O)[C@@H](O)C(=O)CO	OC(=O)[C@H](O)[C@@H](O)[C@@H](O)C(=O)CO	responder_cluster_50_00055	914.0	3089.0	1046.0	914.0		sequence_idcov	unanchored
TF-50	3	OC[C@@H](O)COP([O-])([O-])=O	OC[C@@H](O)COP([O-])([O-])=O	responder_cluster_50_00145;responder_cluster_50_01841	475.0	527.0	758.0	467.0	0.0	sequence_idcov	[0.0,0.2)
TF-50	3	OO	OO	responder_cluster_50_00060;responder_cluster_50_01229	23.0	430.0	24.0	3.0	0.3546818181818181	sequence_idcov	[0.2,0.4)
TF-50	3	OS(=O)(=S)[O-]	OS(=O)(=S)[O-]	responder_cluster_50_00380	4050.0	2417.0	4036.0	4050.0		sequence_idcov	unanchored
TF-50	3	[C@@H]([C@H](C(=O)[O-])O)(C(=O)[O-])O	[C@@H]([C@H](C(=O)[O-])O)(C(=O)[O-])O	responder_cluster_50_01752	14.0	4814.0	306.0	11.0	0.1540645161290322	sequence_idcov	[0.0,0.2)
TF-50	3	[C@@H]1([C@H]([C@H](O[C@@H]([C@@H]1O)O)C(=O)[O-])O)O	[C@@H]1([C@H]([C@H](O[C@@H]([C@@H]1O)O)C(=O)[O-])O)O	responder_cluster_50_00055	270.0	424.0	495.0	244.0	0.0	sequence_idcov	[0.0,0.2)
TF-50	3	[Cd+2]	[Cd+2]	responder_cluster_50_01251	611.0	5051.0	643.0	611.0		sequence_idcov	unanchored
TF-50	3	[NH3+]CCC([O-])=O	[NH3+]CCC([O-])=O	responder_cluster_50_01770	1439.0	4894.0	1497.0	1439.0		sequence_idcov	unanchored
TF-50	3	[No]	[No]	responder_cluster_50_01788	5550.0	4973.0	5457.0	5550.0		sequence_idcov	unanchored
TF-50	3	[O-]S(=O)(=O)[O-]	[O-]S(=O)(=O)[O-]	responder_cluster_50_00601;responder_cluster_50_01624	1595.0	1254.0	1648.0	1595.0		sequence_idcov	unanchored
TF-50	3	[O-]S(=O)[O-]	[O-]S(=O)[O-]	responder_cluster_50_00601	3951.0	1254.0	3987.0	3951.0		sequence_idcov	unanchored
TF-50	3	[O-][As]([O-])[O-]	[O-][As]([O-])[O-]	responder_cluster_50_01065	493.0	2412.0	505.0	490.0		sequence_idcov	unanchored
TF-50	3	[OH-][Na+]	[OH-][Na+]	responder_cluster_50_01087	2913.0	2469.0	3168.0	2913.0		sequence_idcov	unanchored
TF-50	3	[S-]	[S-]	responder_cluster_50_00601	6160.0	1254.0	6128.0	6160.0		sequence_idcov	unanchored
TF-50	3	ion:Co2+	ion:Co2+	responder_cluster_50_01251	4985.0	4972.0	544.0	4969.0	0.0	sequence_idcov	[0.0,0.2)
TF-50	3	ion:Fe2+	ion:Fe2+	responder_cluster_50_01251	5029.0	4964.0	524.0	5006.0	0.0	sequence_idcov	[0.0,0.2)
TF-50	3	ion:Fe_unspecified	ion:Fe_unspecified	responder_cluster_50_01251	5026.0	4967.0	2118.0	5032.0	0.0	sequence_idcov	[0.0,0.2)
TF-50	3	ion:Mn2+	ion:Mn2+	responder_cluster_50_00541;responder_cluster_50_01251	98.0	3167.0	362.0	102.0	0.2578193548387096	sequence_idcov	[0.2,0.4)
TF-50	3	ion:Mn_unspecified	ion:Mn_unspecified	responder_cluster_50_00076;responder_cluster_50_00416;responder_cluster_50_01251	58.0	3543.0	257.0	62.0	0.3682790697674418	sequence_idcov	[0.2,0.4)
TF-50	3	ion:Ni2+	ion:Ni2+	responder_cluster_50_01251	4985.0	4970.0	545.0	4969.0	0.0	sequence_idcov	[0.0,0.2)
TF-50	3	ion:Ni_unspecified	ion:Ni_unspecified	responder_cluster_50_00076;responder_cluster_50_01251	3764.0	3719.0	2125.0	3773.0	0.0	sequence_idcov	[0.0,0.2)
TF-50	3	ion:Zn2+	ion:Zn2+	responder_cluster_50_01251	5039.0	4971.0	568.0	5017.0	0.0	sequence_idcov	[0.0,0.2)
TF-50	3	ion:Zn_unspecified	ion:Zn_unspecified	responder_cluster_50_00076	3820.0	3718.0	4659.0	3823.0	0.0	sequence_idcov	[0.0,0.2)
TF-50	3	ion:antimonite	ion:antimonite	responder_cluster_50_01065	281.0	2172.0	281.0	281.0		sequence_idcov	unanchored
TF-50	4	C(=C/C(=O)O)\C(=O)O	C(=C/C(=O)O)\C(=O)O	responder_cluster_50_01285	87.0	3102.0	114.0	84.0		sequence_idcov	unanchored
TF-50	4	C(=C\C(=O)[O-])\C=C/C(=O)[O-]	C(=C\C(=O)[O-])\C=C/C(=O)[O-]	responder_cluster_50_01834	2.0	5177.0	83.0	1.0	0.3863782894736842	sequence_idcov	[0.2,0.4)
TF-50	4	C(C(=O)[O-])C(CC(=O)[O-])(C(=O)[O-])O	C(C(=O)[O-])C(CC(=O)[O-])(C(=O)[O-])O	responder_cluster_50_00545;responder_cluster_50_01142	2687.0	2656.0	2048.0	2694.0	0.0	sequence_idcov	[0.0,0.2)
TF-50	4	C(C1C(C(C(C(O1)OCC2C(C(C(C(O2)OC3(C(C(C(O3)CO)O)O)CO)O)O)O)O)O)O)O	C(C1C(C(C(C(O1)OCC2C(C(C(C(O2)OC3(C(C(C(O3)CO)O)O)CO)O)O)O)O)O)O)O	responder_cluster_50_00565	1.0	1210.0	102.0	1.0	0.3994405594405594	sequence_idcov	[0.2,0.4)
TF-50	4	C(CC(=O)O)C(=O)CC(=O)O	C(CC(=O)O)C(=O)CC(=O)O	responder_cluster_50_01285	80.0	4178.0	92.0	79.0		sequence_idcov	unanchored
TF-50	4	C(CC(=O)O)C(=O)O	C(CC(=O)O)C(=O)O	responder_cluster_50_01285	50.0	3102.0	53.0	47.0		sequence_idcov	unanchored
TF-50	4	C(CC(=O)O)C(C(=O)O)NCC(C(C(C(CO)O)O)O)O	C(CC(=O)O)C(C(=O)O)NCC(C(C(C(CO)O)O)O)O	responder_cluster_50_01022	344.0	2332.0	361.0	342.0		sequence_idcov	unanchored
TF-50	4	C(CC(=O)O)CC(=O)O	C(CC(=O)O)CC(=O)O	responder_cluster_50_01285	2940.0	3101.0	20.0	2884.0	0.0	sequence_idcov	[0.0,0.2)
TF-50	4	C(CCC(=O)O)CC(=O)O	C(CCC(=O)O)CC(=O)O	responder_cluster_50_01285	33.0	3102.0	32.0	17.0		sequence_idcov	unanchored
TF-50	4	C(CCC(=O)O)CCC(=O)O	C(CCC(=O)O)CCC(=O)O	responder_cluster_50_01285	33.0	3102.0	30.0	17.0		sequence_idcov	unanchored
TF-50	4	C(CCN)CCN	C(CCN)CCN	responder_cluster_50_00057	1187.0	1372.0	272.0	1146.0	0.0	sequence_idcov	[0.0,0.2)
TF-50	4	C(CCN)CN	C(CCN)CN	responder_cluster_50_00057	1187.0	1372.0	236.0	1148.0	0.0	sequence_idcov	[0.0,0.2)
TF-50	4	C(CCN)C[C@@H](C(=O)O)N	C(CCN)C[C@@H](C(=O)O)N	responder_cluster_50_00390	1.0	5028.0	24.0	1.0	0.3324175084175084	sequence_idcov	[0.2,0.4)
TF-50	4	C(CCNCCCN)CN	C(CCNCCCN)CN	responder_cluster_50_00057	1175.0	1372.0	200.0	1171.0	0.0	sequence_idcov	[0.0,0.2)
TF-50	4	C(CO)C(=O)O	C(CO)C(=O)O	responder_cluster_50_00397	735.0	901.0	1298.0	732.0	0.0	sequence_idcov	[0.0,0.2)
TF-50	4	C(CS)[C@@H](C(=O)O)N	C(CS)[C@@H](C(=O)O)N	responder_cluster_50_00332	724.0	800.0	324.0	675.0	0.0	sequence_idcov	[0.0,0.2)
TF-50	4	C(C[C@@H](C(=O)O)N)CN=C(N)N	C(C[C@@H](C(=O)O)N)CN=C(N)N	responder_cluster_50_00390;responder_cluster_50_01963	24.0	5026.0	8.0	24.0	0.3324175084175084	sequence_idcov	[0.2,0.4)
TF-50	4	C([C@@H]([C@H]([C@@H](C(=O)CO)O)O)O)O	C([C@@H]([C@H]([C@@H](C(=O)CO)O)O)O)O	responder_cluster_50_00931	1560.0	2074.0	1643.0	1560.0		sequence_idcov	unanchored
TF-50	4	C([C@@H]1[C@@H]([C@@H]([C@H](C(O1)O)O)O)O)O	C([C@@H]1[C@@H]([C@@H]([C@H](C(O1)O)O)O)O)O	responder_cluster_50_01445	3752.0	3634.0	3888.0	3758.0	0.0	sequence_idcov	[0.0,0.2)
TF-50	4	C([C@@H]1[C@@H]([C@@H]([C@H]([C@H](O1)OC[C@@H]2[C@H]([C@@H]([C@H](C(O2)O)O)O)O)O)O)O)O	C([C@@H]1[C@@H]([C@@H]([C@H]([C@H](O1)OC[C@@H]2[C@H]([C@@H]([C@H](C(O2)O)O)O)O)O)O)O)O	responder_cluster_50_00114	627.0	528.0	600.0	627.0		sequence_idcov	unanchored
TF-50	4	C([C@@H]1[C@H]([C@@H]([C@@H](C(O1)O)O)O)O)O	C([C@@H]1[C@H]([C@@H]([C@@H](C(O1)O)O)O)O)O	responder_cluster_50_01411	3374.0	3537.0	686.0	3347.0	0.0	sequence_idcov	[0.0,0.2)
TF-50	4	C([C@@H]1[C@H]([C@@H]([C@H]([C@H](O1)O[C@]2([C@H]([C@@H]([C@H](O2)CO)O)O)CO)O)O)O)O	C([C@@H]1[C@H]([C@@H]([C@H]([C@H](O1)O[C@]2([C@H]([C@@H]([C@H](O2)CO)O)O)CO)O)O)O)O	responder_cluster_50_00109	5864.0	6013.0	541.0	5820.0	0.0	sequence_idcov	[0.0,0.2)
TF-50	4	C([C@H]([C@@H]([C@@H]([C@H](C(=O)[O-])O)O)O)O)O	C([C@H]([C@@H]([C@@H]([C@H](C(=O)[O-])O)O)O)O)O	responder_cluster_50_00274	362.0	3234.0	419.0	356.0		sequence_idcov	unanchored
TF-50	4	C([C@H]([C@@H]([C@H]([C@@H](C(=O)[O-])O)O)O)O)O	C([C@H]([C@@H]([C@H]([C@@H](C(=O)[O-])O)O)O)O)O	responder_cluster_50_02020	123.0	6129.0	138.0	123.0		sequence_idcov	unanchored
TF-50	4	C12=C(NC(=O)N1)NC(=O)NC2=O	C12=C(NC(=O)N1)NC(=O)NC2=O	responder_cluster_50_01588	1.0	4231.0	1.0	1.0	0.4098214285714285	sequence_idcov	[0.4,0.5)
TF-50	4	C1=C(NC=N1)C[C@@H](C(=O)O)N	C1=C(NC=N1)C[C@@H](C(=O)O)N	responder_cluster_50_00390;responder_cluster_50_00566	399.0	1486.0	428.0	398.0		sequence_idcov	unanchored
TF-50	4	C1=CC(=C(C(=C1)O)O)C=O	C1=CC(=C(C(=C1)O)O)C=O	responder_cluster_50_01710	165.0	4652.0	230.0	160.0		sequence_idcov	unanchored
TF-50	4	C1=CC(=C(C(=C1)[O-])C(=O)O)O	C1=CC(=C(C(=C1)[O-])C(=O)O)O	responder_cluster_50_00277	329.0	723.0	411.0	329.0		sequence_idcov	unanchored
TF-50	4	C1=CC(=C(C=C1C(=O)O)O)O	C1=CC(=C(C=C1C(=O)O)O)O	responder_cluster_50_01033	2149.0	2348.0	63.0	2129.0	0.0	sequence_idcov	[0.0,0.2)
TF-50	4	C1=CC(=C(C=C1C2=CC(=O)C3=C(C=C(C=C3O2)O)O)O)O	C1=CC(=C(C=C1C2=CC(=O)C3=C(C=C(C=C3O2)O)O)O)O	responder_cluster_50_00528	3530.0	3697.0	873.0	3531.0	0.0	sequence_idcov	[0.0,0.2)
TF-50	4	C1=CC(=C(C=C1C2=CC(=O)C3=C(O2)C=C(C=C3)O)O)O	C1=CC(=C(C=C1C2=CC(=O)C3=C(O2)C=C(C=C3)O)O)O	responder_cluster_50_00528	1341.0	5694.0	1447.0	1341.0		sequence_idcov	unanchored
TF-50	4	C1=CC(=C(C=C1C2C(C(=O)C3=C(C=C(C=C3O2)O)O)O)O)O	C1=CC(=C(C=C1C2C(C(=O)C3=C(C=C(C=C3O2)O)O)O)O)O	responder_cluster_50_00528	951.0	1504.0	1099.0	951.0		sequence_idcov	unanchored
TF-50	4	C1=CC(=C(C=C1CC(=O)O)Cl)O	C1=CC(=C(C=C1CC(=O)O)Cl)O	responder_cluster_50_00646	132.0	1391.0	198.0	128.0		sequence_idcov	unanchored
TF-50	4	C1=CC(=C(C=C1O)O)O	C1=CC(=C(C=C1O)O)O	responder_cluster_50_01502	154.0	3871.0	151.0	148.0		sequence_idcov	unanchored
TF-50	4	C1=CC(=CC(=C1)C(=O)[O-])C(=O)[O-]	C1=CC(=CC(=C1)C(=O)[O-])C(=O)[O-]	responder_cluster_50_00513	26.0	1107.0	35.0	11.0		sequence_idcov	unanchored
TF-50	4	C1=CC(=CC(=C1)O)O	C1=CC(=CC(=C1)O)O	responder_cluster_50_01502	163.0	3871.0	147.0	160.0		sequence_idcov	unanchored
TF-50	4	C1=CC(=CC2=NC3=C(C=CC(=C3)N)C=C21)N	C1=CC(=CC2=NC3=C(C=CC(=C3)N)C=C21)N	responder_cluster_50_00057	24.0	1371.0	143.0	25.0	0.0	sequence_idcov	[0.0,0.2)
TF-50	4	C1=CC(=CC=C1C2=C(C(=O)C3=C(C=C(C=C3O2)O)O)O)O	C1=CC(=CC=C1C2=C(C(=O)C3=C(C=C(C=C3O2)O)O)O)O	responder_cluster_50_00528	891.0	1151.0	984.0	889.0		sequence_idcov	unanchored
TF-50	4	C1=CC(=CC=C1C2=C(C(=O)C3=C(O2)C=C(C=C3)O)O)O	C1=CC(=CC=C1C2=C(C(=O)C3=C(O2)C=C(C=C3)O)O)O	responder_cluster_50_00528	1559.0	5659.0	1660.0	1557.0		sequence_idcov	unanchored
TF-50	4	C1=CC(=CC=C1C2=CC(=O)C3=C(O2)C=C(C=C3)O)O	C1=CC(=CC=C1C2=CC(=O)C3=C(O2)C=C(C=C3)O)O	responder_cluster_50_00528	1753.0	5659.0	1854.0	1753.0		sequence_idcov	unanchored
TF-50	4	C1=CC(=CC=C1C2=COC3=CC(=CC(=C3C2=O)O)O)O	C1=CC(=CC=C1C2=COC3=CC(=CC(=C3C2=O)O)O)O	responder_cluster_50_01593	9.0	4240.0	56.0	9.0	0.2523668122270742	sequence_idcov	[0.2,0.4)
TF-50	4	C1=CC(=CC=C1CC(=O)O)O	C1=CC(=CC=C1CC(=O)O)O	responder_cluster_50_00646	104.0	1391.0	182.0	103.0		sequence_idcov	unanchored
TF-50	4	C1=CC(=O)NC=C1C(=O)CCC(=O)[O-]	C1=CC(=O)NC=C1C(=O)CCC(=O)[O-]	responder_cluster_50_00038	184.0	439.0	289.0	184.0		sequence_idcov	unanchored
TF-50	4	C1=CC=C(C=C1)C(=O)[O-]	C1=CC=C(C=C1)C(=O)[O-]	responder_cluster_50_01834	4982.0	5175.0	242.0	4938.0	0.0	sequence_idcov	[0.0,0.2)
TF-50	4	C1=CC=C(C=C1)C2=CC(=O)C3=C(O2)C=C(C=C3)O	C1=CC=C(C=C1)C2=CC(=O)C3=C(O2)C=C(C=C3)O	responder_cluster_50_00528	1954.0	1504.0	2067.0	1954.0		sequence_idcov	unanchored
TF-50	4	C1=CC=C2C(=C1)C(=CN2)[C@@H]([C@@H](COP(=O)(O)O)O)O	C1=CC=C2C(=C1)C(=CN2)[C@@H]([C@@H](COP(=O)(O)O)O)O	responder_cluster_50_00701	307.0	1516.0	472.0	307.0		sequence_idcov	unanchored
TF-50	4	C1=CNC(=O)NC1=O	C1=CNC(=O)NC1=O	responder_cluster_50_00134	1093.0	5984.0	1203.0	1093.0		sequence_idcov	unanchored
TF-50	4	C1=NC2=C(N1[C@H]3[C@@H]([C@@H]([C@H](O3)COP(=O)(O)OP(=O)(O)OP(=O)(O)O)O)O)N=C(NC2=O)N	C1=NC2=C(N1[C@H]3[C@@H]([C@@H]([C@H](O3)COP(=O)(O)OP(=O)(O)OP(=O)(O)O)O)O)N=C(NC2=O)N	responder_cluster_50_00490	4975.0	5170.0	316.0	4929.0	0.0	sequence_idcov	[0.0,0.2)
TF-50	4	C1C(OC2=C(C1=O)C=CC(=C2)O)C3=CC=C(C=C3)O	C1C(OC2=C(C1=O)C=CC(=C2)O)C3=CC=C(C=C3)O	responder_cluster_50_00528	2186.0	5659.0	2284.0	2186.0		sequence_idcov	unanchored
TF-50	4	C1C(OC2=CC=CC=C2C1=O)C3=CC=CC=C3	C1C(OC2=CC=CC=C2C1=O)C3=CC=CC=C3	responder_cluster_50_00528	4541.0	3698.0	4567.0	4541.0		sequence_idcov	unanchored
TF-50	4	C1C=CN(C=C1C(=O)N)[C@H]2[C@@H]([C@@H]([C@H](O2)COP(=O)(O)OP(=O)(O)OC[C@@H]3[C@H]([C@H]([C@@H](O3)N4C=NC5=C(N=CN=C54)N)O)O)O)O	C1C=CN(C=C1C(=O)N)[C@H]2[C@@H]([C@@H]([C@H](O2)COP(=O)(O)OP(=O)(O)OC[C@@H]3[C@H]([C@H]([C@@H](O3)N4C=NC5=C(N=CN=C54)N)O)O)O)O	responder_cluster_50_00136	1567.0	1727.0	1131.0	1560.0	0.0	sequence_idcov	[0.0,0.2)
TF-50	4	C1CC(=O)N(C1C(=O)O)CC(C(C(C(CO)O)O)O)O	C1CC(=O)N(C1C(=O)O)CC(C(C(C(CO)O)O)O)O	responder_cluster_50_01022	1073.0	2332.0	1211.0	1073.0		sequence_idcov	unanchored
TF-50	4	C1[C@@H]([C@@H]([C@H](C(O1)O)O)O)O	C1[C@@H]([C@@H]([C@H](C(O1)O)O)O)O	responder_cluster_50_01445	3696.0	3635.0	5045.0	3709.0	0.0	sequence_idcov	[0.0,0.2)
TF-50	4	C1[C@H](OC2=CC(=CC(=C2C1=O)O)O)C3=CC(=C(C=C3)O)O	C1[C@H](OC2=CC(=CC(=C2C1=O)O)O)C3=CC(=C(C=C3)O)O	responder_cluster_50_00528	568.0	1151.0	696.0	568.0		sequence_idcov	unanchored
TF-50	4	C1[C@H]([C@@H]([C@H](C(O1)O)O)O)O	C1[C@H]([C@@H]([C@H](C(O1)O)O)O)O	responder_cluster_50_00014;responder_cluster_50_00706	14.0	410.0	386.0	9.0	0.361640506329114	sequence_idcov	[0.2,0.4)
TF-50	4	C1[C@H]([C@@H]([C@H]([C@H](O1)O)O)O)O	C1[C@H]([C@@H]([C@H]([C@H](O1)O)O)O)O	responder_cluster_50_00014	322.0	414.0	291.0	322.0		sequence_idcov	unanchored
TF-50	4	CC(=O)NC1C(C(C(OC1O)COP(=O)(O)O)O)O	CC(=O)NC1C(C(C(OC1O)COP(=O)(O)O)O)O	responder_cluster_50_00432	3777.0	3958.0	517.0	3745.0	0.0	sequence_idcov	[0.0,0.2)
TF-50	4	CC(C)(C1=CC=CC=C1)OO	CC(C)(C1=CC=CC=C1)OO	responder_cluster_50_02043	61.0	6258.0	100.0	52.0		sequence_idcov	unanchored
TF-50	4	CC(C)C[C@@H](C(=O)O)N	CC(C)C[C@@H](C(=O)O)N	responder_cluster_50_00638;responder_cluster_50_01159	25.0	1367.0	6.0	4.0		sequence_idcov	unanchored
TF-50	4	CC(C)C[C@H](C(=O)O)N	CC(C)C[C@H](C(=O)O)N	responder_cluster_50_00638	41.0	1367.0	26.0	18.0		sequence_idcov	unanchored
TF-50	4	CC(C)[C@@H](C(=O)O)N	CC(C)[C@@H](C(=O)O)N	responder_cluster_50_00638	10.0	1365.0	16.0	10.0	0.2913291925465838	sequence_idcov	[0.2,0.4)
TF-50	4	CC(CC(=O)[O-])O	CC(CC(=O)[O-])O	responder_cluster_50_00397	218.0	902.0	280.0	217.0		sequence_idcov	unanchored
TF-50	4	CC(CO)C(=O)[O-]	CC(CO)C(=O)[O-]	responder_cluster_50_00397	88.0	902.0	113.0	78.0		sequence_idcov	unanchored
TF-50	4	CC1(C[C@H]2C=C([C@H]3[C@]2(C1)[C@@]4(CO4)C(=O)OC3)C(=O)O)C	CC1(C[C@H]2C=C([C@H]3[C@]2(C1)[C@@]4(CO4)C(=O)OC3)C(=O)O)C	responder_cluster_50_01791	1.0	5016.0	3.0	1.0		sequence_idcov	unanchored
TF-50	4	CC1=C(C(=CC=C1)O)O	CC1=C(C(=CC=C1)O)O	responder_cluster_50_01710	4.0	4651.0	24.0	1.0	0.3776754385964912	sequence_idcov	[0.2,0.4)
TF-50	4	CC1=C(C=CC(=C1)O)O	CC1=C(C=CC(=C1)O)O	responder_cluster_50_00211	1174.0	639.0	1285.0	1174.0		sequence_idcov	unanchored
TF-50	4	CC1=C2C(=CC3=C(C2=O)C(=CC=C3)O)CC(O1)CC(=O)O	CC1=C2C(=CC3=C(C2=O)C(=CC=C3)O)CC(O1)CC(=O)O	responder_cluster_50_01727	54.0	4735.0	136.0	52.0		sequence_idcov	unanchored
TF-50	4	CC1=C2C(=CC3=C(C2=O)C(=CC=C3)O)C[C@H](O1)CC(=O)O	CC1=C2C(=CC3=C(C2=O)C(=CC=C3)O)C[C@H](O1)CC(=O)O	responder_cluster_50_01727	15.0	4735.0	75.0	11.0		sequence_idcov	unanchored
TF-50	4	CC1C2=C(C3C(O1)CC(=O)O3)C(=O)C4=C(C2=O)C(=CC=C4)O	CC1C2=C(C3C(O1)CC(=O)O3)C(=O)C4=C(C2=O)C(=CC=C4)O	responder_cluster_50_01727	15.0	4735.0	60.0	12.0		sequence_idcov	unanchored
TF-50	4	CC=O	CC=O	responder_cluster_50_01175	77.0	2762.0	66.0	72.0		sequence_idcov	unanchored
TF-50	4	CCC(C)C1C(=O)NC(C(=O)NC(=C)C(=O)NC(C(=O)NC23CCC(=NC2C4=CSC(=N4)C(C(OC(=O)C5=NC6=C(C=CC(C6O)N1)C(=C5)C(C)O)C)NC(=O)C7=CSC(=N7)C(NC(=O)C8CSC(=N8)/C(=C\C)/NC(=O)C(NC(=O)C9=CSC3=N9)C(C)O)C(C)(C(C)O)O)C1=NC(=CS1)C(=O)NC(=C)C(=O)NC(=C)C(=O)N)C)C	CCC(C)C1C(=O)NC(C(=O)NC(=C)C(=O)NC(C(=O)NC23CCC(=NC2C4=CSC(=N4)C(C(OC(=O)C5=NC6=C(C=CC(C6O)N1)C(=C5)C(C)O)C)NC(=O)C7=CSC(=N7)C(NC(=O)C8CSC(=N8)/C(=C\C)/NC(=O)C(NC(=O)C9=CSC3=N9)C(C)O)C(C)(C(C)O)O)C1=NC(=CS1)C(=O)NC(=C)C(=O)NC(=C)C(=O)N)C)C	responder_cluster_50_00327	177.0	797.0	222.0	173.0		sequence_idcov	unanchored
TF-50	4	CCC1C(=O)N2CCCC2C(=O)N(C(C(=O)N3CCC(=O)CC3C(=O)NC(C(=O)OC(C(C(=O)N1)NC(=O)C4=C(C=CC=N4)O)C)C5=CC=CC=C5)CC6=CC=C(C=C6)N(C)C)C	CCC1C(=O)N2CCCC2C(=O)N(C(C(=O)N3CCC(=O)CC3C(=O)NC(C(=O)OC(C(C(=O)N1)NC(=O)C4=C(C=CC=N4)O)C)C5=CC=CC=C5)CC6=CC=C(C=C6)N(C)C)C	responder_cluster_50_01744	4.0	4805.0	14.0	3.0		sequence_idcov	unanchored
TF-50	4	CCCC1=CC=CC=C1O	CCCC1=CC=CC=C1O	responder_cluster_50_01710	31.0	4652.0	70.0	17.0		sequence_idcov	unanchored
TF-50	4	CCCCC1=CN=C(C=C1)C(=O)O	CCCCC1=CN=C(C=C1)C(=O)O	responder_cluster_50_01114	2390.0	2582.0	1298.0	2381.0	0.0	sequence_idcov	[0.0,0.2)
TF-50	4	CCCCCCCC/C=C\CCCCCCCC(=O)SCCNC(=O)CCNC(=O)[C@@H](C(C)(C)COP(=O)(O)OP(=O)(O)OC[C@@H]1[C@H]([C@H]([C@@H](O1)N2C=NC3=C(N=CN=C32)N)O)OP(=O)(O)O)O	CCCCCCCC/C=C\CCCCCCCC(=O)SCCNC(=O)CCNC(=O)[C@@H](C(C)(C)COP(=O)(O)OP(=O)(O)OC[C@@H]1[C@H]([C@H]([C@@H](O1)N2C=NC3=C(N=CN=C32)N)O)OP(=O)(O)O)O	responder_cluster_50_00349	827.0	826.0	194.0	775.0	0.0	sequence_idcov	[0.0,0.2)
TF-50	4	CCCCCCCCCCCCCC(=O)SCCNC(=O)CCNC(=O)C(C(C)(C)COP(=O)(O)OP(=O)(O)OC[C@@H]1[C@H]([C@H]([C@@H](O1)N2C=NC3=C(N=CN=C32)N)O)OP(=O)(O)O)O	CCCCCCCCCCCCCC(=O)SCCNC(=O)CCNC(=O)C(C(C)(C)COP(=O)(O)OP(=O)(O)OC[C@@H]1[C@H]([C@H]([C@@H](O1)N2C=NC3=C(N=CN=C32)N)O)OP(=O)(O)O)O	responder_cluster_50_00349	258.0	829.0	290.0	256.0		sequence_idcov	unanchored
TF-50	4	CCCCCCCCCCCCCCCC(=O)SCCNC(=O)CCNC(=O)[C@@H](C(C)(C)COP(=O)(O)OP(=O)(O)OC[C@@H]1[C@H]([C@H]([C@@H](O1)N2C=NC3=C(N=CN=C32)N)O)OP(=O)(O)O)O	CCCCCCCCCCCCCCCC(=O)SCCNC(=O)CCNC(=O)[C@@H](C(C)(C)COP(=O)(O)OP(=O)(O)OC[C@@H]1[C@H]([C@H]([C@@H](O1)N2C=NC3=C(N=CN=C32)N)O)OP(=O)(O)O)O	responder_cluster_50_00349;responder_cluster_50_01606	827.0	826.0	10.0	777.0	0.0	sequence_idcov	[0.0,0.2)
TF-50	4	CCCCCCCCCCCCCCCCCC(=O)SCCNC(=O)CCNC(=O)[C@@H](C(C)(C)COP(=O)(O)OP(=O)(O)OC[C@@H]1[C@H]([C@H]([C@@H](O1)N2C=NC3=C(N=CN=C32)N)O)OP(=O)(O)O)O	CCCCCCCCCCCCCCCCCC(=O)SCCNC(=O)CCNC(=O)[C@@H](C(C)(C)COP(=O)(O)OP(=O)(O)OC[C@@H]1[C@H]([C@H]([C@@H](O1)N2C=NC3=C(N=CN=C32)N)O)OP(=O)(O)O)O	responder_cluster_50_00349	656.0	828.0	258.0	605.0	0.0	sequence_idcov	[0.0,0.2)
TF-50	4	CCN1C(=O)C=CC1=O	CCN1C(=O)C=CC1=O	responder_cluster_50_00572	2.0	2188.0	2.0	2.0	0.4168040201005025	sequence_idcov	[0.4,0.5)
TF-50	4	CCNC1=CC2=C(C=C1C)C(=C3C=C(C(=[NH+]CC)C=C3O2)C)C4=CC=CC=C4C(=O)OCC.[Cl-]	CCNC1=CC2=C(C=C1C)C(=C3C=C(C(=[NH+]CC)C=C3O2)C)C4=CC=CC=C4C(=O)OCC.[Cl-]	responder_cluster_50_00057	31.0	1371.0	64.0	27.0	0.0	sequence_idcov	[0.0,0.2)
TF-50	4	CC[C@H](C)[C@H]([NH3+])C([O-])=O	CC[C@H](C)[C@H]([NH3+])C([O-])=O	responder_cluster_50_00638	60.0	1367.0	102.0	56.0		sequence_idcov	unanchored
TF-50	4	CC[N+]1=C2C=C(C=CC2=C3C=CC(=CC3=C1C4=CC=CC=C4)N)N	CC[N+]1=C2C=C(C=CC2=C3C=CC(=CC3=C1C4=CC=CC=C4)N)N	responder_cluster_50_00057	1233.0	1367.0	173.0	1180.0	0.0	sequence_idcov	[0.0,0.2)
TF-50	4	CC[N+]1=C2C=C(C=CC2=C3C=CC(=CC3=C1C4=CC=CC=C4)N)N.[Br-]	CC[N+]1=C2C=C(C=CC2=C3C=CC(=CC3=C1C4=CC=CC=C4)N)N.[Br-]	responder_cluster_50_00057	34.0	1371.0	179.0	28.0	0.0	sequence_idcov	[0.0,0.2)
TF-50	4	CN1CCC[C@@H]1C2=CNC(=O)C=C2	CN1CCC[C@@H]1C2=CNC(=O)C=C2	responder_cluster_50_00208	35.0	635.0	95.0	34.0		sequence_idcov	unanchored
TF-50	4	CN1CCC[C@H]1C2=CNC(=O)C=C2	CN1CCC[C@H]1C2=CNC(=O)C=C2	responder_cluster_50_00208	35.0	635.0	94.0	34.0		sequence_idcov	unanchored
TF-50	4	CN[C@H]1C[C@H]([C@@H]([C@H]([C@@H]1O)O[C@H]2[C@@H]3[C@H]([C@H]([C@H](O2)CO)O)OC4(O3)[C@@H]([C@H]([C@H]([C@H](O4)[C@H](CO)N)O)O)O)O)N	CN[C@H]1C[C@H]([C@@H]([C@H]([C@@H]1O)O[C@H]2[C@@H]3[C@H]([C@H]([C@H](O2)CO)O)OC4(O3)[C@@H]([C@H]([C@H]([C@H](O4)[C@H](CO)N)O)O)O)O)N	responder_cluster_50_00327	927.0	797.0	1018.0	926.0		sequence_idcov	unanchored
TF-50	4	COC1=C(C=CC(=C1)C2=CC(=O)C3=C(C=C(C=C3O2)O)O)O	COC1=C(C=CC(=C1)C2=CC(=O)C3=C(C=C(C=C3O2)O)O)O	responder_cluster_50_00528	2201.0	5659.0	2327.0	2201.0		sequence_idcov	unanchored
TF-50	4	COC1=C(C=CC(=C1)O)C(=O)C=CC2=CC=C(C=C2)O	COC1=C(C=CC(=C1)O)C(=O)C=CC2=CC=C(C=C2)O	responder_cluster_50_00528	1237.0	5659.0	1376.0	1237.0		sequence_idcov	unanchored
TF-50	4	C[C@@H](C(=O)O)N	C[C@@H](C(=O)O)N	responder_cluster_50_01159	1.0	2725.0	8.0	1.0	0.2412528735632184	sequence_idcov	[0.2,0.4)
TF-50	4	C[C@@H]1C(=O)C2=CC3=C(C([C@]24[C@@]([C@]1(C(=O)O4)O)(CCC(C)C)O)O)C(=CC=C3)O	C[C@@H]1C(=O)C2=CC3=C(C([C@]24[C@@]([C@]1(C(=O)O4)O)(CCC(C)C)O)O)C(=CC=C3)O	responder_cluster_50_00681	207.0	1477.0	315.0	207.0		sequence_idcov	unanchored
TF-50	4	C[C@@H]1C(=O)OC[C@@H]2[C@]13CC(C[C@H]3C=C2C(=O)O)(C)C	C[C@@H]1C(=O)OC[C@@H]2[C@]13CC(C[C@H]3C=C2C(=O)O)(C)C	responder_cluster_50_01791	6.0	5016.0	30.0	5.0		sequence_idcov	unanchored
TF-50	4	C[C@@H]1C2=C(C[C@H](O1)CC(=O)O)C(=O)C3=C(C2=O)C(=O)C(=CC3=O)C4=CC(=C5C(=C4O)C(=C6[C@H](O[C@@H](CC6=C5O)CC(=O)O)C)O)O	C[C@@H]1C2=C(C[C@H](O1)CC(=O)O)C(=O)C3=C(C2=O)C(=O)C(=CC3=O)C4=CC(=C5C(=C4O)C(=C6[C@H](O[C@@H](CC6=C5O)CC(=O)O)C)O)O	responder_cluster_50_01727	4545.0	4734.0	15.0	4491.0	0.0	sequence_idcov	[0.0,0.2)
TF-50	4	C[C@@]1([C@H]2C[C@H]3[C@@H](C(=O)C(=C([C@]3(C(=O)C2=C(C4=C1C=CC=C4O)O)O)O)C(=O)N)N(C)C)O	C[C@@]1([C@H]2C[C@H]3[C@@H](C(=O)C(=C([C@]3(C(=O)C2=C(C4=C1C=CC=C4O)O)O)O)C(=O)N)N(C)C)O	responder_cluster_50_00545	75.0	5669.0	162.0	61.0	0.1284285714285714	sequence_idcov	[0.0,0.2)
TF-50	4	C[C@H]1[C@H]([C@H](C[C@@H](O1)O[C@H]2C[C@@](CC3=C2C(=C4C(=C3O)C(=O)C5=C(C4=O)C(=CC=C5)OC)O)(C(=O)C)O)N)O	C[C@H]1[C@H]([C@H](C[C@@H](O1)O[C@H]2C[C@@](CC3=C2C(=C4C(=C3O)C(=O)C5=C(C4=O)C(=CC=C5)OC)O)(C(=O)C)O)N)O	responder_cluster_50_01639	4196.0	4394.0	54.0	4138.0	0.0	sequence_idcov	[0.0,0.2)
TF-50	4	C[C@H]1[C@H]([C@H](C[C@@H](O1)O[C@H]2C[C@@](CC3=C2C(=C4C(=C3O)C(=O)C5=C(C4=O)C(=CC=C5)OC)O)(C(=O)CO)O)N)O	C[C@H]1[C@H]([C@H](C[C@@H](O1)O[C@H]2C[C@@](CC3=C2C(=C4C(=C3O)C(=O)C5=C(C4=O)C(=CC=C5)OC)O)(C(=O)CO)O)N)O	responder_cluster_50_01639	34.0	4395.0	69.0	30.0		sequence_idcov	unanchored
TF-50	4	C[C@H]1[C@H]2C=C([C@H]3[C@]2(C=C1C)[C@@]4(CO4)C(=O)OC3)C(=O)O	C[C@H]1[C@H]2C=C([C@H]3[C@]2(C=C1C)[C@@]4(CO4)C(=O)OC3)C(=O)O	responder_cluster_50_01791	2.0	5016.0	14.0	2.0		sequence_idcov	unanchored
TF-50	4	C[N+](C)(C)C[C@@H](CC(=O)[O-])O	C[N+](C)(C)C[C@@H](CC(=O)[O-])O	responder_cluster_50_01167	2182.0	2746.0	2316.0	2182.0		sequence_idcov	unanchored
TF-50	4	N[C@@H](Cc1ccc(O)cc1)C(O)=O	N[C@@H](Cc1ccc(O)cc1)C(O)=O	responder_cluster_50_00993	128.0	2252.0	159.0	125.0		sequence_idcov	unanchored
TF-50	4	Nc1ccccc1C(=O)C[C@H]([NH3+])C([O-])=O	Nc1ccccc1C(=O)C[C@H]([NH3+])C([O-])=O	responder_cluster_50_01275	16.0	3078.0	32.0	11.0		sequence_idcov	unanchored
TF-50	4	OO	OO	responder_cluster_50_00053;responder_cluster_50_02043	25.0	453.0	182.0	25.0	0.3546818181818181	sequence_idcov	[0.2,0.4)
TF-50	4	[NH3+][C@@H](Cc1ccccc1)C([O-])=O	[NH3+][C@@H](Cc1ccccc1)C([O-])=O	responder_cluster_50_00063	28.0	465.0	299.0	28.0	0.4531252408477841	sequence_idcov	[0.4,0.5)
TF-50	4	[O-]C(=O)CS([O-])(=O)=O	[O-]C(=O)CS([O-])(=O)=O	responder_cluster_50_01280	345.0	3090.0	402.0	345.0		sequence_idcov	unanchored
TF-50	4	[O-]Cl.[Na+]	[O-]Cl.[Na+]	responder_cluster_50_00572	738.0	2189.0	743.0	738.0		sequence_idcov	unanchored
TF-50	4	c1cc2cc3cccc(N)c3nc2c(N)c1	c1cc2cc3cccc(N)c3nc2c(N)c1	responder_cluster_50_00057	132.0	1373.0	155.0	128.0		sequence_idcov	unanchored
TF-50	4	ion:Cu_unspecified	ion:Cu_unspecified	responder_cluster_50_01366	3258.0	3199.0	4248.0	3266.0	0.0	sequence_idcov	[0.0,0.2)
TF-50	4	ion:Fe2+	ion:Fe2+	responder_cluster_50_00545	5637.0	5611.0	1980.0	5643.0	0.0	sequence_idcov	[0.0,0.2)
TF-50	4	ion:Fe_unspecified	ion:Fe_unspecified	responder_cluster_50_00545	5635.0	5614.0	5896.0	5646.0	0.0	sequence_idcov	[0.0,0.2)
TF-50	4	ion:Zn2+	ion:Zn2+	responder_cluster_50_00071;responder_cluster_50_00478	1258.0	1162.0	708.0	1234.0	0.0	sequence_idcov	[0.0,0.2)
TF-50	4	ion:Zn_unspecified	ion:Zn_unspecified	responder_cluster_50_00144;responder_cluster_50_00478	1253.0	1158.0	208.0	1206.0	0.0	sequence_idcov	[0.0,0.2)
TF-50	4	ion:molybdate_or_molybdenum_unspecified	ion:molybdate_or_molybdenum_unspecified	responder_cluster_50_00735;responder_cluster_50_01814	13.0	1253.0	470.0	17.0	0.3239777777777777	sequence_idcov	[0.2,0.4)
Ligand-Morgan-0.5	0	C(=C/C(=O)O)\C(=O)O	C(=C/C(=O)O)\C(=O)O	cluster_00001	78.0	8.0	42.0	18.0	0.2857142857142857	morgan_tanimoto	[0.2,0.4)
Ligand-Morgan-0.5	0	C(=CC(=O)O)C(=CC(=O)O)C(=O)O	C(=CC(=O)O)C(=CC(=O)O)C(=O)O	cluster_00001	30.0	110.0	88.0	35.0	0.0952380952380952	morgan_tanimoto	[0.0,0.2)
Ligand-Morgan-0.5	0	C(=O)(O)[O-].[Na+]	C(=O)(O)[O-].[Na+]	cluster_00004	44.0	3490.0	38.0	47.0		morgan_tanimoto	unanchored
Ligand-Morgan-0.5	0	C(=O)C(=O)O	C(=O)C(=O)O	cluster_00001	1098.0	889.0	1168.0	1101.0		morgan_tanimoto	unanchored
Ligand-Morgan-0.5	0	C(=O)C(=O)[O-]	C(=O)C(=O)[O-]	cluster_00005	204.0	1059.0	238.0	210.0		morgan_tanimoto	unanchored
Ligand-Morgan-0.5	0	C(=[N-])=O	C(=[N-])=O	cluster_00007	21.0	2243.0	33.0	21.0		morgan_tanimoto	unanchored
Ligand-Morgan-0.5	0	C(C(=O)[C@H]([C@@H]([C@H](C(=O)[O-])O)O)O)O	C(C(=O)[C@H]([C@@H]([C@H](C(=O)[O-])O)O)O)O	cluster_00010	314.0	3181.0	394.0	315.0		morgan_tanimoto	unanchored
Ligand-Morgan-0.5	0	C(C(C(=O)O)N)C(=O)N	C(C(C(=O)O)N)C(=O)N	cluster_00010	390.0	3685.0	469.0	392.0		morgan_tanimoto	unanchored
Ligand-Morgan-0.5	0	C(C(C(C(C(=O)C(=O)O)O)O)O)O	C(C(C(C(C(=O)C(=O)O)O)O)O)O	cluster_00010	3661.0	2420.0	3732.0	3662.0		morgan_tanimoto	unanchored
Ligand-Morgan-0.5	0	C(C(C(C(C(=O)COP(=O)(O)O)O)O)O)O	C(C(C(C(C(=O)COP(=O)(O)O)O)O)O)O	cluster_00010	2106.0	4745.0	2200.0	2111.0		morgan_tanimoto	unanchored
Ligand-Morgan-0.5	0	C(C(C(CO)O)O)C(=O)C(=O)O	C(C(C(CO)O)O)C(=O)C(=O)O	cluster_00015	441.0	1004.0	501.0	442.0		morgan_tanimoto	unanchored
Ligand-Morgan-0.5	0	C(C1C(C(C(O1)(COP(=O)(O)O)O)O)O)O	C(C1C(C(C(O1)(COP(=O)(O)O)O)O)O)O	cluster_00020	3810.0	4745.0	3861.0	3810.0		morgan_tanimoto	unanchored
Ligand-Morgan-0.5	0	C(CC(=O)N)[C@@H](C(=O)O)N	C(CC(=O)N)[C@@H](C(=O)O)N	cluster_00010	2829.0	5717.0	2946.0	2829.0		morgan_tanimoto	unanchored
Ligand-Morgan-0.5	0	C(CC(=O)O)C(C(=O)O)NCC(C(C(C(CO)O)O)O)O	C(CC(=O)O)C(C(=O)O)NCC(C(C(C(CO)O)O)O)O	cluster_00021	4.0	4.0	18.0	5.0	0.28	morgan_tanimoto	[0.2,0.4)
Ligand-Morgan-0.5	0	C(CC(=O)O)CN=C(N)N	C(CC(=O)O)CN=C(N)N	cluster_00010	1922.0	1271.0	2025.0	1924.0		morgan_tanimoto	unanchored
Ligand-Morgan-0.5	0	C(CC(=O)[O-])C(=O)C(=O)[O-]	C(CC(=O)[O-])C(=O)C(=O)[O-]	cluster_00023	843.0	4790.0	924.0	844.0		morgan_tanimoto	unanchored
Ligand-Morgan-0.5	0	C(CCN)C[C@@H](C(=O)O)N	C(CCN)C[C@@H](C(=O)O)N	cluster_00010	25.0	10.0	619.0	29.0	0.2972972972972973	morgan_tanimoto	[0.2,0.4)
Ligand-Morgan-0.5	0	C(CS)C(C(=O)O)N	C(CS)C(C(=O)O)N	cluster_00010	3054.0	2158.0	3171.0	3054.0		morgan_tanimoto	unanchored
Ligand-Morgan-0.5	0	C(CS)[C@@H](C(=O)O)N	C(CS)[C@@H](C(=O)O)N	cluster_00010	49.0	753.0	55.0	52.0		morgan_tanimoto	unanchored
Ligand-Morgan-0.5	0	C(C[C@@H](C(=O)O)N)CN=C(N)N	C(C[C@@H](C(=O)O)N)CN=C(N)N	cluster_00010	12.0	7.0	351.0	16.0	0.2682926829268293	morgan_tanimoto	[0.2,0.4)
Ligand-Morgan-0.5	0	C(C[C@@H](C(=O)O)N[C@H](CCC(=O)O)C(=O)O)CN=C(N)N	C(C[C@@H](C(=O)O)N[C@H](CCC(=O)O)C(=O)O)CN=C(N)N	cluster_00010	2970.0	1725.0	3060.0	2972.0		morgan_tanimoto	unanchored
Ligand-Morgan-0.5	0	C([C@@H](C(=O)O)N)S	C([C@@H](C(=O)O)N)S	cluster_00010	1980.0	111.0	834.0	1955.0	0.1212121212121212	morgan_tanimoto	[0.0,0.2)
Ligand-Morgan-0.5	0	C([C@@H]([C@H]([C@@H](C(=O)CO)O)O)O)O	C([C@@H]([C@H]([C@@H](C(=O)CO)O)O)O)O	cluster_00010	1306.0	2032.0	1422.0	1306.0		morgan_tanimoto	unanchored
Ligand-Morgan-0.5	0	C([C@H](C(=O)O)N)O	C([C@H](C(=O)O)N)O	cluster_00010	1686.0	5062.0	1790.0	1686.0		morgan_tanimoto	unanchored
Ligand-Morgan-0.5	0	C([C@H]([C@@H]([C@@H]([C@H](C(=O)[O-])O)O)O)O)O	C([C@H]([C@@H]([C@@H]([C@H](C(=O)[O-])O)O)O)O)O	cluster_00010	981.0	3196.0	1045.0	984.0		morgan_tanimoto	unanchored
Ligand-Morgan-0.5	0	C([C@H]([C@@H]([C@H]([C@@H](C(=O)[O-])O)O)O)O)O	C([C@H]([C@@H]([C@H]([C@@H](C(=O)[O-])O)O)O)O)O	cluster_00010	54.0	6129.0	66.0	57.0		morgan_tanimoto	unanchored
Ligand-Morgan-0.5	0	C([C@H]([C@H](CO)O)O)O	C([C@H]([C@H](CO)O)O)O	cluster_00010	4008.0	5008.0	4050.0	4010.0		morgan_tanimoto	unanchored
Ligand-Morgan-0.5	0	C([C@H]([C@H]([C@@H](C(=O)C(=O)O)O)O)O)O	C([C@H]([C@H]([C@@H](C(=O)C(=O)O)O)O)O)O	cluster_00010	711.0	2420.0	824.0	717.0		morgan_tanimoto	unanchored
Ligand-Morgan-0.5	0	C([C@H]([C@H]([C@@H](C(=O)COP(=O)(O)O)O)O)O)O	C([C@H]([C@H]([C@@H](C(=O)COP(=O)(O)O)O)O)O)O	cluster_00010	996.0	2157.0	1117.0	998.0		morgan_tanimoto	unanchored
Ligand-Morgan-0.5	0	C([C@H]([C@H]([C@@H](C=O)O)O)O)O	C([C@H]([C@H]([C@@H](C=O)O)O)O)O	cluster_00010	2696.0	1575.0	2839.0	2696.0		morgan_tanimoto	unanchored
Ligand-Morgan-0.5	0	C([C@H]([C@H]([C@@H]([C@@H](CO)O)O)O)O)O	C([C@H]([C@H]([C@@H]([C@@H](CO)O)O)O)O)O	cluster_00010	824.0	4092.0	901.0	828.0		morgan_tanimoto	unanchored
Ligand-Morgan-0.5	0	C([C@H]([C@H]([C@@H]([C@H](C(=O)[O-])O)O)O)O)O	C([C@H]([C@H]([C@@H]([C@H](C(=O)[O-])O)O)O)O)O	cluster_00010	3.0	2.0	394.0	4.0	0.3714285714285714	morgan_tanimoto	[0.2,0.4)
Ligand-Morgan-0.5	0	C([C@H]([C@H]([C@@H]([C@H](CO)O)O)O)O)O	C([C@H]([C@H]([C@@H]([C@H](CO)O)O)O)O)O	cluster_00010	665.0	3678.0	730.0	665.0		morgan_tanimoto	unanchored
Ligand-Morgan-0.5	0	C1=C(NC=N1)/C=C/C(=O)O	C1=C(NC=N1)/C=C/C(=O)O	cluster_00034	633.0	64.0	719.0	635.0	0.1363636363636363	morgan_tanimoto	[0.0,0.2)
Ligand-Morgan-0.5	0	C1=CC(=C(C(=C1)O)C(=O)C2=CC(=C(N2)Cl)Cl)O	C1=CC(=C(C(=C1)O)C(=O)C2=CC(=C(N2)Cl)Cl)O	cluster_00037	241.0	18.0	40.0	180.0	0.2368421052631578	morgan_tanimoto	[0.2,0.4)
Ligand-Morgan-0.5	0	C1=CC(=C(C(=C1)O)O)C=O	C1=CC(=C(C(=C1)O)O)C=O	cluster_00038	4.0	2.0	89.0	6.0	0.4230769230769231	morgan_tanimoto	[0.4,0.5)
Ligand-Morgan-0.5	0	C1=CC(=C(C(=C1)[O-])C(=O)O)O	C1=CC(=C(C(=C1)[O-])C(=O)O)O	cluster_00039	75.0	673.0	166.0	80.0		morgan_tanimoto	unanchored
Ligand-Morgan-0.5	0	C1=CC(=C(C=C1Cl)Cl)O	C1=CC(=C(C=C1Cl)Cl)O	cluster_00045	1.0	1.0	6.0	25.0	0.4761904761904761	morgan_tanimoto	[0.4,0.5)
Ligand-Morgan-0.5	0	C1=CC(=C(C=C1Cl)O)OC2=C(C=C(C=C2)Cl)Cl	C1=CC(=C(C=C1Cl)O)OC2=C(C=C(C=C2)Cl)Cl	cluster_00045	2.0	2.0	26.0	3.0	0.3571428571428571	morgan_tanimoto	[0.2,0.4)
Ligand-Morgan-0.5	0	C1=CC(=C(C=C1O)O)O	C1=CC(=C(C=C1O)O)O	cluster_00049	2.0	2.0	7.0	13.0	0.4444444444444444	morgan_tanimoto	[0.4,0.5)
Ligand-Morgan-0.5	0	C1=CC(=CC(=C1)Cl)NN=C(C#N)C#N	C1=CC(=CC(=C1)Cl)NN=C(C#N)C#N	cluster_00051	1.0	1.0	15.0	4.0	0.4285714285714285	morgan_tanimoto	[0.4,0.5)
Ligand-Morgan-0.5	0	C1=CC(=CC=C1C2=CC3=C(N2)C=C(C=C3)C(=N)N)C(=N)N	C1=CC(=CC=C1C2=CC3=C(N2)C=C(C=C3)C(=N)N)C(=N)N	cluster_00056	1.0	1.0	1.0	1.0	0.4054054054054054	morgan_tanimoto	[0.4,0.5)
Ligand-Morgan-0.5	0	C1=CC(=CC=C1CO)Cl	C1=CC(=CC=C1CO)Cl	cluster_00059	149.0	19.0	5.0	87.0	0.1851851851851851	morgan_tanimoto	[0.0,0.2)
Ligand-Morgan-0.5	0	C1=CC(=CC=C1N/C(=N/C(=NCCCCCCN=C(/N=C(/NC2=CC=C(C=C2)Cl)\N)N)N)/N)Cl	C1=CC(=CC=C1N/C(=N/C(=NCCCCCCN=C(/N=C(/NC2=CC=C(C=C2)Cl)\N)N)N)/N)Cl	cluster_00060	6.0	4.0	1.0	1.0	0.18	morgan_tanimoto	[0.0,0.2)
Ligand-Morgan-0.5	0	C1=CC=C(C=C1)CO	C1=CC=C(C=C1)CO	cluster_00059	36.0	17.0	3.0	7.0	0.3043478260869565	morgan_tanimoto	[0.2,0.4)
Ligand-Morgan-0.5	0	C1=CC=C(C=C1)S(=O)(=O)[O-]	C1=CC=C(C=C1)S(=O)(=O)[O-]	cluster_00072	44.0	16.0	22.0	8.0	0.2941176470588235	morgan_tanimoto	[0.2,0.4)
Ligand-Morgan-0.5	0	C1=CC=C2C(=C1)C(=CC=C2)CC3=CC(N5C(=C3C4CC4)SCC5C(O)=O)=O	C1=CC=C2C(=C1)C(=CC=C2)CC3=CC(N5C(=C3C4CC4)SCC5C(O)=O)=O	cluster_00074	27.0	2055.0	112.0	27.0		morgan_tanimoto	unanchored
Ligand-Morgan-0.5	0	C1[C@@H]([C@@H]([C@H](C(O1)O)O)O)O	C1[C@@H]([C@@H]([C@H](C(O1)O)O)O)O	cluster_00097	16.0	16.0	125.0	18.0	0.28	morgan_tanimoto	[0.2,0.4)
Ligand-Morgan-0.5	0	C1[C@@H]2CN(CN2C3=C(N1)N=C(NC3=O)N)C4=CC=C(C=C4)C(=O)NC(CCC(=O)O)C(=O)O	C1[C@@H]2CN(CN2C3=C(N1)N=C(NC3=O)N)C4=CC=C(C=C4)C(=O)NC(CCC(=O)O)C(=O)O	cluster_00098	994.0	6128.0	1193.0	999.0		morgan_tanimoto	unanchored
Ligand-Morgan-0.5	0	C1[C@H]([C@@H]([C@H](C(O1)O)O)O)O	C1[C@H]([C@@H]([C@H](C(O1)O)O)O)O	cluster_00097	2.0	2.0	54.0	5.0	0.3191489361702128	morgan_tanimoto	[0.2,0.4)
Ligand-Morgan-0.5	0	C1[C@H]([C@@H]([C@H]([C@H](O1)O)O)O)O	C1[C@H]([C@@H]([C@H]([C@H](O1)O)O)O)O	cluster_00097	283.0	363.0	277.0	283.0		morgan_tanimoto	unanchored
Ligand-Morgan-0.5	0	C1[C@H]([C@H]([C@H](C(O1)O)O)O)O	C1[C@H]([C@H]([C@H](C(O1)O)O)O)O	cluster_00097	904.0	2000.0	899.0	904.0		morgan_tanimoto	unanchored
Ligand-Morgan-0.5	0	C=CC(=O)[O-]	C=CC(=O)[O-]	cluster_00005	378.0	5801.0	519.0	379.0		morgan_tanimoto	unanchored
Ligand-Morgan-0.5	0	CC(=O)C(=O)[O-]	CC(=O)C(=O)[O-]	cluster_00108	1.0	1.0	2.0	1.0	0.4615384615384615	morgan_tanimoto	[0.4,0.5)
Ligand-Morgan-0.5	0	CC(=O)O[Hg]C1=CC=CC=C1	CC(=O)O[Hg]C1=CC=CC=C1	cluster_00115	2628.0	151.0	930.0	2583.0	0.1153846153846153	morgan_tanimoto	[0.0,0.2)
Ligand-Morgan-0.5	0	CC(=O)[O-]	CC(=O)[O-]	cluster_00108	1.0	1.0	1.0	1.0	0.4615384615384615	morgan_tanimoto	[0.4,0.5)
Ligand-Morgan-0.5	0	CC(C(=O)C)O	CC(C(=O)C)O	cluster_00010	127.0	13.0	737.0	129.0	0.238095238095238	morgan_tanimoto	[0.2,0.4)
Ligand-Morgan-0.5	0	CC(C(=O)O)C(=O)O	CC(C(=O)O)C(=O)O	cluster_00010	95.0	11.0	184.0	99.0	0.25	morgan_tanimoto	[0.2,0.4)
Ligand-Morgan-0.5	0	CC(C(=O)O)OC(=O)C	CC(C(=O)O)OC(=O)C	cluster_00118	47.0	9.0	396.0	46.0	0.2307692307692307	morgan_tanimoto	[0.2,0.4)
Ligand-Morgan-0.5	0	CC(C(=O)[O-])O	CC(C(=O)[O-])O	cluster_00010	2.0	2.0	30.0	4.0	0.4210526315789473	morgan_tanimoto	[0.4,0.5)
Ligand-Morgan-0.5	0	CC(C(C(C(=O)COP(=O)(O)O)O)O)O	CC(C(C(C(=O)COP(=O)(O)O)O)O)O	cluster_00010	137.0	1032.0	191.0	138.0		morgan_tanimoto	unanchored
Ligand-Morgan-0.5	0	CC(C)C[C@@H](C(=O)O)N	CC(C)C[C@@H](C(=O)O)N	cluster_00010	21.0	20.0	2.0	22.0	0.2258064516129032	morgan_tanimoto	[0.2,0.4)
Ligand-Morgan-0.5	0	CC(C)C[C@H](C(=O)O)N	CC(C)C[C@H](C(=O)O)N	cluster_00010	146.0	20.0	2.0	80.0	0.2258064516129032	morgan_tanimoto	[0.2,0.4)
Ligand-Morgan-0.5	0	CC(C)[C@@H](C(=O)O)N	CC(C)[C@@H](C(=O)O)N	cluster_00010	214.0	18.0	2.0	150.0	0.2068965517241379	morgan_tanimoto	[0.2,0.4)
Ligand-Morgan-0.5	0	CC(C)[C@@](CC(=O)O)(C(=O)O)O	CC(C)[C@@](CC(=O)O)(C(=O)O)O	cluster_00124	775.0	3942.0	890.0	776.0		morgan_tanimoto	unanchored
Ligand-Morgan-0.5	0	CC(C1CCC(C(O1)OC2C(CC(C(C2O)OC3C(C(C(CO3)(C)O)NC)O)N)N)N)NC	CC(C1CCC(C(O1)OC2C(CC(C(C2O)OC3C(C(C(CO3)(C)O)NC)O)N)N)N)NC	cluster_00125	200.0	2.0	23.0	135.0	0.1935483870967742	morgan_tanimoto	[0.0,0.2)
Ligand-Morgan-0.5	0	CC(CO)C(=O)[O-]	CC(CO)C(=O)[O-]	cluster_00128	2.0	2.0	11.0	3.0	0.4545454545454545	morgan_tanimoto	[0.4,0.5)
Ligand-Morgan-0.5	0	CC1=C(C=C(C=C1)O)C	CC1=C(C=C(C=C1)O)C	cluster_00049	1.0	1.0	1.0	1.0	0.45	morgan_tanimoto	[0.4,0.5)
Ligand-Morgan-0.5	0	CC1=C(C=CC(=C1)O)O	CC1=C(C=CC(=C1)O)O	cluster_00049	1042.0	588.0	1153.0	1042.0		morgan_tanimoto	unanchored
Ligand-Morgan-0.5	0	CC1=C(C=CC2=C1OC(=O)C(=C2O)NC(=O)C3=CC(=C(C=C3)O)CC=C(C)C)O[C@H]4[C@@H]([C@@H]([C@H](C(O4)(C)C)OC)OC(=O)N)O	CC1=C(C=CC2=C1OC(=O)C(=C2O)NC(=O)C3=CC(=C(C=C3)O)CC=C(C)C)O[C@H]4[C@@H]([C@@H]([C@H](C(O4)(C)C)OC)OC(=O)N)O	cluster_00135	22.0	50.0	6.0	22.0	0.1393442622950819	morgan_tanimoto	[0.0,0.2)
Ligand-Morgan-0.5	0	CC1=CC(=C(C=C1)C)O	CC1=CC(=C(C=C1)C)O	cluster_00049	1.0	1.0	1.0	2.0	0.4545454545454545	morgan_tanimoto	[0.4,0.5)
Ligand-Morgan-0.5	0	CC1=CC(=C(C=C1)O)C	CC1=CC(=C(C=C1)O)C	cluster_00049	1.0	1.0	2.0	4.0	0.4545454545454545	morgan_tanimoto	[0.4,0.5)
Ligand-Morgan-0.5	0	CC1=CC(=CC=C1)CO	CC1=CC(=CC=C1)CO	cluster_00138	703.0	50.0	3.0	641.0	0.1612903225806451	morgan_tanimoto	[0.0,0.2)
Ligand-Morgan-0.5	0	CCC#CC(C)C1(C(=O)NC(=O)N(C1=O)C)CC=C	CCC#CC(C)C1(C(=O)NC(=O)N(C1=O)C)CC=C	cluster_00152	1.0	1.0	31.0	1.0	0.26	morgan_tanimoto	[0.2,0.4)
Ligand-Morgan-0.5	0	CCC(C(=O)C)(C(=O)O)O	CCC(C(=O)C)(C(=O)O)O	cluster_00153	1.0	1.0	64.0	1.0	0.4347826086956521	morgan_tanimoto	[0.4,0.5)
Ligand-Morgan-0.5	0	CCCCCCCCCCCCCCCCCC(=O)OC[C@H](CO)O	CCCCCCCCCCCCCCCCCC(=O)OC[C@H](CO)O	cluster_00166	186.0	5829.0	295.0	186.0		morgan_tanimoto	unanchored
Ligand-Morgan-0.5	0	CCCCCCCCCCCCCC[N+](C)(C)CC1=CC=CC=C1.[Cl-]	CCCCCCCCCCCCCC[N+](C)(C)CC1=CC=CC=C1.[Cl-]	cluster_00168	2.0	1.0	8.0	1.0	0.4	morgan_tanimoto	[0.4,0.5)
Ligand-Morgan-0.5	0	CCCCCCCCCCCCCC[N+](C)(C)Cc1ccccc1	CCCCCCCCCCCCCC[N+](C)(C)Cc1ccccc1	cluster_00168	499.0	35.0	42.0	437.0	0.1764705882352941	morgan_tanimoto	[0.0,0.2)
Ligand-Morgan-0.5	0	CC[C@H](C)[C@@H](C(=O)O)N	CC[C@H](C)[C@@H](C(=O)O)N	cluster_00010	4838.0	4308.0	4887.0	4838.0		morgan_tanimoto	unanchored
Ligand-Morgan-0.5	0	CN1[C@@H](CS[C@@H]1[C@H]2CSC(=N2)C3=CC=CC=C3O)C(=O)O	CN1[C@@H](CS[C@@H]1[C@H]2CSC(=N2)C3=CC=CC=C3O)C(=O)O	cluster_00187	23.0	5038.0	101.0	23.0		morgan_tanimoto	unanchored
Ligand-Morgan-0.5	0	CN[C@H]1C[C@H]([C@@H]([C@H]([C@@H]1O)O[C@H]2[C@@H]3[C@H]([C@H]([C@H](O2)CO)O)OC4(O3)[C@@H]([C@H]([C@H]([C@H](O4)[C@H](CO)N)O)O)O)O)N	CN[C@H]1C[C@H]([C@@H]([C@H]([C@@H]1O)O[C@H]2[C@@H]3[C@H]([C@H]([C@H](O2)CO)O)OC4(O3)[C@@H]([C@H]([C@H]([C@H](O4)[C@H](CO)N)O)O)O)O)N	cluster_00189	2891.0	164.0	660.0	2859.0	0.0689655172413793	morgan_tanimoto	[0.0,0.2)
Ligand-Morgan-0.5	0	COC1=C(C=CC(=C1)O)C(=O)C=CC2=CC=C(C=C2)O	COC1=C(C=CC(=C1)O)C(=O)C=CC2=CC=C(C=C2)O	cluster_00193	116.0	19.0	14.0	53.0	0.2413793103448276	morgan_tanimoto	[0.2,0.4)
Ligand-Morgan-0.5	0	C[C@@H](C(=O)O)N	C[C@@H](C(=O)O)N	cluster_00010	49.0	15.0	62.0	52.0	0.25	morgan_tanimoto	[0.2,0.4)
Ligand-Morgan-0.5	0	C[C@@H](C(=O)[O-])O	C[C@@H](C(=O)[O-])O	cluster_00010	1373.0	5957.0	1480.0	1378.0		morgan_tanimoto	unanchored
Ligand-Morgan-0.5	0	C[C@@H](C(=O)[O-])[O-]	C[C@@H](C(=O)[O-])[O-]	cluster_00010	841.0	5957.0	932.0	841.0		morgan_tanimoto	unanchored
Ligand-Morgan-0.5	0	C[C@@H](O)C(C)=O	C[C@@H](O)C(C)=O	cluster_00010	615.0	1511.0	768.0	615.0		morgan_tanimoto	unanchored
Ligand-Morgan-0.5	0	C[C@@H]([C@H]([C@@H](C(=O)COP(=O)(O)O)O)O)O	C[C@@H]([C@H]([C@@H](C(=O)COP(=O)(O)O)O)O)O	cluster_00010	1231.0	6046.0	1394.0	1236.0		morgan_tanimoto	unanchored
Ligand-Morgan-0.5	0	C[C@@H]1[C@@H]([C@@H]([C@H]([C@@H](O1)OC[C@@H]2[C@H]([C@@H]([C@H]([C@@H](O2)O[C@H]3CC[C@]4([C@H](C3(C)C)CC[C@@]5([C@@H]4CC=C6[C@]5(C[C@H]([C@@]7([C@H]6CC([C@H](C7)OC(=O)/C(=C/CC[C@](C)(C=C)O[C@H]8[C@@H]([C@H]([C@@H]([C@H](O8)C)OC(=O)/C(=C/CC[C@](C)(C=C)O)/CO)O)O)/CO)(C)C)C(=O)O[C@H]9[C@@H]([C@H]([C@@H]([C@H](O9)CO)O)O)O[C@H]1[C@@H]([C@@H]([C@H]([C@@H](O1)C)O[C@H]1[C@@H]([C@H]([C@@H](O1)CO)O)O)O[C@H]1[C@@H]([C@H]([C@@H]([C@H](O1)CO)O)O)O)O)O)C)C)C)NC(=O)C)O)O)O[C@H]1[C@@H]([C@H]([C@@H](CO1)O)O)O)O)O	C[C@@H]1[C@@H]([C@@H]([C@H]([C@@H](O1)OC[C@@H]2[C@H]([C@@H]([C@H]([C@@H](O2)O[C@H]3CC[C@]4([C@H](C3(C)C)CC[C@@]5([C@@H]4CC=C6[C@]5(C[C@H]([C@@]7([C@H]6CC([C@H](C7)OC(=O)/C(=C/CC[C@](C)(C=C)O[C@H]8[C@@H]([C@H]([C@@H]([C@H](O8)C)OC(=O)/C(=C/CC[C@](C)(C=C)O)/CO)O)O)/CO)(C)C)C(=O)O[C@H]9[C@@H]([C@H]([C@@H]([C@H](O9)CO)O)O)O[C@H]1[C@@H]([C@@H]([C@H]([C@@H](O1)C)O[C@H]1[C@@H]([C@H]([C@@H](O1)CO)O)O)O[C@H]1[C@@H]([C@H]([C@@H]([C@H](O1)CO)O)O)O)O)O)C)C)C)NC(=O)C)O)O)O[C@H]1[C@@H]([C@H]([C@@H](CO1)O)O)O)O)O	cluster_00201	1709.0	130.0	173.0	1648.0	0.0824175824175824	morgan_tanimoto	[0.0,0.2)
Ligand-Morgan-0.5	0	C[C@H](C(=O)O)N[C@@H](CCCN=C(N)N)C(=O)O	C[C@H](C(=O)O)N[C@@H](CCCN=C(N)N)C(=O)O	cluster_00010	1114.0	1676.0	1223.0	1115.0		morgan_tanimoto	unanchored
Ligand-Morgan-0.5	0	C[C@H](C(=O)O)O	C[C@H](C(=O)O)O	cluster_00010	2114.0	6083.0	2230.0	2114.0		morgan_tanimoto	unanchored
Ligand-Morgan-0.5	0	C[C@H]1/C=C/C=C(\C(=O)NC2=CC(=C3C(=C2O)C(=C(C4=C3C(=O)[C@](O4)(O/C=C/[C@@H]([C@H]([C@H]([C@@H]([C@@H]([C@@H]([C@H]1O)C)O)C)OC(=O)C)C)OC)C)C)O)OCC(=O)O)/C	C[C@H]1/C=C/C=C(\C(=O)NC2=CC(=C3C(=C2O)C(=C(C4=C3C(=O)[C@](O4)(O/C=C/[C@@H]([C@H]([C@H]([C@@H]([C@@H]([C@@H]([C@H]1O)C)O)C)OC(=O)C)C)OC)C)C)O)OCC(=O)O)/C	cluster_00205	9.0	1457.0	28.0	10.0		morgan_tanimoto	unanchored
Ligand-Morgan-0.5	0	C[N+]1=CC=C(C=C1)C2=CC=[N+](C=C2)C	C[N+]1=CC=C(C=C1)C2=CC=[N+](C=C2)C	cluster_00216	3235.0	4224.0	3355.0	3241.0		morgan_tanimoto	unanchored
Ligand-Morgan-0.5	0	NCC[C@H](N)C(O)=O	NCC[C@H](N)C(O)=O	cluster_00010	776.0	1171.0	911.0	776.0		morgan_tanimoto	unanchored
Ligand-Morgan-0.5	0	OC(=O)[C@H](O)[C@@H](O)[C@@H](O)C(=O)CO	OC(=O)[C@H](O)[C@@H](O)[C@@H](O)C(=O)CO	cluster_00010	168.0	3072.0	247.0	170.0		morgan_tanimoto	unanchored
Ligand-Morgan-0.5	0	OCl	OCl	cluster_00221	3466.0	4966.0	3441.0	3466.0		morgan_tanimoto	unanchored
Ligand-Morgan-0.5	0	OO	OO	cluster_00222	550.0	58.0	1179.0	551.0	0.1052631578947368	morgan_tanimoto	[0.0,0.2)
Ligand-Morgan-0.5	0	O[C@@H]([C@H](O)[C@@H](O)C([O-])=O)[C@H](O)C([O-])=O	O[C@@H]([C@H](O)[C@@H](O)C([O-])=O)[C@H](O)C([O-])=O	cluster_00010	83.0	2746.0	101.0	89.0		morgan_tanimoto	unanchored
Ligand-Morgan-0.5	0	O[C@H]1CO[C@H](O)[C@H](O)[C@H]1O	O[C@H]1CO[C@H](O)[C@H](O)[C@H]1O	cluster_00097	4394.0	247.0	1437.0	4392.0	0.032258064516129	morgan_tanimoto	[0.0,0.2)
Ligand-Morgan-0.5	0	[C@@H]([C@H](C(=O)[O-])O)(C(=O)[O-])O	[C@@H]([C@H](C(=O)[O-])O)(C(=O)[O-])O	cluster_00010	17.0	2511.0	31.0	32.0		morgan_tanimoto	unanchored
Ligand-Morgan-0.5	0	[Cd+2]	[Cd+2]	cluster_00224	741.0	5050.0	803.0	741.0		morgan_tanimoto	unanchored
Ligand-Morgan-0.5	0	[No]	[No]	cluster_00228	1698.0	4972.0	1783.0	1698.0		morgan_tanimoto	unanchored
Ligand-Morgan-0.5	0	[O-]S(=O)[O-]	[O-]S(=O)[O-]	cluster_00233	1.0	1.0	2164.0	5.0	0.2	morgan_tanimoto	[0.2,0.4)
Ligand-Morgan-0.5	0	[OH-][Na+]	[OH-][Na+]	cluster_00235	1761.0	2453.0	1998.0	1761.0		morgan_tanimoto	unanchored
Ligand-Morgan-0.5	1	C(C(=O)[O-])C(CC(=O)[O-])(C(=O)[O-])O	C(C(=O)[O-])C(CC(=O)[O-])(C(=O)[O-])O	cluster_00011	373.0	41.0	134.0	373.0	0.1904761904761904	morgan_tanimoto	[0.0,0.2)
Ligand-Morgan-0.5	1	C(C(C(=O)O)O)C(=O)O	C(C(C(=O)O)O)C(=O)O	cluster_00013	1214.0	4183.0	1310.0	1214.0		morgan_tanimoto	unanchored
Ligand-Morgan-0.5	1	C(C(C(C(=O)O)O)C(=O)O)C(=O)O	C(C(C(C(=O)O)O)C(=O)O)C(=O)O	cluster_00013	787.0	66.0	26.0	782.0	0.2	morgan_tanimoto	[0.2,0.4)
Ligand-Morgan-0.5	1	C(C1=CC(=CC=C1O)O)C(=O)O	C(C1=CC(=CC=C1O)O)C(=O)O	cluster_00018	20.0	1860.0	75.0	20.0		morgan_tanimoto	unanchored
Ligand-Morgan-0.5	1	C(C1C(C(C(C(O1)O)O)O)O)O	C(C1C(C(C(C(O1)O)O)O)O)O	cluster_00019	1228.0	5439.0	1310.0	1228.0		morgan_tanimoto	unanchored
Ligand-Morgan-0.5	1	C(C1C(C(C(C(O1)O)O)OC2C(C(C(C(O2)CO)O)O)O)O)O	C(C1C(C(C(C(O1)O)O)OC2C(C(C(C(O2)CO)O)O)O)O)O	cluster_00019	1339.0	4491.0	1453.0	1339.0		morgan_tanimoto	unanchored
Ligand-Morgan-0.5	1	C(C1C(C(C(C(O1)OC2C(C(C(C(O2)COP(=O)(O)O)O)O)O)O)O)O)O	C(C1C(C(C(C(O1)OC2C(C(C(C(O2)COP(=O)(O)O)O)O)O)O)O)O)O	cluster_00019	953.0	2158.0	972.0	953.0		morgan_tanimoto	unanchored
Ligand-Morgan-0.5	1	C(C1C(C(C(C(O1)OC2C(OC(C(C2O)O)OC(C(CO)O)C(C(C=O)O)O)CO)O)O)O)O	C(C1C(C(C(C(O1)OC2C(OC(C(C2O)O)OC(C(CO)O)C(C(C=O)O)O)CO)O)O)O)O	cluster_00019	1725.0	2451.0	1842.0	1725.0		morgan_tanimoto	unanchored
Ligand-Morgan-0.5	1	C(C1C(C(C(C(O1)OCC2C(C(C(C(O2)O)O)O)O)O)O)O)O	C(C1C(C(C(C(O1)OCC2C(C(C(C(O2)O)O)O)O)O)O)O)O	cluster_00019	1.0	1.0	197.0	1.0	0.358974358974359	morgan_tanimoto	[0.2,0.4)
Ligand-Morgan-0.5	1	C(C1C(C(C(C(O1)OCC2C(C(C(C(O2)OC3(C(C(C(O3)CO)O)O)CO)O)O)O)O)O)O)O	C(C1C(C(C(C(O1)OCC2C(C(C(C(O2)OC3(C(C(C(O3)CO)O)O)CO)O)O)O)O)O)O)O	cluster_00019	762.0	1168.0	795.0	762.0		morgan_tanimoto	unanchored
Ligand-Morgan-0.5	1	C(C1C(C(C(C(O1)OP(=O)(O)O)O)O)O)O	C(C1C(C(C(C(O1)OP(=O)(O)O)O)O)O)O	cluster_00019	3336.0	3302.0	3385.0	3336.0		morgan_tanimoto	unanchored
Ligand-Morgan-0.5	1	C(CCCN)CCCN	C(CCCN)CCCN	cluster_00024	1545.0	78.0	348.0	1544.0	0.05	morgan_tanimoto	[0.0,0.2)
Ligand-Morgan-0.5	1	C(CCCN)CCN	C(CCCN)CCN	cluster_00024	1549.0	78.0	501.0	1549.0	0.05	morgan_tanimoto	[0.0,0.2)
Ligand-Morgan-0.5	1	C(CCN)CCN	C(CCN)CCN	cluster_00024	1592.0	74.0	616.0	1592.0	0.05	morgan_tanimoto	[0.0,0.2)
Ligand-Morgan-0.5	1	C(CCN)CN	C(CCN)CN	cluster_00024	1563.0	73.0	587.0	1563.0	0.0512820512820512	morgan_tanimoto	[0.0,0.2)
Ligand-Morgan-0.5	1	C(CCN=C(N)N)CN	C(CCN=C(N)N)CN	cluster_00025	48.0	2473.0	76.0	48.0		morgan_tanimoto	unanchored
Ligand-Morgan-0.5	1	C(CCNCCCN)CN	C(CCNCCCN)CN	cluster_00024	166.0	106.0	218.0	166.0	0.0434782608695652	morgan_tanimoto	[0.0,0.2)
Ligand-Morgan-0.5	1	C(CCNCCCN)CNCCCN	C(CCNCCCN)CNCCCN	cluster_00024	185.0	1324.0	226.0	185.0		morgan_tanimoto	unanchored
Ligand-Morgan-0.5	1	C([C@@H]1[C@@H]([C@@H]([C@H](C(O1)O)O)O)O)O	C([C@@H]1[C@@H]([C@@H]([C@H](C(O1)O)O)O)O)O	cluster_00019	3.0	3.0	110.0	3.0	0.4347826086956521	morgan_tanimoto	[0.4,0.5)
Ligand-Morgan-0.5	1	C([C@@H]1[C@@H]([C@@H]([C@H]([C@@H](O1)O[C@@H]2[C@H](OC([C@@H]([C@H]2O)O)O)CO)O)O)O)O	C([C@@H]1[C@@H]([C@@H]([C@H]([C@@H](O1)O[C@@H]2[C@H](OC([C@@H]([C@H]2O)O)O)CO)O)O)O)O	cluster_00019	519.0	2083.0	540.0	519.0		morgan_tanimoto	unanchored
Ligand-Morgan-0.5	1	C([C@@H]1[C@@H]([C@@H]([C@H]([C@@H](O1)O[C@H]2[C@H](O[C@H]([C@@H]([C@H]2O)O)O)CO)O)O)O)O	C([C@@H]1[C@@H]([C@@H]([C@H]([C@@H](O1)O[C@H]2[C@H](O[C@H]([C@@H]([C@H]2O)O)O)CO)O)O)O)O	cluster_00019	1142.0	2707.0	1167.0	1142.0		morgan_tanimoto	unanchored
Ligand-Morgan-0.5	1	C([C@@H]1[C@@H]([C@@H]([C@H]([C@H](O1)OC[C@@H]2[C@H]([C@@H]([C@H](C(O2)O)O)O)O)O)O)O)O	C([C@@H]1[C@@H]([C@@H]([C@H]([C@H](O1)OC[C@@H]2[C@H]([C@@H]([C@H](C(O2)O)O)O)O)O)O)O)O	cluster_00019	472.0	485.0	490.0	472.0		morgan_tanimoto	unanchored
Ligand-Morgan-0.5	1	C([C@@H]1[C@H]([C@@H]([C@@H](C(O1)O)O)O)O)O	C([C@@H]1[C@H]([C@@H]([C@@H](C(O1)O)O)O)O)O	cluster_00019	11.0	11.0	1361.0	11.0	0.28	morgan_tanimoto	[0.2,0.4)
Ligand-Morgan-0.5	1	C([C@@H]1[C@H]([C@@H]([C@H](C(O1)O)O)O)O)O	C([C@@H]1[C@H]([C@@H]([C@H](C(O1)O)O)O)O)O	cluster_00019	11.0	11.0	1734.0	12.0	0.28	morgan_tanimoto	[0.2,0.4)
Ligand-Morgan-0.5	1	C([C@@H]1[C@H]([C@@H]([C@H]([C@@H](O1)OC[C@@H]2[C@H]([C@@H]([C@H](C(O2)O)O)O)O)O)O)O)O	C([C@@H]1[C@H]([C@@H]([C@H]([C@@H](O1)OC[C@@H]2[C@H]([C@@H]([C@H](C(O2)O)O)O)O)O)O)O)O	cluster_00019	3240.0	2531.0	3275.0	3240.0		morgan_tanimoto	unanchored
Ligand-Morgan-0.5	1	C([C@@H]1[C@H]([C@@H]([C@H]([C@@H](O1)O[C@@H]2[C@H](OC([C@@H]([C@H]2O)N)O)CO)N)O)O)O.Cl	C([C@@H]1[C@H]([C@@H]([C@H]([C@@H](O1)O[C@@H]2[C@H](OC([C@@H]([C@H]2O)N)O)CO)N)O)O)O.Cl	cluster_00019	1445.0	3955.0	1570.0	1445.0		morgan_tanimoto	unanchored
Ligand-Morgan-0.5	1	C([C@@H]1[C@H]([C@@H]([C@H]([C@@H](O1)O[C@@H]2[C@H](OC([C@@H]([C@H]2O)O)O)CO)O)O)O)O	C([C@@H]1[C@H]([C@@H]([C@H]([C@@H](O1)O[C@@H]2[C@H](OC([C@@H]([C@H]2O)O)O)CO)O)O)O)O	cluster_00019	2712.0	1146.0	2745.0	2712.0		morgan_tanimoto	unanchored
Ligand-Morgan-0.5	1	C([C@@H]1[C@H]([C@@H]([C@H]([C@H](O1)O[C@@H]2[C@@H]([C@H]([C@@H]([C@H](O2)CO)O)O)O)O)O)O)O	C([C@@H]1[C@H]([C@@H]([C@H]([C@H](O1)O[C@@H]2[C@@H]([C@H]([C@@H]([C@H](O2)CO)O)O)O)O)O)O)O	cluster_00019	283.0	2158.0	297.0	283.0		morgan_tanimoto	unanchored
Ligand-Morgan-0.5	1	C([C@@H]1[C@H]([C@@H]([C@H]([C@H](O1)O[C@@H]2[C@@H]([C@H]([C@@H]([C@H](O2)COP(=O)(O)O)O)O)O)O)O)O)O	C([C@@H]1[C@H]([C@@H]([C@H]([C@H](O1)O[C@@H]2[C@@H]([C@H]([C@@H]([C@H](O2)COP(=O)(O)O)O)O)O)O)O)O)O	cluster_00019	882.0	2158.0	922.0	882.0		morgan_tanimoto	unanchored
Ligand-Morgan-0.5	1	C([C@@H]1[C@H]([C@@H]([C@H]([C@H](O1)O[C@@H]2[C@H](OC([C@@H]([C@H]2O)O)O)CO)O)O)O)O	C([C@@H]1[C@H]([C@@H]([C@H]([C@H](O1)O[C@@H]2[C@H](OC([C@@H]([C@H]2O)O)O)CO)O)O)O)O	cluster_00019	2151.0	2675.0	2189.0	2151.0		morgan_tanimoto	unanchored
Ligand-Morgan-0.5	1	C([C@@H]1[C@H]([C@@H]([C@H]([C@H](O1)O[C@@H]2[C@H](O[C@H]([C@@H]([C@H]2O)O)O)CO)O)O)O)O	C([C@@H]1[C@H]([C@@H]([C@H]([C@H](O1)O[C@@H]2[C@H](O[C@H]([C@@H]([C@H]2O)O)O)CO)O)O)O)O	cluster_00019	2928.0	2675.0	3030.0	2928.0		morgan_tanimoto	unanchored
Ligand-Morgan-0.5	1	C([C@@H]1[C@H]([C@@H]([C@H]([C@H](O1)O[C@H]2[C@@H]([C@H](O[C@@]2(CO)O[C@@H]3[C@@H]([C@H]([C@@H]([C@H](O3)CO)O)O)O)CO)O)O)O)O)O	C([C@@H]1[C@H]([C@@H]([C@H]([C@H](O1)O[C@H]2[C@@H]([C@H](O[C@@]2(CO)O[C@@H]3[C@@H]([C@H]([C@@H]([C@H](O3)CO)O)O)O)CO)O)O)O)O)O	cluster_00019	1958.0	3904.0	2047.0	1958.0		morgan_tanimoto	unanchored
Ligand-Morgan-0.5	1	C([C@@H]1[C@H]([C@@H]([C@H]([C@H](O1)O[C@]2([C@H]([C@@H]([C@H](O2)CO)O)O)CO)O)O)O)O	C([C@@H]1[C@H]([C@@H]([C@H]([C@H](O1)O[C@]2([C@H]([C@@H]([C@H](O2)CO)O)O)CO)O)O)O)O	cluster_00019	178.0	1072.0	194.0	178.0		morgan_tanimoto	unanchored
Ligand-Morgan-0.5	1	C([C@@H]1[C@H]([C@@H]([C@H]([C@H](O1)O[C@]2([C@H]([C@@H]([C@H](O2)CO)O)O)CO[C@]3([C@H]([C@@H]([C@H](O3)CO)O)O)CO)O)O)O)O	C([C@@H]1[C@H]([C@@H]([C@H]([C@H](O1)O[C@]2([C@H]([C@@H]([C@H](O2)CO)O)O)CO[C@]3([C@H]([C@@H]([C@H](O3)CO)O)O)CO)O)O)O)O	cluster_00019	337.0	1072.0	376.0	337.0		morgan_tanimoto	unanchored
Ligand-Morgan-0.5	1	C([C@@H]1[C@H]([C@@H]([C@H]([C@H](O1)O[C@]2([C@H]([C@@H]([C@H](O2)CO)O)O)CO[C@]3([C@H]([C@@H]([C@H](O3)CO)O)O)CO[C@]4([C@H]([C@@H]([C@H](O4)CO)O)O)CO)O)O)O)O	C([C@@H]1[C@H]([C@@H]([C@H]([C@H](O1)O[C@]2([C@H]([C@@H]([C@H](O2)CO)O)O)CO[C@]3([C@H]([C@@H]([C@H](O3)CO)O)O)CO[C@]4([C@H]([C@@H]([C@H](O4)CO)O)O)CO)O)O)O)O	cluster_00019	557.0	1072.0	629.0	557.0		morgan_tanimoto	unanchored
Ligand-Morgan-0.5	1	C([C@@H]1[C@H]([C@H]([C@@H](O1)O)O)O)O	C([C@@H]1[C@H]([C@H]([C@@H](O1)O)O)O)O	cluster_00019	126.0	5483.0	112.0	126.0		morgan_tanimoto	unanchored
Ligand-Morgan-0.5	1	C([C@@H]1[C@H]([C@H]([C@H](O1)OP(=O)(O)OP(=O)(O)O)O)O)OP(=O)(O)O	C([C@@H]1[C@H]([C@H]([C@H](O1)OP(=O)(O)OP(=O)(O)O)O)O)OP(=O)(O)O	cluster_00019	3171.0	2799.0	3269.0	3171.0		morgan_tanimoto	unanchored
Ligand-Morgan-0.5	1	C1(C(C(C(C(C1O)O)O)O)O)O	C1(C(C(C(C(C1O)O)O)O)O)O	cluster_00029	2079.0	3190.0	2177.0	2079.0		morgan_tanimoto	unanchored
Ligand-Morgan-0.5	1	C1=CC(=C(C=C1/C=C/C2=CC(=CC(=C2)O)O)O)O	C1=CC(=C(C=C1/C=C/C2=CC(=CC(=C2)O)O)O)O	cluster_00040	42.0	3082.0	47.0	42.0		morgan_tanimoto	unanchored
Ligand-Morgan-0.5	1	C1=CC(=C(C=C1CC(=O)O)Cl)O	C1=CC(=C(C=C1CC(=O)O)Cl)O	cluster_00018	67.0	1347.0	152.0	67.0		morgan_tanimoto	unanchored
Ligand-Morgan-0.5	1	C1=CC(=C(C=C1CC(=O)[O-])Cl)O	C1=CC(=C(C=C1CC(=O)[O-])Cl)O	cluster_00018	1669.0	3894.0	1834.0	1669.0		morgan_tanimoto	unanchored
Ligand-Morgan-0.5	1	C1=CC(=C(C=C1[N+](=O)[O-])[N+](=O)[O-])O	C1=CC(=C(C=C1[N+](=O)[O-])[N+](=O)[O-])O	cluster_00050	12.0	65.0	21.0	13.0	0.1666666666666666	morgan_tanimoto	[0.0,0.2)
Ligand-Morgan-0.5	1	C1=CC(=CC=C1/C=C/C2=CC(=CC(=C2)O)O)O	C1=CC(=CC=C1/C=C/C2=CC(=CC(=C2)O)O)O	cluster_00040	99.0	3082.0	125.0	99.0		morgan_tanimoto	unanchored
Ligand-Morgan-0.5	1	C1=CC(=CC=C1C(=N)N)OCCCOC2=CC=C(C=C2)C(=N)N	C1=CC(=CC=C1C(=N)N)OCCCOC2=CC=C(C=C2)C(=N)N	cluster_00055	1.0	1.0	1.0	1.0	0.40625	morgan_tanimoto	[0.4,0.5)
Ligand-Morgan-0.5	1	C1=CC(=CC=C1CC(=O)O)O	C1=CC(=CC=C1CC(=O)O)O	cluster_00018	45.0	1347.0	110.0	45.0		morgan_tanimoto	unanchored
Ligand-Morgan-0.5	1	C1=CC(=CC=C1CCC(=O)C2=C(C=C(C=C2O)O)O)O	C1=CC(=CC=C1CCC(=O)C2=C(C=C(C=C2O)O)O)O	cluster_00058	71.0	24.0	1.0	65.0	0.2708333333333333	morgan_tanimoto	[0.2,0.4)
Ligand-Morgan-0.5	1	C1=CC(=CC=C1C[C@@H](C(=O)O)N)O	C1=CC(=CC=C1C[C@@H](C(=O)O)N)O	cluster_00018	116.0	24.0	1306.0	118.0	0.3333333333333333	morgan_tanimoto	[0.2,0.4)
Ligand-Morgan-0.5	1	C1=CC(=CC=C1NN=C(C#N)C#N)OC(F)(F)F	C1=CC(=CC=C1NN=C(C#N)C#N)OC(F)(F)F	cluster_00061	1.0	1.0	4.0	1.0	0.4285714285714285	morgan_tanimoto	[0.4,0.5)
Ligand-Morgan-0.5	1	C1=CC(=O)OC1CC(=O)OC(=O)O	C1=CC(=O)OC1CC(=O)OC(=O)O	cluster_00068	4505.0	243.0	194.0	4501.0	0.0952380952380952	morgan_tanimoto	[0.0,0.2)
Ligand-Morgan-0.5	1	C1=CC2=C(C=C1O)C(=CN2)CC(=O)O	C1=CC2=C(C=C1O)C(=CN2)CC(=O)O	cluster_00018	491.0	25.0	11.0	482.0	0.2127659574468085	morgan_tanimoto	[0.2,0.4)
Ligand-Morgan-0.5	1	C1=CC=C(C(=C1)[N+](=O)[O-])O	C1=CC=C(C(=C1)[N+](=O)[O-])O	cluster_00050	3.0	3.0	61.0	3.0	0.4285714285714285	morgan_tanimoto	[0.4,0.5)
Ligand-Morgan-0.5	1	C1=CC=C(C=C1)/C=C/C2=CC(=CC(=C2)O)O	C1=CC=C(C=C1)/C=C/C2=CC(=CC(=C2)O)O	cluster_00040	34.0	3082.0	86.0	36.0		morgan_tanimoto	unanchored
Ligand-Morgan-0.5	1	C1=CC=C(C=C1)C(O)Cl	C1=CC=C(C=C1)C(O)Cl	cluster_00070	37.0	5.0	2.0	28.0	0.3043478260869565	morgan_tanimoto	[0.2,0.4)
Ligand-Morgan-0.5	1	C1=CC=C(C=C1)CC(=O)O	C1=CC=C(C=C1)CC(=O)O	cluster_00018	66.0	6.0	1.0	59.0	0.4090909090909091	morgan_tanimoto	[0.4,0.5)
Ligand-Morgan-0.5	1	C1=CC=C(C=C1)C[C@@H](C(=O)O)N	C1=CC=C(C=C1)C[C@@H](C(=O)O)N	cluster_00018	2.0	2.0	2137.0	3.0	0.4838709677419355	morgan_tanimoto	[0.4,0.5)
Ligand-Morgan-0.5	1	C1=CC=C2C(=C1)C(=CN2)C(=O)O	C1=CC=C2C(=C1)C(=CN2)C(=O)O	cluster_00018	1.0	1.0	1.0	1.0	0.4137931034482758	morgan_tanimoto	[0.4,0.5)
Ligand-Morgan-0.5	1	C1=CC=C2C(=C1)C(=CN2)CC(=O)O	C1=CC=C2C(=C1)C(=CN2)CC(=O)O	cluster_00018	139.0	2.0	1.0	129.0	0.2857142857142857	morgan_tanimoto	[0.2,0.4)
Ligand-Morgan-0.5	1	C1=CC=C2C(=C1)C(=CN2)CCC(=O)O	C1=CC=C2C(=C1)C(=CN2)CCC(=O)O	cluster_00018	238.0	5.0	3.0	228.0	0.2702702702702703	morgan_tanimoto	[0.2,0.4)
Ligand-Morgan-0.5	1	C1=CC=C2C(=C1)C(=CN2)CCCC(=O)O	C1=CC=C2C(=C1)C(=CN2)CCCC(=O)O	cluster_00018	272.0	14.0	3.0	261.0	0.2564102564102564	morgan_tanimoto	[0.2,0.4)
Ligand-Morgan-0.5	1	C1=CC=C2C(=C1)C(=CN2)CCO	C1=CC=C2C(=C1)C(=CN2)CCO	cluster_00018	22.0	5.0	30.0	17.0	0.2727272727272727	morgan_tanimoto	[0.2,0.4)
Ligand-Morgan-0.5	1	C1=CC=C2C(=C1)C=CC=C2CC(=O)O	C1=CC=C2C(=C1)C=CC=C2CC(=O)O	cluster_00018	123.0	5.0	60.0	118.0	0.3103448275862069	morgan_tanimoto	[0.2,0.4)
Ligand-Morgan-0.5	1	C1=CC=C2C(=C1)C=CN2	C1=CC=C2C(=C1)C=CN2	cluster_00078	3.0	3.0	28.0	3.0	0.2592592592592592	morgan_tanimoto	[0.2,0.4)
Ligand-Morgan-0.5	1	C1=CC=C2C(=C1)N=C3C=CC=C(C3=N2)C(=O)O	C1=CC=C2C(=C1)N=C3C=CC=C(C3=N2)C(=O)O	cluster_00079	481.0	1646.0	626.0	481.0		morgan_tanimoto	unanchored
Ligand-Morgan-0.5	1	C1=CN(C(=O)N=C1N)[C@H]2[C@@H]([C@@H]([C@H](O2)CO)O)O	C1=CN(C(=O)N=C1N)[C@H]2[C@@H]([C@@H]([C@H](O2)CO)O)O	cluster_00081	144.0	5175.0	234.0	144.0		morgan_tanimoto	unanchored
Ligand-Morgan-0.5	1	C1=CN(C=N1)CCC(=O)[O-]	C1=CN(C=N1)CCC(=O)[O-]	cluster_00082	66.0	13.0	152.0	64.0	0.225	morgan_tanimoto	[0.2,0.4)
Ligand-Morgan-0.5	1	C1C(C(C(C(=O)O1)O)O)O	C1C(C(C(C(=O)O1)O)O)O	cluster_00088	5144.0	304.0	416.0	5146.0	0.0526315789473684	morgan_tanimoto	[0.0,0.2)
Ligand-Morgan-0.5	1	C1C(C(C(C(O1)O)OP(=O)(O)OC2C(OC(C2O)(CO)OC3C(C(C(C(O3)COP(=O)(O)O)O)O)O)O)O)O	C1C(C(C(C(O1)O)OP(=O)(O)OC2C(OC(C2O)(CO)OC3C(C(C(C(O3)COP(=O)(O)O)O)O)O)O)O)O	cluster_00089	313.0	6028.0	299.0	313.0		morgan_tanimoto	unanchored
Ligand-Morgan-0.5	1	C1C[C@H](NC1)C(=O)O	C1C[C@H](NC1)C(=O)O	cluster_00096	29.0	39.0	55.0	29.0	0.1333333333333333	morgan_tanimoto	[0.0,0.2)
Ligand-Morgan-0.5	1	C1[C@H]([C@@H]([C@H]([C@@H]([C@H]1N)O[C@@H]2[C@@H]([C@H]([C@@H]([C@H](O2)CN)O)O)O)O)O[C@@H]3[C@@H]([C@H]([C@@H]([C@H](O3)CO)O)N)O)N	C1[C@H]([C@@H]([C@H]([C@@H]([C@H]1N)O[C@@H]2[C@@H]([C@H]([C@@H]([C@H](O2)CN)O)O)O)O)O[C@@H]3[C@@H]([C@H]([C@@H]([C@H](O3)CO)O)N)O)N	cluster_00019	452.0	4896.0	573.0	452.0		morgan_tanimoto	unanchored
Ligand-Morgan-0.5	1	CC(=O)C(=O)[C@H](COP(=O)(O)O)O	CC(=O)C(=O)[C@H](COP(=O)(O)O)O	cluster_00107	324.0	1808.0	390.0	325.0		morgan_tanimoto	unanchored
Ligand-Morgan-0.5	1	CC(=O)C1CCC2C1(CCC3C2CCC4=CC(=O)CCC34C)C	CC(=O)C1CCC2C1(CCC3C2CCC4=CC(=O)CCC34C)C	cluster_00110	1.0	1.0	1.0	1.0	0.46875	morgan_tanimoto	[0.4,0.5)
Ligand-Morgan-0.5	1	CC(=O)NC(CO)C(=O)O	CC(=O)NC(CO)C(=O)O	cluster_00111	151.0	11.0	39.0	145.0	0.28125	morgan_tanimoto	[0.2,0.4)
Ligand-Morgan-0.5	1	CC(=O)NC1C(C(C(OC1O)COP(=O)(O)O)O)O	CC(=O)NC1C(C(C(OC1O)COP(=O)(O)O)O)O	cluster_00019	799.0	3944.0	868.0	799.0		morgan_tanimoto	unanchored
Ligand-Morgan-0.5	1	CC(=O)N[C@@H](CO)C(=O)O	CC(=O)N[C@@H](CO)C(=O)O	cluster_00111	129.0	11.0	36.0	124.0	0.28125	morgan_tanimoto	[0.2,0.4)
Ligand-Morgan-0.5	1	CC(=O)N[C@@H]1[C@H]([C@@H]([C@H](O[C@H]1O[C@@H]2[C@H](OC([C@@H]([C@H]2O)NC(=O)C)O)CO)CO)O)O	CC(=O)N[C@@H]1[C@H]([C@@H]([C@H](O[C@H]1O[C@@H]2[C@H](OC([C@@H]([C@H]2O)NC(=O)C)O)CO)CO)O)O	cluster_00019	1795.0	5564.0	1967.0	1795.0		morgan_tanimoto	unanchored
Ligand-Morgan-0.5	1	CC(=O)[C@H]1CC[C@@H]2[C@@]1(CC[C@H]3[C@H]2CCC4=CC(=O)CC[C@]34C)C	CC(=O)[C@H]1CC[C@@H]2[C@@]1(CC[C@H]3[C@H]2CCC4=CC(=O)CC[C@]34C)C	cluster_00110	3.0	3.0	1.0	3.0	0.2857142857142857	morgan_tanimoto	[0.2,0.4)
Ligand-Morgan-0.5	1	CC(C(=O)[O-])OC1C(C(OC(C1O)COP(=O)([O-])[O-])O)NC(=O)C	CC(C(=O)[O-])OC1C(C(OC(C1O)COP(=O)([O-])[O-])O)NC(=O)C	cluster_00019	2460.0	4700.0	2583.0	2460.0		morgan_tanimoto	unanchored
Ligand-Morgan-0.5	1	CC(C(C(C(C=O)O)O)O)O	CC(C(C(C(C=O)O)O)O)O	cluster_00120	5491.0	315.0	331.0	5491.0	0.032258064516129	morgan_tanimoto	[0.0,0.2)
Ligand-Morgan-0.5	1	CC(C)C1=C(C=C(C=C1O)/C=C/C2=CC=CC=C2)O	CC(C)C1=C(C=C(C=C1O)/C=C/C2=CC=CC=C2)O	cluster_00040	21.0	1.0	56.0	17.0	0.3023255813953488	morgan_tanimoto	[0.2,0.4)
Ligand-Morgan-0.5	1	CC1(C[C@H]2C=C([C@H]3[C@]2(C1)[C@@]4(CO4)C(=O)OC3)C(=O)O)C	CC1(C[C@H]2C=C([C@H]3[C@]2(C1)[C@@]4(CO4)C(=O)OC3)C(=O)O)C	cluster_00131	1.0	1.0	1.0	1.0	0.4912280701754385	morgan_tanimoto	[0.4,0.5)
Ligand-Morgan-0.5	1	CC1=C2C(=CC3=C(C2=O)C(=CC=C3)O)CC(O1)CC(=O)O	CC1=C2C(=CC3=C(C2=O)C(=CC=C3)O)CC(O1)CC(=O)O	cluster_00137	29.0	2.0	33.0	24.0	0.303030303030303	morgan_tanimoto	[0.2,0.4)
Ligand-Morgan-0.5	1	CC1=C2C(=CC3=C(C2=O)C(=CC=C3)O)C[C@H](O1)CC(=O)O	CC1=C2C(=CC3=C(C2=O)C(=CC=C3)O)C[C@H](O1)CC(=O)O	cluster_00137	35.0	2.0	31.0	29.0	0.303030303030303	morgan_tanimoto	[0.2,0.4)
Ligand-Morgan-0.5	1	CC1=CC2=C(C=C1N)[N+](=C3C=C(C(=CC3=N2)C)N)C4=CC=CC=C4.[Cl-]	CC1=CC2=C(C=C1N)[N+](=C3C=C(C(=CC3=N2)C)N)C4=CC=CC=C4.[Cl-]	cluster_00141	31.0	11.0	3.0	30.0	0.2307692307692307	morgan_tanimoto	[0.2,0.4)
Ligand-Morgan-0.5	1	CC1=CC2=CC(=C3C(=C2C(=C1)O)C(=O)C4=C(C3=O)C(=CC=C4)O)O	CC1=CC2=CC(=C3C(=C2C(=C1)O)C(=O)C4=C(C3=O)C(=CC=C4)O)O	cluster_00142	3.0	3.0	12.0	3.0	0.3787878787878788	morgan_tanimoto	[0.2,0.4)
Ligand-Morgan-0.5	1	CC=O	CC=O	cluster_00151	187.0	2728.0	180.0	187.0		morgan_tanimoto	unanchored
Ligand-Morgan-0.5	1	CCCC(=O)OCCC1=CC=CC=C1	CCCC(=O)OCCC1=CC=CC=C1	cluster_00159	3096.0	182.0	79.0	3091.0	0.12	morgan_tanimoto	[0.0,0.2)
Ligand-Morgan-0.5	1	CCCCCC1=CC(=C(C(=C1C(=O)O)O)[C@@H]2C=C(CC[C@H]2C(=C)C)C)O	CCCCCC1=CC(=C(C(=C1C(=O)O)O)[C@@H]2C=C(CC[C@H]2C(=C)C)C)O	cluster_00163	57.0	3082.0	167.0	58.0		morgan_tanimoto	unanchored
Ligand-Morgan-0.5	1	CCCCCCCCCCCC1=CC=C(N1)/C=C\2/C(=CC(=N2)C3=CC=CN3)OC	CCCCCCCCCCCC1=CC=C(N1)/C=C\2/C(=CC(=N2)C3=CC=CN3)OC	cluster_00164	29.0	4192.0	96.0	29.0		morgan_tanimoto	unanchored
Ligand-Morgan-0.5	1	CCNC1=C(C)C=C2C(OC3=CC(=NCC)C(C)=CC3=C2C2=CC=CC=C2C(=O)OCC)=C1	CCNC1=C(C)C=C2C(OC3=CC(=NCC)C(C)=CC3=C2C2=CC=CC=C2C(=O)OCC)=C1	cluster_00173	3383.0	197.0	88.0	3379.0	0.0769230769230769	morgan_tanimoto	[0.0,0.2)
Ligand-Morgan-0.5	1	CCNC1=CC2=C(C=C1C)C(=C3C=C(C(=[NH+]CC)C=C3O2)C)C4=CC=CC=C4C(=O)OCC	CCNC1=CC2=C(C=C1C)C(=C3C=C(C(=[NH+]CC)C=C3O2)C)C4=CC=CC=C4C(=O)OCC	cluster_00173	2.0	58.0	21.0	2.0	0.1219512195121951	morgan_tanimoto	[0.0,0.2)
Ligand-Morgan-0.5	1	CCNC1=CC2=C(C=C1C)C(=C3C=C(C(=[NH+]CC)C=C3O2)C)C4=CC=CC=C4C(=O)OCC.[Cl-]	CCNC1=CC2=C(C=C1C)C(=C3C=C(C(=[NH+]CC)C=C3O2)C)C4=CC=CC=C4C(=O)OCC.[Cl-]	cluster_00173	484.0	24.0	1.0	474.0	0.1463414634146341	morgan_tanimoto	[0.0,0.2)
Ligand-Morgan-0.5	1	CC[C@H](C)[C@H]([NH3+])C([O-])=O	CC[C@H](C)[C@H]([NH3+])C([O-])=O	cluster_00176	381.0	34.0	101.0	378.0	0.2258064516129032	morgan_tanimoto	[0.2,0.4)
Ligand-Morgan-0.5	1	CC[C@](C)(C(=O)CCCCC1C=CC(=O)O1)O	CC[C@](C)(C(=O)CCCCC1C=CC(=O)O1)O	cluster_00177	1714.0	93.0	98.0	1706.0	0.1212121212121212	morgan_tanimoto	[0.0,0.2)
Ligand-Morgan-0.5	1	CO	CO	cluster_00190	1899.0	2965.0	2021.0	1899.0		morgan_tanimoto	unanchored
Ligand-Morgan-0.5	1	C[C@@H]1C(=O)OC[C@@H]2[C@]13CC(C[C@H]3C=C2C(=O)O)(C)C	C[C@@H]1C(=O)OC[C@@H]2[C@]13CC(C[C@H]3C=C2C(=O)O)(C)C	cluster_00131	1.0	1.0	1.0	1.0	0.360655737704918	morgan_tanimoto	[0.2,0.4)
Ligand-Morgan-0.5	1	C[C@@H]1C2=C(C[C@H](O1)CC(=O)O)C(=O)C3=C(C2=O)C(=O)C(=CC3=O)C4=CC(=C5C(=C4O)C(=C6[C@H](O[C@@H](CC6=C5O)CC(=O)O)C)O)O	C[C@@H]1C2=C(C[C@H](O1)CC(=O)O)C(=O)C3=C(C2=O)C(=O)C(=CC3=O)C4=CC(=C5C(=C4O)C(=C6[C@H](O[C@@H](CC6=C5O)CC(=O)O)C)O)O	cluster_00197	2.0	1.0	1.0	2.0	0.2307692307692307	morgan_tanimoto	[0.2,0.4)
Ligand-Morgan-0.5	1	C[C@@H]1CCC2(C(CC([C@H](O2)C(C)C(=O)C3=CC=CN3)C)C)O[C@@H]1CC4=NC5=C(C=CC=C5O4)C(=O)O	C[C@@H]1CCC2(C(CC([C@H](O2)C(C)C(=O)C3=CC=CN3)C)C)O[C@@H]1CC4=NC5=C(C=CC=C5O4)C(=O)O	cluster_00198	1.0	2377.0	7.0	1.0		morgan_tanimoto	unanchored
Ligand-Morgan-0.5	1	C[C@@H]1CC[C@]2([C@@H](C[C@H]([C@H](O2)[C@H](C)C(=O)C3=CC=CN3)C)C)O[C@@H]1CC4=NC5=C(O4)C=CC(=C5C(=O)O)NC	C[C@@H]1CC[C@]2([C@@H](C[C@H]([C@H](O2)[C@H](C)C(=O)C3=CC=CN3)C)C)O[C@@H]1CC4=NC5=C(O4)C=CC(=C5C(=O)O)NC	cluster_00198	1.0	2377.0	5.0	1.0		morgan_tanimoto	unanchored
Ligand-Morgan-0.5	1	C[C@@H]1C[C@@H]([C@H]([C@@H](O1)O[C@H]2[C@H](C[C@@]3(CO3)C(=O)[C@@H]([C@H]([C@H]([C@H](OC(=O)[C@@H]([C@H]([C@@H]2C)O[C@H]4C[C@@H]([C@H]([C@@H](O4)C)O)OC)C)C)C)O)C)C)O)N(C)C	C[C@@H]1C[C@@H]([C@H]([C@@H](O1)O[C@H]2[C@H](C[C@@]3(CO3)C(=O)[C@@H]([C@H]([C@H]([C@H](OC(=O)[C@@H]([C@H]([C@@H]2C)O[C@H]4C[C@@H]([C@H]([C@@H](O4)C)O)OC)C)C)C)O)C)C)O)N(C)C	cluster_00199	1.0	1.0	4.0	1.0	0.43	morgan_tanimoto	[0.4,0.5)
Ligand-Morgan-0.5	1	C[C@H](C(=O)[O-])[C@@](CC(=O)[O-])(C(=O)[O-])O	C[C@H](C(=O)[O-])[C@@](CC(=O)[O-])(C(=O)[O-])O	cluster_00203	2466.0	1405.0	2569.0	2466.0		morgan_tanimoto	unanchored
Ligand-Morgan-0.5	1	C[C@H]1[C@@H]2CC[C@]3([C@H]([C@]2(CC[C@H]1O)C)[C@@H](C[C@@H]\4[C@@]3(C[C@@H](/C4=C(/CCC=C(C)C)\C(=O)O)OC(=O)C)C)O)C	C[C@H]1[C@@H]2CC[C@]3([C@H]([C@]2(CC[C@H]1O)C)[C@@H](C[C@@H]\4[C@@]3(C[C@@H](/C4=C(/CCC=C(C)C)\C(=O)O)OC(=O)C)C)O)C	cluster_00208	165.0	22.0	186.0	163.0	0.1393442622950819	morgan_tanimoto	[0.0,0.2)
Ligand-Morgan-0.5	1	C[C@H]1[C@H](CC[C@@H](O1)O[C@@H]2C[C@@H](O[C@@H]([C@H]2O)C)O[C@@H]3[C@H](O[C@H](C[C@H]3O)OC4=C5C(=C(C=C4)O)C(=O)C6=C(C5=O)[C@@H](CC7=C6C(=CC(=C7)C)O)O)C)O	C[C@H]1[C@H](CC[C@@H](O1)O[C@@H]2C[C@@H](O[C@@H]([C@H]2O)C)O[C@@H]3[C@H](O[C@H](C[C@H]3O)OC4=C5C(=C(C=C4)O)C(=O)C6=C(C5=O)[C@@H](CC7=C6C(=CC(=C7)C)O)O)C)O	cluster_00210	50.0	5163.0	110.0	50.0		morgan_tanimoto	unanchored
Ligand-Morgan-0.5	1	C[C@H]1[C@H](CC[C@@H](O1)O[C@@H]2C[C@@H](O[C@@H]([C@H]2O)C)O[C@@H]3[C@H](O[C@H](C[C@H]3O)O[C@H]4CC[C@@H](O[C@H]4C)O[C@@H]5C[C@@H](O[C@@H]([C@H]5O)C)O[C@@H]6[C@H](O[C@H](C[C@H]6O)OC7=C8C(=C(C=C7)O)C(=O)C9=C(C8=O)[C@@H](CC1=C9C(=CC(=C1)C)O)O)C)C)O	C[C@H]1[C@H](CC[C@@H](O1)O[C@@H]2C[C@@H](O[C@@H]([C@H]2O)C)O[C@@H]3[C@H](O[C@H](C[C@H]3O)O[C@H]4CC[C@@H](O[C@H]4C)O[C@@H]5C[C@@H](O[C@@H]([C@H]5O)C)O[C@@H]6[C@H](O[C@H](C[C@H]6O)OC7=C8C(=C(C=C7)O)C(=O)C9=C(C8=O)[C@@H](CC1=C9C(=CC(=C1)C)O)O)C)C)O	cluster_00210	43.0	5163.0	99.0	43.0		morgan_tanimoto	unanchored
Ligand-Morgan-0.5	1	C[C@]12CC[C@H]3[C@H]([C@@H]1CC[C@@H]2O)CCC4=CC(=O)CC[C@]34C	C[C@]12CC[C@H]3[C@H]([C@@H]1CC[C@@H]2O)CCC4=CC(=O)CC[C@]34C	cluster_00110	3.0	3.0	1.0	3.0	0.4181818181818181	morgan_tanimoto	[0.4,0.5)
Ligand-Morgan-0.5	1	N[C@@H](Cc1c[nH]c2ccccc12)C(O)=O	N[C@@H](Cc1c[nH]c2ccccc12)C(O)=O	cluster_00018	5363.0	776.0	5396.0	5363.0		morgan_tanimoto	unanchored
Ligand-Morgan-0.5	1	N[C@@H](Cc1ccc(O)cc1)C(O)=O	N[C@@H](Cc1ccc(O)cc1)C(O)=O	cluster_00018	10.0	2215.0	31.0	10.0		morgan_tanimoto	unanchored
Ligand-Morgan-0.5	1	Nc1ccccc1C(=O)C[C@H]([NH3+])C([O-])=O	Nc1ccccc1C(=O)C[C@H]([NH3+])C([O-])=O	cluster_00217	6.0	3046.0	8.0	7.0		morgan_tanimoto	unanchored
Ligand-Morgan-0.5	1	O=C(O[C@]1([H])C[C@@]2(O[C@](C1)([H])C/C=C(C)/[C@@H](O[C@@H]3O[C@@H](C)[C@H](O[C@@H]4O[C@@H](C)[C@H](O)[C@@H](OC)C4)[C@@H](OC)C3)[C@@H](C)/C=C/C=C5CO[C@@]6([H])[C@]7\5O)C=C[C@H](C)[C@@H]([C@H](CC)C)O2)[C@]7([H])C=C(C)C6=O	O=C(O[C@]1([H])C[C@@]2(O[C@](C1)([H])C/C=C(C)/[C@@H](O[C@@H]3O[C@@H](C)[C@H](O[C@@H]4O[C@@H](C)[C@H](O)[C@@H](OC)C4)[C@@H](OC)C3)[C@@H](C)/C=C/C=C5CO[C@@]6([H])[C@]7\5O)C=C[C@H](C)[C@@H]([C@H](CC)C)O2)[C@]7([H])C=C(C)C6=O	cluster_00218	43.0	3881.0	72.0	43.0		morgan_tanimoto	unanchored
Ligand-Morgan-0.5	1	OC[C@H]1O[C@H](O[C@@H]2[C@@H](CO)O[C@@H](O)[C@H](O)[C@H]2O)[C@H](O)[C@@H](O)[C@@H]1O	OC[C@H]1O[C@H](O[C@@H]2[C@@H](CO)O[C@@H](O)[C@H](O)[C@H]2O)[C@H](O)[C@@H](O)[C@@H]1O	cluster_00019	3120.0	2675.0	3198.0	3120.0		morgan_tanimoto	unanchored
Ligand-Morgan-0.5	1	[O-]C(=O)CS([O-])(=O)=O	[O-]C(=O)CS([O-])(=O)=O	cluster_00229	170.0	3058.0	208.0	170.0		morgan_tanimoto	unanchored
Ligand-Morgan-0.5	1	[O-]Cl.[Na+]	[O-]Cl.[Na+]	cluster_00231	3236.0	203.0	2216.0	3236.0	0.0	morgan_tanimoto	[0.0,0.2)
Ligand-Morgan-0.5	2	C(=O)(N)N	C(=O)(N)N	cluster_00003	714.0	2302.0	790.0	714.0		morgan_tanimoto	unanchored
Ligand-Morgan-0.5	2	C(C(C(=O)[O-])O)O	C(C(C(=O)[O-])O)O	cluster_00014	10.0	10.0	389.0	10.0	0.4210526315789473	morgan_tanimoto	[0.4,0.5)
Ligand-Morgan-0.5	2	C(CC(=O)O)[C@@H](C(=O)O)NC=O	C(CC(=O)O)[C@@H](C(=O)O)NC=O	cluster_00022	1977.0	127.0	980.0	1977.0	0.1162790697674418	morgan_tanimoto	[0.0,0.2)
Ligand-Morgan-0.5	2	C(CC(=O)[O-])[C@@H](C(=O)[O-])NC=O	C(CC(=O)[O-])[C@@H](C(=O)[O-])NC=O	cluster_00022	234.0	21.0	1636.0	234.0	0.225	morgan_tanimoto	[0.2,0.4)
Ligand-Morgan-0.5	2	C1(=C(C(=C(C(=C1Cl)Cl)Cl)Cl)Cl)O	C1(=C(C(=C(C(=C1Cl)Cl)Cl)Cl)Cl)O	cluster_00027	1.0	1.0	1.0	1.0	0.3333333333333333	morgan_tanimoto	[0.2,0.4)
Ligand-Morgan-0.5	2	C1=C(C(=O)NC1=O)[C@H]2[C@@H]([C@@H]([C@H](O2)CO)O)O	C1=C(C(=O)NC1=O)[C@H]2[C@@H]([C@@H]([C@H](O2)CO)O)O	cluster_00032	2230.0	137.0	1343.0	2230.0	0.119047619047619	morgan_tanimoto	[0.0,0.2)
Ligand-Morgan-0.5	2	C1=C(NC=N1)C[C@@H](C(=O)O)N	C1=C(NC=N1)C[C@@H](C(=O)O)N	cluster_00035	19.0	19.0	400.0	19.0	0.2972972972972973	morgan_tanimoto	[0.2,0.4)
Ligand-Morgan-0.5	2	C1=CC(=C(C=C1C(=O)O)O)O	C1=CC(=C(C=C1C(=O)O)O)O	cluster_00041	10.0	2319.0	18.0	10.0		morgan_tanimoto	unanchored
Ligand-Morgan-0.5	2	C1=CC(=C(C=C1C(=O)O)O)[O-]	C1=CC(=C(C=C1C(=O)O)O)[O-]	cluster_00041	10.0	3399.0	24.0	10.0		morgan_tanimoto	unanchored
Ligand-Morgan-0.5	2	C1=CC(=CC(=C1)Br)C(=O)[O-]	C1=CC(=CC(=C1)Br)C(=O)[O-]	cluster_00041	194.0	3236.0	334.0	194.0		morgan_tanimoto	unanchored
Ligand-Morgan-0.5	2	C1=CC(=CC(=C1)C(=O)[O-])C(=O)[O-]	C1=CC(=CC(=C1)C(=O)[O-])C(=O)[O-]	cluster_00041	4.0	1070.0	13.0	4.0		morgan_tanimoto	unanchored
Ligand-Morgan-0.5	2	C1=CC(=CC(=C1)Cl)C(=O)O	C1=CC(=CC(=C1)Cl)C(=O)O	cluster_00041	13.0	21.0	18.0	13.0	0.2666666666666666	morgan_tanimoto	[0.2,0.4)
Ligand-Morgan-0.5	2	C1=CC(=CC(=C1)I)C(=O)[O-]	C1=CC(=CC(=C1)I)C(=O)[O-]	cluster_00041	263.0	3236.0	417.0	263.0		morgan_tanimoto	unanchored
Ligand-Morgan-0.5	2	C1=CC(=CC(=C1)NC(=O)NC2=CC=CC(=C2)C(=N)N)C(=N)N	C1=CC(=CC(=C1)NC(=O)NC2=CC=CC(=C2)C(=N)N)C(=N)N	cluster_00052	4.0	2.0	1.0	4.0	0.2954545454545454	morgan_tanimoto	[0.2,0.4)
Ligand-Morgan-0.5	2	C1=CC(=CC(=C1)[O-])C(=O)O	C1=CC(=CC(=C1)[O-])C(=O)O	cluster_00041	215.0	10.0	19.0	215.0	0.28125	morgan_tanimoto	[0.2,0.4)
Ligand-Morgan-0.5	2	C1=CC(=CC=C1C(=O)O)O	C1=CC(=CC=C1C(=O)O)O	cluster_00041	1.0	1365.0	5.0	1.0		morgan_tanimoto	unanchored
Ligand-Morgan-0.5	2	C1=CC(=CC=C1C(=O)O)[O-]	C1=CC(=CC=C1C(=O)O)[O-]	cluster_00041	1266.0	5996.0	1467.0	1266.0		morgan_tanimoto	unanchored
Ligand-Morgan-0.5	2	C1=CC(=CC=C1C(=O)[O-])C(=O)[O-]	C1=CC(=CC=C1C(=O)[O-])C(=O)[O-]	cluster_00041	25.0	2989.0	49.0	25.0		morgan_tanimoto	unanchored
Ligand-Morgan-0.5	2	C1=CC(=CC=C1C(=O)[O-])[N+](=O)[O-]	C1=CC(=CC=C1C(=O)[O-])[N+](=O)[O-]	cluster_00041	250.0	5564.0	387.0	250.0		morgan_tanimoto	unanchored
Ligand-Morgan-0.5	2	C1=CC(=CC=C1[C@H]([C@@H](CO)NC(=O)C(Cl)Cl)O)[N+](=O)[O-]	C1=CC(=CC=C1[C@H]([C@@H](CO)NC(=O)C(Cl)Cl)O)[N+](=O)[O-]	cluster_00063	1591.0	77.0	116.0	1591.0	0.125	morgan_tanimoto	[0.0,0.2)
Ligand-Morgan-0.5	2	C1=CC(=CN=C1)C(=O)O	C1=CC(=CN=C1)C(=O)O	cluster_00041	2232.0	105.0	477.0	2232.0	0.125	morgan_tanimoto	[0.0,0.2)
Ligand-Morgan-0.5	2	C1=CC(=C[N+](=C1)[C@H]2[C@@H]([C@@H]([C@H](O2)COP(=O)(O)OP(=O)([O-])OC[C@@H]3[C@H]([C@H]([C@@H](O3)N4C=NC5=C(N=CN=C54)N)O)O)O)O)C(=O)N	C1=CC(=C[N+](=C1)[C@H]2[C@@H]([C@@H]([C@H](O2)COP(=O)(O)OP(=O)([O-])OC[C@@H]3[C@H]([C@H]([C@@H](O3)N4C=NC5=C(N=CN=C54)N)O)O)O)O)C(=O)N	cluster_00064	5229.0	3298.0	5260.0	5229.0		morgan_tanimoto	unanchored
Ligand-Morgan-0.5	2	C1=CC(=NC=C1O)C(=O)O	C1=CC(=NC=C1O)C(=O)O	cluster_00065	10.0	4904.0	33.0	10.0		morgan_tanimoto	unanchored
Ligand-Morgan-0.5	2	C1=CC(=O)NC=C1O	C1=CC(=O)NC=C1O	cluster_00067	47.0	5170.0	46.0	47.0		morgan_tanimoto	unanchored
Ligand-Morgan-0.5	2	C1=CC2=C(C=C1O)OC3=C2C(=O)OC4=C3C=CC(=C4)O	C1=CC2=C(C=C1O)OC3=C2C(=O)OC4=C3C=CC(=C4)O	cluster_00069	12.0	12.0	35.0	12.0	0.2978723404255319	morgan_tanimoto	[0.2,0.4)
Ligand-Morgan-0.5	2	C1=CC=C(C(=C1)C(=O)[O-])C(=O)[O-]	C1=CC=C(C(=C1)C(=O)[O-])C(=O)[O-]	cluster_00041	35.0	3023.0	56.0	35.0		morgan_tanimoto	unanchored
Ligand-Morgan-0.5	2	C1=CC=C(C=C1)C(=O)O	C1=CC=C(C=C1)C(=O)O	cluster_00041	13.0	1.0	1.0	13.0	0.4545454545454545	morgan_tanimoto	[0.4,0.5)
Ligand-Morgan-0.5	2	C1=CC=C(C=C1)C(=O)[O-]	C1=CC=C(C=C1)C(=O)[O-]	cluster_00041	30.0	63.0	79.0	30.0	0.217391304347826	morgan_tanimoto	[0.2,0.4)
Ligand-Morgan-0.5	2	C1=CC=NC(=C1)C2=CC=CC=N2	C1=CC=NC(=C1)C2=CC=CC=N2	cluster_00080	610.0	4861.0	692.0	610.0		morgan_tanimoto	unanchored
Ligand-Morgan-0.5	2	C1=NC(=C2C(=N1)N(C=N2)[C@@H]3[C@@H]([C@@H]([C@H](O3)COP(=O)(O)OS(=O)(=O)O)O)O)N	C1=NC(=C2C(=N1)N(C=N2)[C@@H]3[C@@H]([C@@H]([C@H](O3)COP(=O)(O)OS(=O)(=O)O)O)O)N	cluster_00064	362.0	6434.0	405.0	362.0		morgan_tanimoto	unanchored
Ligand-Morgan-0.5	2	C1=NC(=C2C(=N1)N(C=N2)[C@H]3[C@@H]([C@@H]([C@H](O3)COP(=O)(O)OP(=O)(O)OC[C@@H]4[C@H]([C@H]([C@@H](O4)O)O)O)O)O)N	C1=NC(=C2C(=N1)N(C=N2)[C@H]3[C@@H]([C@@H]([C@H](O3)COP(=O)(O)OP(=O)(O)OC[C@@H]4[C@H]([C@H]([C@@H](O4)O)O)O)O)O)N	cluster_00064	1281.0	5448.0	1370.0	1281.0		morgan_tanimoto	unanchored
Ligand-Morgan-0.5	2	C1=NC(=C2C(=N1)N(C=N2)[C@H]3[C@@H]([C@@H]([C@H](O3)COP(=O)(O)OS(=O)(=O)O)O)O)N	C1=NC(=C2C(=N1)N(C=N2)[C@H]3[C@@H]([C@@H]([C@H](O3)COP(=O)(O)OS(=O)(=O)O)O)O)N	cluster_00064	363.0	354.0	402.0	363.0	0.0172413793103448	morgan_tanimoto	[0.0,0.2)
Ligand-Morgan-0.5	2	C1=NC(=C2C(=N1)N(C=N2)[C@H]3[C@@H]([C@@H]([C@H](O3)CSCC[C@@H](C(=O)O)N)O)O)N	C1=NC(=C2C(=N1)N(C=N2)[C@H]3[C@@H]([C@@H]([C@H](O3)CSCC[C@@H](C(=O)O)N)O)O)N	cluster_00064	2871.0	517.0	3007.0	2871.0		morgan_tanimoto	unanchored
Ligand-Morgan-0.5	2	C1=NC2=C(N1C3C(C(C(O3)COP(=O)(O)OP(=O)(O)O)OP(=O)(O)OP(=O)(O)O)O)N=C(NC2=O)N	C1=NC2=C(N1C3C(C(C(O3)COP(=O)(O)OP(=O)(O)O)OP(=O)(O)OP(=O)(O)O)O)N=C(NC2=O)N	cluster_00064	3814.0	5015.0	3896.0	3814.0		morgan_tanimoto	unanchored
Ligand-Morgan-0.5	2	C1=NC2=C(N1[C@H]3[C@@H]([C@@H]([C@H](O3)COP(=O)(O)OP(=O)(O)OP(=O)(O)O)O)O)N=C(NC2=O)N	C1=NC2=C(N1[C@H]3[C@@H]([C@@H]([C@H](O3)COP(=O)(O)OP(=O)(O)OP(=O)(O)O)O)O)N=C(NC2=O)N	cluster_00064	440.0	5015.0	492.0	440.0		morgan_tanimoto	unanchored
Ligand-Morgan-0.5	2	C1C(O1)CBr	C1C(O1)CBr	cluster_00090	3384.0	4193.0	3513.0	3384.0		morgan_tanimoto	unanchored
Ligand-Morgan-0.5	2	C1C=CN(C=C1C(=O)N)[C@H]2[C@@H]([C@@H]([C@H](O2)COP(=O)(O)OP(=O)(O)OC[C@@H]3[C@H]([C@H]([C@@H](O3)N4C=NC5=C(N=CN=C54)N)O)O)O)O	C1C=CN(C=C1C(=O)N)[C@H]2[C@@H]([C@@H]([C@H](O2)COP(=O)(O)OP(=O)(O)OC[C@@H]3[C@H]([C@H]([C@@H](O3)N4C=NC5=C(N=CN=C54)N)O)O)O)O	cluster_00064	1267.0	1691.0	1409.0	1267.0		morgan_tanimoto	unanchored
Ligand-Morgan-0.5	2	C1CC1C(=O)C2CC2	C1CC1C(=O)C2CC2	cluster_00093	737.0	3888.0	938.0	737.0		morgan_tanimoto	unanchored
Ligand-Morgan-0.5	2	C1[C@H]([C@@H]([C@H]([C@@H](O1)O[C@H](CO)[C@@H]([C@H](C=O)O)O)O)O)O	C1[C@H]([C@@H]([C@H]([C@@H](O1)O[C@H](CO)[C@@H]([C@H](C=O)O)O)O)O)O	cluster_00099	13.0	13.0	1988.0	13.0	0.2894736842105263	morgan_tanimoto	[0.2,0.4)
Ligand-Morgan-0.5	2	CC(=CCC/C(=C/CC/C(=C/CC/C(=C/COP(=O)(O)OP(=O)(O)O)/C)/C)/C)C	CC(=CCC/C(=C/CC/C(=C/CC/C(=C/COP(=O)(O)OP(=O)(O)O)/C)/C)/C)C	cluster_00104	1.0	1.0	14.0	1.0	0.425	morgan_tanimoto	[0.4,0.5)
Ligand-Morgan-0.5	2	CC(=O)N[C@@H]1[C@H](CC(O[C@H]1[C@@H]([C@@H](CO)O)O)(C(=O)O)O)O	CC(=O)N[C@@H]1[C@H](CC(O[C@H]1[C@@H]([C@@H](CO)O)O)(C(=O)O)O)O	cluster_00112	966.0	6108.0	1139.0	966.0		morgan_tanimoto	unanchored
Ligand-Morgan-0.5	2	CC(=O)[C@@](C)(C(=O)O)O	CC(=O)[C@@](C)(C(=O)O)O	cluster_00117	1.0	1.0	22.0	1.0	0.4347826086956521	morgan_tanimoto	[0.4,0.5)
Ligand-Morgan-0.5	2	CC(C(=O)O)P(=O)(O)O	CC(C(=O)O)P(=O)(O)O	cluster_00119	6.0	6.0	1.0	6.0	0.3636363636363636	morgan_tanimoto	[0.2,0.4)
Ligand-Morgan-0.5	2	CC(C)C1=CC=C(C=C1)C(=O)O	CC(C)C1=CC=C(C=C1)C(=O)O	cluster_00041	42.0	6367.0	113.0	42.0		morgan_tanimoto	unanchored
Ligand-Morgan-0.5	2	CC(C)C1=CC=C(C=C1)C(=O)[O-]	CC(C)C1=CC=C(C=C1)C(=O)[O-]	cluster_00041	142.0	6367.0	255.0	142.0		morgan_tanimoto	unanchored
Ligand-Morgan-0.5	2	CC(CO)O	CC(CO)O	cluster_00129	1683.0	512.0	1827.0	1683.0		morgan_tanimoto	unanchored
Ligand-Morgan-0.5	2	CC12CCC(=O)C=C1CCC3C2C(CC4(C3CCC4(C(=O)CO)O)C)O	CC12CCC(=O)C=C1CCC3C2C(CC4(C3CCC4(C(=O)CO)O)C)O	cluster_00132	2.0	2.0	2.0	2.0	0.4375	morgan_tanimoto	[0.4,0.5)
Ligand-Morgan-0.5	2	CC12CCC(=O)C=C1CCC3C2C(CC4(C3CCC4C(=O)CO)C=O)O	CC12CCC(=O)C=C1CCC3C2C(CC4(C3CCC4C(=O)CO)C=O)O	cluster_00132	2.0	2.0	2.0	2.0	0.46875	morgan_tanimoto	[0.4,0.5)
Ligand-Morgan-0.5	2	CC1=C(C(=CC(=C1)CCCC(C)C)O)C(C)C	CC1=C(C(=CC(=C1)CCCC(C)C)O)C(C)C	cluster_00133	2.0	2.0	10.0	2.0	0.3023255813953488	morgan_tanimoto	[0.2,0.4)
Ligand-Morgan-0.5	2	CC1=C(C(=CC=C1)C(=O)[O-])C	CC1=C(C(=CC=C1)C(=O)[O-])C	cluster_00041	107.0	3236.0	206.0	107.0		morgan_tanimoto	unanchored
Ligand-Morgan-0.5	2	CC1=CC(=CC=C1)C(=O)O	CC1=CC(=CC=C1)C(=O)O	cluster_00041	86.0	5425.0	185.0	86.0		morgan_tanimoto	unanchored
Ligand-Morgan-0.5	2	CC1=CC(=CC=C1)C(=O)[O-]	CC1=CC(=CC=C1)C(=O)[O-]	cluster_00041	62.0	3236.0	137.0	62.0		morgan_tanimoto	unanchored
Ligand-Morgan-0.5	2	CC1=CC=C(C=C1)C(=O)[O-]	CC1=CC=C(C=C1)C(=O)[O-]	cluster_00041	96.0	5425.0	197.0	96.0		morgan_tanimoto	unanchored
Ligand-Morgan-0.5	2	CC1=CC=C(C=C1)[N+](=O)[O-]	CC1=CC=C(C=C1)[N+](=O)[O-]	cluster_00041	6.0	6.0	147.0	6.0	0.3181818181818182	morgan_tanimoto	[0.2,0.4)
Ligand-Morgan-0.5	2	CC1=CC=CC=C1C(=O)[O-]	CC1=CC=CC=C1C(=O)[O-]	cluster_00041	81.0	5425.0	149.0	81.0		morgan_tanimoto	unanchored
Ligand-Morgan-0.5	2	CCC1C(=O)N2CCCC2C(=O)N(C(C(=O)N3CCC(=O)CC3C(=O)NC(C(=O)OC(C(C(=O)N1)NC(=O)C4=C(C=CC=N4)O)C)C5=CC=CC=C5)CC6=CC=C(C=C6)N(C)C)C	CCC1C(=O)N2CCCC2C(=O)N(C(C(=O)N3CCC(=O)CC3C(=O)NC(C(=O)OC(C(C(=O)N1)NC(=O)C4=C(C=CC=N4)O)C)C5=CC=CC=C5)CC6=CC=C(C=C6)N(C)C)C	cluster_00157	2.0	4787.0	9.0	2.0		morgan_tanimoto	unanchored
Ligand-Morgan-0.5	2	CCCC(=O)CC(=O)NC1CCOC1=O	CCCC(=O)CC(=O)NC1CCOC1=O	cluster_00158	890.0	497.0	1073.0	890.0		morgan_tanimoto	unanchored
Ligand-Morgan-0.5	2	CCCC(=O)CC(=O)N[C@H]1CCOC1=O	CCCC(=O)CC(=O)N[C@H]1CCOC1=O	cluster_00158	284.0	4212.0	374.0	284.0		morgan_tanimoto	unanchored
Ligand-Morgan-0.5	2	CCCC(=O)NC1CCOC1=O	CCCC(=O)NC1CCOC1=O	cluster_00158	305.0	1936.0	417.0	305.0		morgan_tanimoto	unanchored
Ligand-Morgan-0.5	2	CCCC(=O)N[C@H]1CCOC1=O	CCCC(=O)N[C@H]1CCOC1=O	cluster_00158	132.0	1936.0	219.0	132.0		morgan_tanimoto	unanchored
Ligand-Morgan-0.5	2	CCCC(CC(=O)NC1CCOC1=O)O	CCCC(CC(=O)NC1CCOC1=O)O	cluster_00158	567.0	4111.0	707.0	567.0		morgan_tanimoto	unanchored
Ligand-Morgan-0.5	2	CCCCCC(=O)CC(=O)N[C@H]1CCOC1=O	CCCCCC(=O)CC(=O)N[C@H]1CCOC1=O	cluster_00158	836.0	1557.0	992.0	836.0		morgan_tanimoto	unanchored
Ligand-Morgan-0.5	2	CCCCCCCCCC(=O)CC(=O)NC1CCOC1=O	CCCCCCCCCC(=O)CC(=O)NC1CCOC1=O	cluster_00158	13.0	4031.0	19.0	13.0		morgan_tanimoto	unanchored
Ligand-Morgan-0.5	2	CCCCCCCCCC(=O)CC(=O)N[C@H]1CCOC1=O	CCCCCCCCCC(=O)CC(=O)N[C@H]1CCOC1=O	cluster_00158	9.0	4031.0	10.0	9.0		morgan_tanimoto	unanchored
Ligand-Morgan-0.5	2	CCCCCCCCCCCC(=O)CC(=O)N[C@H]1CCOC1=O	CCCCCCCCCCCC(=O)CC(=O)N[C@H]1CCOC1=O	cluster_00158	1.0	1.0	3.0	1.0	0.3958333333333333	morgan_tanimoto	[0.2,0.4)
Ligand-Morgan-0.5	2	CCCCCCCCCCCCCCC(=O)N[C@H]1CCOC1=O	CCCCCCCCCCCCCCC(=O)N[C@H]1CCOC1=O	cluster_00158	1.0	1.0	2.0	1.0	0.4222222222222222	morgan_tanimoto	[0.4,0.5)
Ligand-Morgan-0.5	2	CCCCCCCCCCCCCCCC(=O)N[C@H]1CCOC1=O	CCCCCCCCCCCCCCCC(=O)N[C@H]1CCOC1=O	cluster_00158	1.0	1.0	3.0	1.0	0.4222222222222222	morgan_tanimoto	[0.4,0.5)
Ligand-Morgan-0.5	2	CCCCCCCCCCCCCCCCCC(=O)N[C@H]1CCOC1=O	CCCCCCCCCCCCCCCCCC(=O)N[C@H]1CCOC1=O	cluster_00158	1.0	1.0	3.0	1.0	0.4222222222222222	morgan_tanimoto	[0.4,0.5)
Ligand-Morgan-0.5	2	CCCCCCO	CCCCCCO	cluster_00169	712.0	43.0	610.0	712.0	0.1379310344827586	morgan_tanimoto	[0.0,0.2)
Ligand-Morgan-0.5	2	CCCCOC(=O)C1=CC=C(C=C1)O	CCCCOC(=O)C1=CC=C(C=C1)O	cluster_00041	111.0	17.0	24.0	111.0	0.2558139534883721	morgan_tanimoto	[0.2,0.4)
Ligand-Morgan-0.5	2	CCCN\1C2=CC=CC=C2O/C1=C\C=C\C3=[N+](C4=CC=CC=C4O3)CCC.[I-]	CCCN\1C2=CC=CC=C2O/C1=C\C=C\C3=[N+](C4=CC=CC=C4O3)CCC.[I-]	cluster_00171	73.0	2.0	1.0	73.0	0.1764705882352941	morgan_tanimoto	[0.0,0.2)
Ligand-Morgan-0.5	2	CC[C@@H]1C(=O)N2CCC[C@H]2C(=O)N([C@H](C(=O)N3CCC(=O)C[C@H]3C(=O)N[C@H](C(=O)O[C@@H]([C@@H](C(=O)N1)NC(=O)C4=C(C=CC=N4)O)C)C5=CC=CC=C5)CC6=CC=CC=C6)C	CC[C@@H]1C(=O)N2CCC[C@H]2C(=O)N([C@H](C(=O)N3CCC(=O)C[C@H]3C(=O)N[C@H](C(=O)O[C@@H]([C@@H](C(=O)N1)NC(=O)C4=C(C=CC=N4)O)C)C5=CC=CC=C5)CC6=CC=CC=C6)C	cluster_00157	16.0	3831.0	56.0	16.0		morgan_tanimoto	unanchored
Ligand-Morgan-0.5	2	CN	CN	cluster_00180	2508.0	478.0	2544.0	2508.0		morgan_tanimoto	unanchored
Ligand-Morgan-0.5	2	CN(C)C(=O)/N=N/C(=O)N(C)C	CN(C)C(=O)/N=N/C(=O)N(C)C	cluster_00181	39.0	6353.0	96.0	39.0		morgan_tanimoto	unanchored
Ligand-Morgan-0.5	2	CN(C)C1=CC2=C(C=C1)N=C3C=CC(=[N+](C)C)C=C3S2.[Cl-]	CN(C)C1=CC2=C(C=C1)N=C3C=CC(=[N+](C)C)C=C3S2.[Cl-]	cluster_00183	2.0	2.0	1.0	2.0	0.3846153846153846	morgan_tanimoto	[0.2,0.4)
Ligand-Morgan-0.5	2	CN(C)C1=CC=C(C=C1)C(=C2C=CC(=[N+](C)C)C=C2)C3=CC=C(C=C3)N(C)C.[Cl-]	CN(C)C1=CC=C(C=C1)C(=C2C=CC(=[N+](C)C)C=C2)C3=CC=C(C=C3)N(C)C.[Cl-]	cluster_00184	1.0	1.0	1.0	1.0	0.3829787234042553	morgan_tanimoto	[0.2,0.4)
Ligand-Morgan-0.5	2	CN(C)C1=CC=C(C=C1)C(=C2C=CC(=[N+](C)C)C=C2)C3=CC=C(C=C3)[N+](C)(C)C.[Cl-].[Cl-]	CN(C)C1=CC=C(C=C1)C(=C2C=CC(=[N+](C)C)C=C2)C3=CC=C(C=C3)[N+](C)(C)C.[Cl-].[Cl-]	cluster_00184	2.0	2.0	2.0	2.0	0.25	morgan_tanimoto	[0.2,0.4)
Ligand-Morgan-0.5	2	CN(C)C1=CC=C(C=C1)C(=C2C=CC(=[N+](C)C)C=C2)C3=CC=CC=C3.[Cl-]	CN(C)C1=CC=C(C=C1)C(=C2C=CC(=[N+](C)C)C=C2)C3=CC=CC=C3.[Cl-]	cluster_00184	1.0	1.0	1.0	1.0	0.4081632653061224	morgan_tanimoto	[0.4,0.5)
Ligand-Morgan-0.5	2	CN(C)[C@H]1[C@@H]2C[C@H]3C(=C(O)[C@]2(O)C(=O)C(C(N)=O)=C1O)C(=O)c1c(O)ccc(Cl)c1[C@@]3(C)O	CN(C)[C@H]1[C@@H]2C[C@H]3C(=C(O)[C@]2(O)C(=O)C(C(N)=O)=C1O)C(=O)c1c(O)ccc(Cl)c1[C@@]3(C)O	cluster_00185	60.0	2084.0	133.0	60.0		morgan_tanimoto	unanchored
Ligand-Morgan-0.5	2	CN1CCC[C@@H]1C2=CNC(=O)C=C2	CN1CCC[C@@H]1C2=CNC(=O)C=C2	cluster_00186	462.0	600.0	616.0	462.0		morgan_tanimoto	unanchored
Ligand-Morgan-0.5	2	CN1CCC[C@H]1C2=CNC(=O)C=C2	CN1CCC[C@H]1C2=CNC(=O)C=C2	cluster_00186	491.0	600.0	646.0	491.0		morgan_tanimoto	unanchored
Ligand-Morgan-0.5	2	COC(=O)C1=CC=C(C=C1)O	COC(=O)C1=CC=C(C=C1)O	cluster_00041	60.0	14.0	43.0	60.0	0.2702702702702703	morgan_tanimoto	[0.2,0.4)
Ligand-Morgan-0.5	2	COC1=C(C2=C[N+]3=C(C=C2C=C1)C4=CC(=C(C=C4CC3)OC)OC)OC	COC1=C(C2=C[N+]3=C(C=C2C=C1)C4=CC(=C(C=C4CC3)OC)OC)OC	cluster_00191	1.0	1.0	1.0	1.0	0.2903225806451613	morgan_tanimoto	[0.2,0.4)
Ligand-Morgan-0.5	2	COC1=C(C2=C[N+]3=C(C=C2C=C1)C4=CC5=C(C=C4CC3)OCO5)OC	COC1=C(C2=C[N+]3=C(C=C2C=C1)C4=CC5=C(C=C4CC3)OCO5)OC	cluster_00191	1.0	1.0	1.0	1.0	0.3870967741935484	morgan_tanimoto	[0.2,0.4)
Ligand-Morgan-0.5	2	COC1=C(C=CC(=C1)C(=O)O)[O-]	COC1=C(C=CC(=C1)C(=O)O)[O-]	cluster_00041	114.0	1164.0	204.0	114.0		morgan_tanimoto	unanchored
Ligand-Morgan-0.5	2	COC1=CC(=CC(=C1[O-])OC)C(=O)O	COC1=CC(=CC(=C1[O-])OC)C(=O)O	cluster_00041	35.0	4474.0	106.0	35.0		morgan_tanimoto	unanchored
Ligand-Morgan-0.5	2	COc1cccc(C)c1C(=O)O[C@@H]1C[C@H](O[C@H]2[C@H](O)C[C@H](O[C@@H]3CCC[C@H]4[C@H]3C=C[C@@H]3CCCC/C=C/[C@H]5C=C(C(=O)O)[C@@H](C)C[C@@]56OC(=O)C(=C6O)OC(=O)[C@@]34C)O[C@@H]2C)O[C@H](C)[C@H]1O	COc1cccc(C)c1C(=O)O[C@@H]1C[C@H](O[C@H]2[C@H](O)C[C@H](O[C@@H]3CCC[C@H]4[C@H]3C=C[C@@H]3CCCC/C=C/[C@H]5C=C(C(=O)O)[C@@H](C)C[C@@]56OC(=O)C(=C6O)OC(=O)[C@@]34C)O[C@@H]2C)O[C@H](C)[C@H]1O	cluster_00195	78.0	1764.0	135.0	78.0		morgan_tanimoto	unanchored
Ligand-Morgan-0.5	2	C[C@@H]1C(=O)C2=CC3=C(C([C@]24[C@@]([C@]1(C(=O)O4)O)(CCC(C)C)O)O)C(=CC=C3)O	C[C@@H]1C(=O)C2=CC3=C(C([C@]24[C@@]([C@]1(C(=O)O4)O)(CCC(C)C)O)O)C(=CC=C3)O	cluster_00196	14.0	1440.0	57.0	14.0		morgan_tanimoto	unanchored
Ligand-Morgan-0.5	2	C[C@@H]1C[C@]23[C@H](/C=C/CCCC[C@@H]4C=C[C@H]5[C@H]([C@@]4(C(=O)OC(=C2O)C(=O)O3)C)CCC[C@@H]5O[C@H]6C[C@H]([C@@H]([C@H](O6)C)O[C@H]7C[C@H]([C@@H]([C@H](O7)C)O)OC(=O)C8=C(C=CC(=C8C)Cl)OC)O)C=C1C(=O)O	C[C@@H]1C[C@]23[C@H](/C=C/CCCC[C@@H]4C=C[C@H]5[C@H]([C@@]4(C(=O)OC(=C2O)C(=O)O3)C)CCC[C@@H]5O[C@H]6C[C@H]([C@@H]([C@H](O6)C)O[C@H]7C[C@H]([C@@H]([C@H](O7)C)O)OC(=O)C8=C(C=CC(=C8C)Cl)OC)O)C=C1C(=O)O	cluster_00195	58.0	1764.0	111.0	58.0		morgan_tanimoto	unanchored
Ligand-Morgan-0.5	2	C[C@@]1([C@H]2C[C@H]3[C@@H](C(=O)C(=C([C@]3(C(=O)C2=C(C4=C(C=CC(=C41)Cl)O)O)O)O)C(=O)N)N(C)C)O	C[C@@]1([C@H]2C[C@H]3[C@@H](C(=O)C(=C([C@]3(C(=O)C2=C(C4=C(C=CC(=C41)Cl)O)O)O)O)C(=O)N)N(C)C)O	cluster_00185	212.0	2084.0	328.0	212.0		morgan_tanimoto	unanchored
Ligand-Morgan-0.5	2	C[C@@]1([C@H]2C[C@H]3[C@@H](C(=O)C(=C([C@]3(C(=O)C2=C(C4=C1C=CC=C4O)O)O)O)C(=O)N)N(C)C)O	C[C@@]1([C@H]2C[C@H]3[C@@H](C(=O)C(=C([C@]3(C(=O)C2=C(C4=C1C=CC=C4O)O)O)O)C(=O)N)N(C)C)O	cluster_00185	7.0	26.0	29.0	7.0	0.140625	morgan_tanimoto	[0.0,0.2)
Ligand-Morgan-0.5	2	C[C@H]1[C@@H]([C@H]([C@H](C(O1)O)O)O)O	C[C@H]1[C@@H]([C@H]([C@H](C(O1)O)O)O)O	cluster_00207	183.0	1654.0	153.0	183.0		morgan_tanimoto	unanchored
Ligand-Morgan-0.5	2	C[C@H]1[C@@]([C@H]([C@@H](O1)O[C@@H]2[C@H]([C@@H]([C@H]([C@@H]([C@H]2O)O)N=C(N)N)O)N=C(N)N)O[C@H]3[C@H]([C@@H]([C@H]([C@@H](O3)CO)O)O)NC)(C=O)O	C[C@H]1[C@@]([C@H]([C@@H](O1)O[C@@H]2[C@H]([C@@H]([C@H]([C@@H]([C@H]2O)O)N=C(N)N)O)N=C(N)N)O[C@H]3[C@H]([C@@H]([C@H]([C@@H](O3)CO)O)O)NC)(C=O)O	cluster_00209	43.0	41.0	79.0	43.0	0.1935483870967742	morgan_tanimoto	[0.0,0.2)
Ligand-Morgan-0.5	2	C[C@H]1[C@H]([C@H]([C@@H](C(O1)O)O)O)O	C[C@H]1[C@H]([C@H]([C@@H](C(O1)O)O)O)O	cluster_00207	2.0	2.0	224.0	2.0	0.4347826086956521	morgan_tanimoto	[0.4,0.5)
Ligand-Morgan-0.5	2	C[C@H]1[C@H]2C=C([C@H]3[C@]2(C=C1C)[C@@]4(CO4)C(=O)OC3)C(=O)O	C[C@H]1[C@H]2C=C([C@H]3[C@]2(C=C1C)[C@@]4(CO4)C(=O)OC3)C(=O)O	cluster_00212	1.0	1.0	1.0	1.0	0.4912280701754385	morgan_tanimoto	[0.4,0.5)
Ligand-Morgan-0.5	2	C[C@]12CC[C@H]3[C@H]([C@@H]1CCC2=O)CCC4=C3C=CC(=C4)O	C[C@]12CC[C@H]3[C@H]([C@@H]1CCC2=O)CCC4=C3C=CC(=C4)O	cluster_00213	78.0	690.0	123.0	78.0		morgan_tanimoto	unanchored
Ligand-Morgan-0.5	2	C[C@]12CC[C@H]3[C@H]([C@@H]1CC[C@@H]2O)CCC4=C3C=CC(=C4)O	C[C@]12CC[C@H]3[C@H]([C@@H]1CC[C@@H]2O)CCC4=C3C=CC(=C4)O	cluster_00213	1.0	1.0	5.0	1.0	0.4181818181818181	morgan_tanimoto	[0.4,0.5)
Ligand-Morgan-0.5	2	C[C@]12CC[C@H]3[C@H]([C@@H]1CC[C@]2(C#C)O)CCC4=C3C=CC(=C4)O	C[C@]12CC[C@H]3[C@H]([C@@H]1CC[C@]2(C#C)O)CCC4=C3C=CC(=C4)O	cluster_00213	15.0	1.0	7.0	15.0	0.2238805970149253	morgan_tanimoto	[0.2,0.4)
Ligand-Morgan-0.5	2	C[S+](CCC(C(=O)[O-])N)CC1C(C(C(O1)N2C=NC3=C(N=CN=C32)N)O)O	C[S+](CCC(C(=O)[O-])N)CC1C(C(C(O1)N2C=NC3=C(N=CN=C32)N)O)O	cluster_00064	2204.0	3242.0	2362.0	2204.0		morgan_tanimoto	unanchored
Ligand-Morgan-0.5	2	C[S+](CC[C@@H](C(=O)[O-])N)C[C@@H]1[C@H]([C@H]([C@@H](O1)N2C=NC3=C(N=CN=C32)N)O)O	C[S+](CC[C@@H](C(=O)[O-])N)C[C@@H]1[C@H]([C@H]([C@@H](O1)N2C=NC3=C(N=CN=C32)N)O)O	cluster_00064	1566.0	3242.0	1717.0	1566.0		morgan_tanimoto	unanchored
Ligand-Morgan-0.5	2	O=C(C1=C[C@@]([C@@]23C[C@H]1C)([H])/C=C\CCCC[C@]4([H])C=C[C@]5([H])[C@@H](O[C@@H]6O[C@H](C)[C@@H](O[C@@H]7O[C@H](C)[C@@H](O)[C@H](O)C7)[C@H](O)C6)CCC[C@@]5([H])[C@]4(C)C(OC(C(O3)=O)=C2C)=O)O	O=C(C1=C[C@@]([C@@]23C[C@H]1C)([H])/C=C\CCCC[C@]4([H])C=C[C@]5([H])[C@@H](O[C@@H]6O[C@H](C)[C@@H](O[C@@H]7O[C@H](C)[C@@H](O)[C@H](O)C7)[C@H](O)C6)CCC[C@@]5([H])[C@]4(C)C(OC(C(O3)=O)=C2C)=O)O	cluster_00195	9.0	1764.0	35.0	9.0		morgan_tanimoto	unanchored
Ligand-Morgan-0.5	2	O=C1CCCCC1	O=C1CCCCC1	cluster_00219	79.0	2109.0	125.0	79.0		morgan_tanimoto	unanchored
Ligand-Morgan-0.5	2	OC(=O)C1CCCCC1	OC(=O)C1CCCCC1	cluster_00220	136.0	5196.0	224.0	136.0		morgan_tanimoto	unanchored
Ligand-Morgan-0.5	2	OS(=O)(=S)[O-]	OS(=O)(=S)[O-]	cluster_00223	436.0	55.0	966.0	436.0	0.1111111111111111	morgan_tanimoto	[0.0,0.2)
Ligand-Morgan-0.5	2	[N]=O	[N]=O	cluster_00227	1131.0	1296.0	1240.0	1131.0		morgan_tanimoto	unanchored
Ligand-Morgan-0.5	2	[O-]C(=O)C(=O)c1ccccc1	[O-]C(=O)C(=O)c1ccccc1	cluster_00041	118.0	4385.0	197.0	118.0		morgan_tanimoto	unanchored
Ligand-Morgan-0.5	2	[O-]S(=O)(=O)[O-]	[O-]S(=O)(=O)[O-]	cluster_00232	2.0	2.0	22.0	2.0	0.2941176470588235	morgan_tanimoto	[0.2,0.4)
Ligand-Morgan-0.5	2	[S-]	[S-]	cluster_00236	3150.0	56.0	4763.0	3150.0	0.0	morgan_tanimoto	[0.0,0.2)
Ligand-Morgan-0.5	2	c1cc2cc3cccc(N)c3nc2c(N)c1	c1cc2cc3cccc(N)c3nc2c(N)c1	cluster_00237	1.0	1.0	108.0	1.0	0.3214285714285714	morgan_tanimoto	[0.2,0.4)
Ligand-Morgan-0.5	3	C(=O)[O-]	C(=O)[O-]	cluster_00006	2046.0	5461.0	2192.0	2048.0		morgan_tanimoto	unanchored
Ligand-Morgan-0.5	3	C(C(=O)O)C(=O)O	C(C(=O)O)C(=O)O	cluster_00008	163.0	17.0	258.0	163.0	0.25	morgan_tanimoto	[0.2,0.4)
Ligand-Morgan-0.5	3	C(C(=O)O)P(=O)(O)O	C(C(=O)O)P(=O)(O)O	cluster_00009	11.0	1.0	1.0	1.0	0.3636363636363636	morgan_tanimoto	[0.2,0.4)
Ligand-Morgan-0.5	3	C(C(=O)[O-])O	C(C(=O)[O-])O	cluster_00012	30.0	2.0	3.0	31.0	0.3888888888888889	morgan_tanimoto	[0.2,0.4)
Ligand-Morgan-0.5	3	C(C(=O)[O-])[NH3+]	C(C(=O)[O-])[NH3+]	cluster_00012	774.0	4647.0	863.0	774.0		morgan_tanimoto	unanchored
Ligand-Morgan-0.5	3	C(C(COP(=O)(O)O)O)O	C(C(COP(=O)(O)O)O)O	cluster_00017	5215.0	5187.0	5235.0	5215.0		morgan_tanimoto	unanchored
Ligand-Morgan-0.5	3	C(CC(=O)O)C(=O)C(=O)O	C(CC(=O)O)C(=O)C(=O)O	cluster_00008	3838.0	3156.0	3934.0	3838.0		morgan_tanimoto	unanchored
Ligand-Morgan-0.5	3	C(CC(=O)O)C(=O)CC(=O)O	C(CC(=O)O)C(=O)CC(=O)O	cluster_00008	6.0	4165.0	15.0	6.0		morgan_tanimoto	unanchored
Ligand-Morgan-0.5	3	C(CC(=O)O)C(=O)O	C(CC(=O)O)C(=O)O	cluster_00008	313.0	10.0	24.0	301.0	0.2857142857142857	morgan_tanimoto	[0.2,0.4)
Ligand-Morgan-0.5	3	C(CC(=O)O)C=O	C(CC(=O)O)C=O	cluster_00008	31.0	3840.0	70.0	32.0		morgan_tanimoto	unanchored
Ligand-Morgan-0.5	3	C(CC(=O)O)CC(=O)O	C(CC(=O)O)CC(=O)O	cluster_00008	557.0	13.0	36.0	542.0	0.25	morgan_tanimoto	[0.2,0.4)
Ligand-Morgan-0.5	3	C(CC(=O)O)CN	C(CC(=O)O)CN	cluster_00008	2006.0	4342.0	2064.0	2006.0		morgan_tanimoto	unanchored
Ligand-Morgan-0.5	3	C(CC(=O)O)CO	C(CC(=O)O)CO	cluster_00008	19.0	3840.0	33.0	19.0		morgan_tanimoto	unanchored
Ligand-Morgan-0.5	3	C(CCC(=O)O)CC(=O)O	C(CCC(=O)O)CC(=O)O	cluster_00008	555.0	13.0	33.0	539.0	0.25	morgan_tanimoto	[0.2,0.4)
Ligand-Morgan-0.5	3	C(CCC(=O)O)CCC(=O)O	C(CCC(=O)O)CCC(=O)O	cluster_00008	710.0	17.0	20.0	690.0	0.2352941176470588	morgan_tanimoto	[0.2,0.4)
Ligand-Morgan-0.5	3	C(CN)C(=O)O	C(CN)C(=O)O	cluster_00008	477.0	20.0	176.0	472.0	0.25	morgan_tanimoto	[0.2,0.4)
Ligand-Morgan-0.5	3	C(CO)C(=O)O	C(CO)C(=O)O	cluster_00008	5.0	37.0	14.0	5.0	0.217391304347826	morgan_tanimoto	[0.2,0.4)
Ligand-Morgan-0.5	3	C1=CC(=C(C=C1Cl)Cl)OCC(=O)O	C1=CC(=C(C=C1Cl)Cl)OCC(=O)O	cluster_00046	126.0	11.0	8.0	99.0	0.2571428571428571	morgan_tanimoto	[0.2,0.4)
Ligand-Morgan-0.5	3	C1=CC(=C(C=C1N)O)C(=O)[O-]	C1=CC(=C(C=C1N)O)C(=O)[O-]	cluster_00047	865.0	3097.0	1025.0	866.0		morgan_tanimoto	unanchored
Ligand-Morgan-0.5	3	C1=CC(=C(C=C1O)C(=O)O)O	C1=CC(=C(C=C1O)C(=O)O)O	cluster_00048	408.0	32.0	6.0	378.0	0.28125	morgan_tanimoto	[0.2,0.4)
Ligand-Morgan-0.5	3	C1=CC(=CC2=NC3=C(C=CC(=C3)N)C=C21)N	C1=CC(=CC2=NC3=C(C=CC(=C3)N)C=C21)N	cluster_00053	1.0	1.0	1.0	1.0	0.4615384615384615	morgan_tanimoto	[0.4,0.5)
Ligand-Morgan-0.5	3	C1=CC(=CC=C1/C=C/C(=O)O)O	C1=CC(=CC=C1/C=C/C(=O)O)O	cluster_00054	5376.0	2188.0	5438.0	5376.0		morgan_tanimoto	unanchored
Ligand-Morgan-0.5	3	C1=CC(=CC=C1C2=CC=C(O2)C3=CC=C(C=C3)C(=N)N)C(=N)N	C1=CC(=CC=C1C2=CC=C(O2)C3=CC=C(C=C3)C(=N)N)C(=N)N	cluster_00057	1.0	1.0	1.0	1.0	0.40625	morgan_tanimoto	[0.4,0.5)
Ligand-Morgan-0.5	3	C1=CC(=CC=C1O)Cl	C1=CC(=CC=C1O)Cl	cluster_00062	3.0	3.0	1.0	3.0	0.4444444444444444	morgan_tanimoto	[0.4,0.5)
Ligand-Morgan-0.5	3	C1=CC=C(C(=C1)C(=O)O)N	C1=CC=C(C(=C1)C(=O)O)N	cluster_00048	2193.0	2889.0	2326.0	2193.0		morgan_tanimoto	unanchored
Ligand-Morgan-0.5	3	C1=CC=C(C(=C1)C(=O)O)O	C1=CC=C(C(=C1)C(=O)O)O	cluster_00048	21.0	2.0	1.0	3.0	0.4736842105263157	morgan_tanimoto	[0.4,0.5)
Ligand-Morgan-0.5	3	C1=CC=C(C(=C1)C(=O)O)[O-]	C1=CC=C(C(=C1)C(=O)O)[O-]	cluster_00048	271.0	39.0	102.0	269.0	0.2777777777777778	morgan_tanimoto	[0.2,0.4)
Ligand-Morgan-0.5	3	C1=CC=C2C(=C1)C(=CN2)[C@@H]([C@@H](COP(=O)(O)O)O)O	C1=CC=C2C(=C1)C(=CN2)[C@@H]([C@@H](COP(=O)(O)O)O)O	cluster_00075	1554.0	1475.0	1721.0	1554.0		morgan_tanimoto	unanchored
Ligand-Morgan-0.5	3	C1=CNC(=O)NC1=O	C1=CNC(=O)NC1=O	cluster_00084	358.0	5984.0	495.0	358.0		morgan_tanimoto	unanchored
Ligand-Morgan-0.5	3	C1=NC2=C(N1)C(=O)NC(=N2)N	C1=NC2=C(N1)C(=O)NC(=N2)N	cluster_00085	2415.0	3623.0	2527.0	2415.0		morgan_tanimoto	unanchored
Ligand-Morgan-0.5	3	C1=NC2=C(N1)C(=O)NC=N2	C1=NC2=C(N1)C(=O)NC=N2	cluster_00085	1791.0	3623.0	1901.0	1791.0		morgan_tanimoto	unanchored
Ligand-Morgan-0.5	3	C1=NC2=C(N1[C@H]3[C@@H]([C@@H]([C@H](O3)CO)O)O)NC(=O)NC2=O	C1=NC2=C(N1[C@H]3[C@@H]([C@@H]([C@H](O3)CO)O)O)NC(=O)NC2=O	cluster_00087	149.0	4272.0	193.0	149.0		morgan_tanimoto	unanchored
Ligand-Morgan-0.5	3	C1CCC(C1)CNC(=O)N2CCCC2	C1CCC(C1)CNC(=O)N2CCCC2	cluster_00094	2814.0	159.0	175.0	2813.0	0.0816326530612244	morgan_tanimoto	[0.0,0.2)
Ligand-Morgan-0.5	3	C1CN(CCC1C2=NC(=NO2)C3=CC=CS3)C(=O)CC#N	C1CN(CCC1C2=NC(=NO2)C3=CC=CS3)C(=O)CC#N	cluster_00095	1195.0	63.0	3.0	1170.0	0.1159420289855072	morgan_tanimoto	[0.0,0.2)
Ligand-Morgan-0.5	3	C1[C@H]2[C@@H]([C@@H](S1)CCCCC(=O)OP(=O)([O-])OC[C@@H]3[C@H]([C@H]([C@@H](O3)N4C=NC5=C(N=CN=C54)N)O)O)NC(=O)N2	C1[C@H]2[C@@H]([C@@H](S1)CCCCC(=O)OP(=O)([O-])OC[C@@H]3[C@H]([C@H]([C@@H](O3)N4C=NC5=C(N=CN=C54)N)O)O)NC(=O)N2	cluster_00101	3857.0	2756.0	3922.0	3857.0		morgan_tanimoto	unanchored
Ligand-Morgan-0.5	3	C=C(CC(=O)O)C(=O)O	C=C(CC(=O)O)C(=O)O	cluster_00008	82.0	4844.0	168.0	82.0		morgan_tanimoto	unanchored
Ligand-Morgan-0.5	3	C=O	C=O	cluster_00102	2039.0	1947.0	2091.0	2039.0		morgan_tanimoto	unanchored
Ligand-Morgan-0.5	3	CC(=CCC/C(=C/CO)/C)C	CC(=CCC/C(=C/CO)/C)C	cluster_00105	1405.0	427.0	1587.0	1405.0		morgan_tanimoto	unanchored
Ligand-Morgan-0.5	3	CC(=O)C(=O)O	CC(=O)C(=O)O	cluster_00106	3.0	2.0	1037.0	3.0	0.4615384615384615	morgan_tanimoto	[0.4,0.5)
Ligand-Morgan-0.5	3	CC(=O)OC[C@@H](C(=O)O)N	CC(=O)OC[C@@H](C(=O)O)N	cluster_00113	47.0	25.0	15.0	33.0	0.28125	morgan_tanimoto	[0.2,0.4)
Ligand-Morgan-0.5	3	CC(=O)SCCNC(=O)CCNC(=O)[C@@H](C(C)(C)COP(=O)(O)OP(=O)(O)OC[C@@H]1[C@H]([C@H]([C@@H](O1)N2C=NC3=C(N=CN=C32)N)O)OP(=O)(O)O)O	CC(=O)SCCNC(=O)CCNC(=O)[C@@H](C(C)(C)COP(=O)(O)OP(=O)(O)OC[C@@H]1[C@H]([C@H]([C@@H](O1)N2C=NC3=C(N=CN=C32)N)O)OP(=O)(O)O)O	cluster_00116	1297.0	232.0	1137.0	1297.0	0.0561797752808988	morgan_tanimoto	[0.0,0.2)
Ligand-Morgan-0.5	3	CC(C)(COP(=O)(O)OP(=O)(O)OC[C@@H]1[C@H]([C@H]([C@@H](O1)N2C=NC3=C(N=CN=C32)N)O)OP(=O)(O)O)[C@H](C(=O)NCCC(=O)NCCSC(=O)/C=C/C4=CC(=C(C(=C4)OC)O)OC)O	CC(C)(COP(=O)(O)OP(=O)(O)OC[C@@H]1[C@H]([C@H]([C@@H](O1)N2C=NC3=C(N=CN=C32)N)O)OP(=O)(O)O)[C@H](C(=O)NCCC(=O)NCCSC(=O)/C=C/C4=CC(=C(C(=C4)OC)O)OC)O	cluster_00116	332.0	659.0	481.0	332.0		morgan_tanimoto	unanchored
Ligand-Morgan-0.5	3	CC(C)(COP(=O)(O)OP(=O)(O)OC[C@@H]1[C@H]([C@H]([C@@H](O1)N2C=NC3=C(N=CN=C32)N)O)OP(=O)(O)O)[C@H](C(=O)NCCC(=O)NCCSC(=O)/C=C/C4=CC(=C(C=C4)O)O)O	CC(C)(COP(=O)(O)OP(=O)(O)OC[C@@H]1[C@H]([C@H]([C@@H](O1)N2C=NC3=C(N=CN=C32)N)O)OP(=O)(O)O)[C@H](C(=O)NCCC(=O)NCCSC(=O)/C=C/C4=CC(=C(C=C4)O)O)O	cluster_00116	494.0	659.0	642.0	494.0		morgan_tanimoto	unanchored
Ligand-Morgan-0.5	3	CC(C)(COP(=O)(O)OP(=O)(O)OC[C@@H]1[C@H]([C@H]([C@@H](O1)N2C=NC3=C(N=CN=C32)N)O)OP(=O)(O)O)[C@H](C(=O)NCCC(=O)NCCSC(=O)/C=C/C4=CC=C(C=C4)O)O	CC(C)(COP(=O)(O)OP(=O)(O)OC[C@@H]1[C@H]([C@H]([C@@H](O1)N2C=NC3=C(N=CN=C32)N)O)OP(=O)(O)O)[C@H](C(=O)NCCC(=O)NCCSC(=O)/C=C/C4=CC=C(C=C4)O)O	cluster_00116	818.0	659.0	990.0	818.0		morgan_tanimoto	unanchored
Ligand-Morgan-0.5	3	CC(C)(COP(=O)(O)OP(=O)(O)OC[C@@H]1[C@H]([C@H]([C@@H](O1)N2C=NC3=C(N=CN=C32)N)O)OP(=O)(O)O)[C@H](C(=O)NCCC(=O)NCCSC(=O)C4=CC(=CC=C4)O)O	CC(C)(COP(=O)(O)OP(=O)(O)OC[C@@H]1[C@H]([C@H]([C@@H](O1)N2C=NC3=C(N=CN=C32)N)O)OP(=O)(O)O)[C@H](C(=O)NCCC(=O)NCCSC(=O)C4=CC(=CC=C4)O)O	cluster_00116	1679.0	1409.0	1880.0	1681.0		morgan_tanimoto	unanchored
Ligand-Morgan-0.5	3	CC(C)(COP(=O)(O)OP(=O)(O)OC[C@@H]1[C@H]([C@H]([C@@H](O1)N2C=NC3=C(N=CN=C32)N)O)OP(=O)(O)O)[C@H](C(=O)NCCC(=O)NCCSC(=O)C4=CC=C(C=C4)Cl)O	CC(C)(COP(=O)(O)OP(=O)(O)OC[C@@H]1[C@H]([C@H]([C@@H](O1)N2C=NC3=C(N=CN=C32)N)O)OP(=O)(O)O)[C@H](C(=O)NCCC(=O)NCCSC(=O)C4=CC=C(C=C4)Cl)O	cluster_00116	2979.0	6315.0	3116.0	2980.0		morgan_tanimoto	unanchored
Ligand-Morgan-0.5	3	CC(C)(COP(=O)(O)OP(=O)(O)OC[C@@H]1[C@H]([C@H]([C@@H](O1)N2C=NC3=C(N=CN=C32)N)O)OP(=O)(O)O)[C@H](C(=O)NCCC(=O)NCCSC(=O)C4=CC=CC=C4)O	CC(C)(COP(=O)(O)OP(=O)(O)OC[C@@H]1[C@H]([C@H]([C@@H](O1)N2C=NC3=C(N=CN=C32)N)O)OP(=O)(O)O)[C@H](C(=O)NCCC(=O)NCCSC(=O)C4=CC=CC=C4)O	cluster_00116	1920.0	113.0	876.0	1919.0	0.0970873786407767	morgan_tanimoto	[0.0,0.2)
Ligand-Morgan-0.5	3	CC(C)(COP(=O)(O)OP(=O)(O)OC[C@@H]1[C@H]([C@H]([C@@H](O1)N2C=NC3=C(N=CN=C32)N)O)OP(=O)(O)O)[C@H](C(=O)NCCC(=O)NCCSC(=O)C4CCCCC4=O)O	CC(C)(COP(=O)(O)OP(=O)(O)OC[C@@H]1[C@H]([C@H]([C@@H](O1)N2C=NC3=C(N=CN=C32)N)O)OP(=O)(O)O)[C@H](C(=O)NCCC(=O)NCCSC(=O)C4CCCCC4=O)O	cluster_00116	5074.0	287.0	579.0	5073.0	0.0458715596330275	morgan_tanimoto	[0.0,0.2)
Ligand-Morgan-0.5	3	CC(C)(COP(=O)(O)OP(=O)(O)OC[C@@H]1[C@H]([C@H]([C@@H](O1)N2C=NC3=C(N=CN=C32)N)O)OP(=O)(O)O)[C@H](C(=O)NCCC(=O)NCCSC(=O)C=CC4=CC(=C(C=C4)O)OC)O	CC(C)(COP(=O)(O)OP(=O)(O)OC[C@@H]1[C@H]([C@H]([C@@H](O1)N2C=NC3=C(N=CN=C32)N)O)OP(=O)(O)O)[C@H](C(=O)NCCC(=O)NCCSC(=O)C=CC4=CC(=C(C=C4)O)OC)O	cluster_00116	152.0	659.0	228.0	152.0		morgan_tanimoto	unanchored
Ligand-Morgan-0.5	3	CC(C)(COP(=O)(O)OP(=O)(O)OC[C@@H]1[C@H]([C@H]([C@@H](O1)N2C=NC3=C(N=CN=C32)N)O)OP(=O)(O)O)[C@H](C(=O)NCCC(=O)NCCSC(=O)CC(=O)O)O	CC(C)(COP(=O)(O)OP(=O)(O)OC[C@@H]1[C@H]([C@H]([C@@H](O1)N2C=NC3=C(N=CN=C32)N)O)OP(=O)(O)O)[C@H](C(=O)NCCC(=O)NCCSC(=O)CC(=O)O)O	cluster_00116	624.0	3381.0	787.0	624.0		morgan_tanimoto	unanchored
Ligand-Morgan-0.5	3	CC(C)(COP(=O)(O)OP(=O)(O)OC[C@@H]1[C@H]([C@H]([C@@H](O1)N2C=NC3=C(N=CN=C32)N)O)OP(=O)(O)O)[C@H](C(=O)NCCC(=O)NCCSC(=O)CC4=CC=CC=C4)O	CC(C)(COP(=O)(O)OP(=O)(O)OC[C@@H]1[C@H]([C@H]([C@@H](O1)N2C=NC3=C(N=CN=C32)N)O)OP(=O)(O)O)[C@H](C(=O)NCCC(=O)NCCSC(=O)CC4=CC=CC=C4)O	cluster_00116	2385.0	1849.0	2544.0	2385.0		morgan_tanimoto	unanchored
Ligand-Morgan-0.5	3	CC(C)(COP(=O)([O-])OP(=O)([O-])OC[C@@H]1[C@H]([C@H]([C@@H](O1)N2C=NC3=C(N=CN=C32)N)O)OP(=O)([O-])[O-])[C@H](C(=O)NCCC(=O)NCCSC(=O)C4CCCCC4=O)O	CC(C)(COP(=O)([O-])OP(=O)([O-])OC[C@@H]1[C@H]([C@H]([C@@H](O1)N2C=NC3=C(N=CN=C32)N)O)OP(=O)([O-])[O-])[C@H](C(=O)NCCC(=O)NCCSC(=O)C4CCCCC4=O)O	cluster_00116	4251.0	253.0	1444.0	4251.0	0.055045871559633	morgan_tanimoto	[0.0,0.2)
Ligand-Morgan-0.5	3	CC(C)CC(=O)SCCNC(=O)CCNC(=O)[C@@H](C(C)(C)COP(=O)(O)OP(=O)(O)OC[C@@H]1[C@H]([C@H]([C@@H](O1)N2C=NC3=C(N=CN=C32)N)O)OP(=O)(O)O)O	CC(C)CC(=O)SCCNC(=O)CCNC(=O)[C@@H](C(C)(C)COP(=O)(O)OP(=O)(O)OC[C@@H]1[C@H]([C@H]([C@@H](O1)N2C=NC3=C(N=CN=C32)N)O)OP(=O)(O)O)O	cluster_00116	4189.0	1728.0	4266.0	4189.0		morgan_tanimoto	unanchored
Ligand-Morgan-0.5	3	CC(C)S[C@H]1[C@@H]([C@H]([C@H]([C@H](O1)CO)O)O)O	CC(C)S[C@H]1[C@@H]([C@H]([C@H]([C@H](O1)CO)O)O)O	cluster_00123	24.0	17.0	113.0	19.0	0.358974358974359	morgan_tanimoto	[0.2,0.4)
Ligand-Morgan-0.5	3	CC(CC(=O)[O-])O	CC(CC(=O)[O-])O	cluster_00126	3.0	3.0	20.0	2.0	0.4545454545454545	morgan_tanimoto	[0.4,0.5)
Ligand-Morgan-0.5	3	CC1(C2CCC1(C(=O)C2)C)C	CC1(C2CCC1(C(=O)C2)C)C	cluster_00130	156.0	1064.0	235.0	156.0		morgan_tanimoto	unanchored
Ligand-Morgan-0.5	3	CC1=C(C2=CC3=NC(=CC4=C(C(=C([N-]4)C=C5C(=C(C(=N5)C=C1[N-]2)C)C=C)C)C=C)C(=C3CCC(=O)O)C)CCC(=O)O.[Cl-].[Fe+3]	CC1=C(C2=CC3=NC(=CC4=C(C(=C([N-]4)C=C5C(=C(C(=N5)C=C1[N-]2)C)C=C)C)C=C)C(=C3CCC(=O)O)C)CCC(=O)O.[Cl-].[Fe+3]	cluster_00134	1868.0	4025.0	2046.0	1869.0		morgan_tanimoto	unanchored
Ligand-Morgan-0.5	3	CC1=CC(=CC=C1)C(=O)SCCNC(=O)CCNC(=O)[C@@H](C(C)(C)COP(=O)([O-])OP(=O)([O-])OC[C@@H]2[C@H]([C@H]([C@@H](O2)N3C=NC4=C(N=CN=C43)N)O)OP(=O)([O-])[O-])O	CC1=CC(=CC=C1)C(=O)SCCNC(=O)CCNC(=O)[C@@H](C(C)(C)COP(=O)([O-])OP(=O)([O-])OC[C@@H]2[C@H]([C@H]([C@@H](O2)N3C=NC4=C(N=CN=C43)N)O)OP(=O)([O-])[O-])O	cluster_00116	415.0	5750.0	508.0	415.0		morgan_tanimoto	unanchored
Ligand-Morgan-0.5	3	CC1=CC(=O)C2=C(C1=O)C=CC=C2O	CC1=CC(=O)C2=C(C1=O)C=CC=C2O	cluster_00139	2132.0	134.0	84.0	2124.0	0.1052631578947368	morgan_tanimoto	[0.0,0.2)
Ligand-Morgan-0.5	3	CC1=CC=CC=C1	CC1=CC=CC=C1	cluster_00145	23.0	11.0	84.0	21.0	0.3181818181818182	morgan_tanimoto	[0.2,0.4)
Ligand-Morgan-0.5	3	CC1=NC=C(C(=C1O)C=O)COP(=O)(O)O	CC1=NC=C(C(=C1O)C=O)COP(=O)(O)O	cluster_00146	1583.0	4342.0	1757.0	1583.0		morgan_tanimoto	unanchored
Ligand-Morgan-0.5	3	CC1=NC=C(C(=C1O)CO)CO	CC1=NC=C(C(=C1O)CO)CO	cluster_00147	2.0	1.0	20.0	3.0	0.2307692307692307	morgan_tanimoto	[0.2,0.4)
Ligand-Morgan-0.5	3	CC=C(C)C(=O)SCCNC(=O)CCNC(=O)C(C(C)(C)COP(=O)(O)OP(=O)(O)OCC1C(C(C(O1)N2C=NC3=C(N=CN=C32)N)O)OP(=O)(O)O)O	CC=C(C)C(=O)SCCNC(=O)CCNC(=O)C(C(C)(C)COP(=O)(O)OP(=O)(O)OCC1C(C(C(O1)N2C=NC3=C(N=CN=C32)N)O)OP(=O)(O)O)O	cluster_00116	217.0	1731.0	283.0	217.0		morgan_tanimoto	unanchored
Ligand-Morgan-0.5	3	CCC(=O)SCCNC(=O)CCNC(=O)[C@@H](C(C)(C)COP(=O)(O)OP(=O)(O)OC[C@@H]1[C@H]([C@H]([C@@H](O1)N2C=NC3=C(N=CN=C32)N)O)OP(=O)(O)O)O	CCC(=O)SCCNC(=O)CCNC(=O)[C@@H](C(C)(C)COP(=O)(O)OP(=O)(O)OC[C@@H]1[C@H]([C@H]([C@@H](O1)N2C=NC3=C(N=CN=C32)N)O)OP(=O)(O)O)O	cluster_00116	199.0	306.0	264.0	199.0	0.0434782608695652	morgan_tanimoto	[0.0,0.2)
Ligand-Morgan-0.5	3	CCC(=O)[O-]	CCC(=O)[O-]	cluster_00012	1.0	1.0	8.0	1.0	0.4615384615384615	morgan_tanimoto	[0.4,0.5)
Ligand-Morgan-0.5	3	CCC(C)C1C(=O)NC(C(=O)NC(=C)C(=O)NC(C(=O)NC23CCC(=NC2C4=CSC(=N4)C(C(OC(=O)C5=NC6=C(C=CC(C6O)N1)C(=C5)C(C)O)C)NC(=O)C7=CSC(=N7)C(NC(=O)C8CSC(=N8)/C(=C\C)/NC(=O)C(NC(=O)C9=CSC3=N9)C(C)O)C(C)(C(C)O)O)C1=NC(=CS1)C(=O)NC(=C)C(=O)NC(=C)C(=O)N)C)C	CCC(C)C1C(=O)NC(C(=O)NC(=C)C(=O)NC(C(=O)NC23CCC(=NC2C4=CSC(=N4)C(C(OC(=O)C5=NC6=C(C=CC(C6O)N1)C(=C5)C(C)O)C)NC(=O)C7=CSC(=N7)C(NC(=O)C8CSC(=N8)/C(=C\C)/NC(=O)C(NC(=O)C9=CSC3=N9)C(C)O)C(C)(C(C)O)O)C1=NC(=CS1)C(=O)NC(=C)C(=O)NC(=C)C(=O)N)C)C	cluster_00154	798.0	62.0	106.0	785.0	0.0689655172413793	morgan_tanimoto	[0.0,0.2)
Ligand-Morgan-0.5	3	CCC(C)C1C(=O)OC2N1C3=C(C4=C2C=C(C=C4O)C)C(=O)C5=C(C3=O)C(=CC=C5)OC6CC(C(C(O6)C)O)O	CCC(C)C1C(=O)OC2N1C3=C(C4=C2C=C(C=C4O)C)C(=O)C5=C(C3=O)C(=CC=C5)OC6CC(C(C(O6)C)O)O	cluster_00155	49.0	74.0	34.0	49.0	0.1212121212121212	morgan_tanimoto	[0.0,0.2)
Ligand-Morgan-0.5	3	CCC1=CC=CC=C1O	CCC1=CC=CC=C1O	cluster_00156	4.0	3.0	1.0	1.0	0.4736842105263157	morgan_tanimoto	[0.4,0.5)
Ligand-Morgan-0.5	3	CCCC(C)C1(C(=O)NC(=O)NC1=O)CC	CCCC(C)C1(C(=O)NC(=O)NC1=O)CC	cluster_00160	1.0	1.0	68.0	2.0	0.26	morgan_tanimoto	[0.2,0.4)
Ligand-Morgan-0.5	3	CCCC1=CC=CC=C1O	CCCC1=CC=CC=C1O	cluster_00156	15.0	8.0	30.0	7.0	0.3214285714285714	morgan_tanimoto	[0.2,0.4)
Ligand-Morgan-0.5	3	CCCCC1=CN=C(C=C1)C(=O)O	CCCCC1=CN=C(C=C1)C(=O)O	cluster_00161	1649.0	96.0	96.0	1641.0	0.1463414634146341	morgan_tanimoto	[0.0,0.2)
Ligand-Morgan-0.5	3	CCCCCC/C=C\CCCCCCCC(=O)O	CCCCCC/C=C\CCCCCCCC(=O)O	cluster_00008	20.0	5565.0	101.0	22.0		morgan_tanimoto	unanchored
Ligand-Morgan-0.5	3	CCCCCC/C=C\CCCCCCCC(=O)SCCNC(=O)CCNC(=O)[C@@H](C(C)(C)COP(=O)([O-])OP(=O)([O-])OC[C@@H]1[C@H]([C@H]([C@@H](O1)N2C=NC3=C(N=CN=C32)N)O)OP(=O)([O-])[O-])O	CCCCCC/C=C\CCCCCCCC(=O)SCCNC(=O)CCNC(=O)[C@@H](C(C)(C)COP(=O)([O-])OP(=O)([O-])OC[C@@H]1[C@H]([C@H]([C@@H](O1)N2C=NC3=C(N=CN=C32)N)O)OP(=O)([O-])[O-])O	cluster_00116	1699.0	2149.0	1804.0	1699.0		morgan_tanimoto	unanchored
Ligand-Morgan-0.5	3	CCCCCC1=C(C(=CC(=C1)O)O)C(=O)O	CCCCCC1=C(C(=CC(=C1)O)O)C(=O)O	cluster_00162	87.0	5215.0	212.0	89.0		morgan_tanimoto	unanchored
Ligand-Morgan-0.5	3	CCCCCCCC/C=C\CCCCCCCC(=O)O	CCCCCCCC/C=C\CCCCCCCC(=O)O	cluster_00008	31.0	3877.0	124.0	33.0		morgan_tanimoto	unanchored
Ligand-Morgan-0.5	3	CCCCCCCC/C=C\CCCCCCCC(=O)SCCNC(=O)CCNC(=O)[C@@H](C(C)(C)COP(=O)(O)OP(=O)(O)OC[C@@H]1[C@H]([C@H]([C@@H](O1)N2C=NC3=C(N=CN=C32)N)O)OP(=O)(O)O)O	CCCCCCCC/C=C\CCCCCCCC(=O)SCCNC(=O)CCNC(=O)[C@@H](C(C)(C)COP(=O)(O)OP(=O)(O)OC[C@@H]1[C@H]([C@H]([C@@H](O1)N2C=NC3=C(N=CN=C32)N)O)OP(=O)(O)O)O	cluster_00116	83.0	710.0	104.0	83.0		morgan_tanimoto	unanchored
Ligand-Morgan-0.5	3	CCCCCCCCC=CCCCCCCCC(=O)SCCNC(=O)CCNC(=O)C(C(C)(C)COP(=O)(O)OP(=O)(O)OCC1C(C(C(O1)N2C=NC3=C(N=CN=C32)N)O)OP(=O)(O)O)O	CCCCCCCCC=CCCCCCCCC(=O)SCCNC(=O)CCNC(=O)C(C(C)(C)COP(=O)(O)OP(=O)(O)OCC1C(C(C(O1)N2C=NC3=C(N=CN=C32)N)O)OP(=O)(O)O)O	cluster_00116	514.0	2093.0	592.0	514.0		morgan_tanimoto	unanchored
Ligand-Morgan-0.5	3	CCCCCCCCCCCC(=O)O	CCCCCCCCCCCC(=O)O	cluster_00008	865.0	3877.0	1066.0	866.0		morgan_tanimoto	unanchored
Ligand-Morgan-0.5	3	CCCCCCCCCCCC(=O)SCCNC(=O)CCNC(=O)[C@@H](C(C)(C)COP(=O)([O-])OP(=O)([O-])OC[C@@H]1[C@H]([C@H]([C@@H](O1)N2C=NC3=C(N=CN=C32)N)O)OP(=O)([O-])[O-])O	CCCCCCCCCCCC(=O)SCCNC(=O)CCNC(=O)[C@@H](C(C)(C)COP(=O)([O-])OP(=O)([O-])OC[C@@H]1[C@H]([C@H]([C@@H](O1)N2C=NC3=C(N=CN=C32)N)O)OP(=O)([O-])[O-])O	cluster_00116	974.0	5482.0	1055.0	976.0		morgan_tanimoto	unanchored
Ligand-Morgan-0.5	3	CCCCCCCCCCCCCC(=O)O	CCCCCCCCCCCCCC(=O)O	cluster_00008	812.0	3877.0	1013.0	812.0		morgan_tanimoto	unanchored
Ligand-Morgan-0.5	3	CCCCCCCCCCCCCC(=O)SCCNC(=O)CCNC(=O)C(C(C)(C)COP(=O)(O)OP(=O)(O)OC[C@@H]1[C@H]([C@H]([C@@H](O1)N2C=NC3=C(N=CN=C32)N)O)OP(=O)(O)O)O	CCCCCCCCCCCCCC(=O)SCCNC(=O)CCNC(=O)C(C(C)(C)COP(=O)(O)OP(=O)(O)OC[C@@H]1[C@H]([C@H]([C@@H](O1)N2C=NC3=C(N=CN=C32)N)O)OP(=O)(O)O)O	cluster_00116	95.0	791.0	110.0	95.0		morgan_tanimoto	unanchored
Ligand-Morgan-0.5	3	CCCCCCCCCCCCCCC(=O)N1CCOC1=O	CCCCCCCCCCCCCCC(=O)N1CCOC1=O	cluster_00165	1.0	1.0	1.0	1.0	0.4222222222222222	morgan_tanimoto	[0.4,0.5)
Ligand-Morgan-0.5	3	CCCCCCCCCCCCCCCC(=O)O	CCCCCCCCCCCCCCCC(=O)O	cluster_00008	29.0	2826.0	113.0	31.0		morgan_tanimoto	unanchored
Ligand-Morgan-0.5	3	CCCCCCCCCCCCCCCC(=O)SCCNC(=O)CCNC(=O)[C@@H](C(C)(C)COP(=O)(O)OP(=O)(O)OC[C@@H]1[C@H]([C@H]([C@@H](O1)N2C=NC3=C(N=CN=C32)N)O)OP(=O)(O)O)O	CCCCCCCCCCCCCCCC(=O)SCCNC(=O)CCNC(=O)[C@@H](C(C)(C)COP(=O)(O)OP(=O)(O)OC[C@@H]1[C@H]([C@H]([C@@H](O1)N2C=NC3=C(N=CN=C32)N)O)OP(=O)(O)O)O	cluster_00116	92.0	710.0	110.0	92.0		morgan_tanimoto	unanchored
Ligand-Morgan-0.5	3	CCCCCCCCCCCCCCCCCC(=O)SCCNC(=O)CCNC(=O)[C@@H](C(C)(C)COP(=O)(O)OP(=O)(O)OC[C@@H]1[C@H]([C@H]([C@@H](O1)N2C=NC3=C(N=CN=C32)N)O)OP(=O)(O)O)O	CCCCCCCCCCCCCCCCCC(=O)SCCNC(=O)CCNC(=O)[C@@H](C(C)(C)COP(=O)(O)OP(=O)(O)OC[C@@H]1[C@H]([C@H]([C@@H](O1)N2C=NC3=C(N=CN=C32)N)O)OP(=O)(O)O)O	cluster_00116	152.0	791.0	180.0	152.0		morgan_tanimoto	unanchored
Ligand-Morgan-0.5	3	CCCCCCCCCCCCCCCCCCCC(=O)SCCNC(=O)CCNC(=O)[C@@H](C(C)(C)COP(=O)(O)OP(=O)(O)OC[C@@H]1[C@H]([C@H]([C@@H](O1)N2C=NC3=C(N=CN=C32)N)O)OP(=O)(O)O)O	CCCCCCCCCCCCCCCCCCCC(=O)SCCNC(=O)CCNC(=O)[C@@H](C(C)(C)COP(=O)(O)OP(=O)(O)OC[C@@H]1[C@H]([C@H]([C@@H](O1)N2C=NC3=C(N=CN=C32)N)O)OP(=O)(O)O)O	cluster_00116	54.0	2976.0	60.0	54.0		morgan_tanimoto	unanchored
Ligand-Morgan-0.5	3	CCCCCCCCCCCCCCCCCCCCCC(=O)SCCNC(=O)CCNC(=O)[C@@H](C(C)(C)COP(=O)(O)OP(=O)(O)OC[C@@H]1[C@H]([C@H]([C@@H](O1)N2C=NC3=C(N=CN=C32)N)O)OP(=O)(O)O)O	CCCCCCCCCCCCCCCCCCCCCC(=O)SCCNC(=O)CCNC(=O)[C@@H](C(C)(C)COP(=O)(O)OP(=O)(O)OC[C@@H]1[C@H]([C@H]([C@@H](O1)N2C=NC3=C(N=CN=C32)N)O)OP(=O)(O)O)O	cluster_00116	36.0	2976.0	49.0	37.0		morgan_tanimoto	unanchored
Ligand-Morgan-0.5	3	CCN1C(=O)C=CC1=O	CCN1C(=O)C=CC1=O	cluster_00172	1119.0	50.0	213.0	1110.0	0.119047619047619	morgan_tanimoto	[0.0,0.2)
Ligand-Morgan-0.5	3	CCOC1=CC=C(C=C1)C2=NC3=C(N2)C=C(C=C3)C4=NC5=C(N4)C=C(C=C5)N6CCN(CC6)C	CCOC1=CC=C(C=C1)C2=NC3=C(N2)C=C(C=C3)C4=NC5=C(N4)C=C(C=C5)N6CCN(CC6)C	cluster_00174	4809.0	3233.0	4862.0	4809.0		morgan_tanimoto	unanchored
Ligand-Morgan-0.5	3	CC[C@@H]1[C@@]([C@@H]([C@H](C(=O)[C@@H](C[C@@]([C@@H]([C@H]([C@@H]([C@H](C(=O)O1)C)O[C@H]2C[C@@]([C@H]([C@@H](O2)C)O)(C)OC)C)O[C@H]3[C@@H]([C@H](C[C@H](O3)C)N(C)C)O)(C)O)C)C)O)(C)O	CC[C@@H]1[C@@]([C@@H]([C@H](C(=O)[C@@H](C[C@@]([C@@H]([C@H]([C@@H]([C@H](C(=O)O1)C)O[C@H]2C[C@@]([C@H]([C@@H](O2)C)O)(C)OC)C)O[C@H]3[C@@H]([C@H](C[C@H](O3)C)N(C)C)O)(C)O)C)C)O)(C)O	cluster_00175	1.0	1.0	11.0	1.0	0.43	morgan_tanimoto	[0.4,0.5)
Ligand-Morgan-0.5	3	CC[C@H](C)[C@H]1C(=O)O[C@@H]2N1C3=C(C4=C2C=C(C=C4O)C)C(=O)C5=C(C3=O)C(=CC=C5)O	CC[C@H](C)[C@H]1C(=O)O[C@@H]2N1C3=C(C4=C2C=C(C=C4O)C)C(=O)C5=C(C3=O)C(=CC=C5)O	cluster_00155	1.0	1.0	1.0	1.0	0.3787878787878788	morgan_tanimoto	[0.2,0.4)
Ligand-Morgan-0.5	3	CC[C@H](C)[C@H]1C(=O)O[C@@H]2N1C3=C(C4=C2C=C(C=C4O)C)C(=O)C5=C(C3=O)C(=CC=C5)O[C@H]6C[C@H]([C@H]([C@@H](O6)C)O)O	CC[C@H](C)[C@H]1C(=O)O[C@@H]2N1C3=C(C4=C2C=C(C=C4O)C)C(=O)C5=C(C3=O)C(=CC=C5)O[C@H]6C[C@H]([C@H]([C@@H](O6)C)O)O	cluster_00155	21.0	2.0	7.0	4.0	0.25	morgan_tanimoto	[0.2,0.4)
Ligand-Morgan-0.5	3	COC1=C(C=C(C=C1)CC2C3=CC(=C(C=C3CCN2)OC)OC)OC	COC1=C(C=C(C=C1)CC2C3=CC(=C(C=C3CCN2)OC)OC)OC	cluster_00192	8.0	5073.0	35.0	9.0		morgan_tanimoto	unanchored
Ligand-Morgan-0.5	3	COC1=C(C=CC(=C1)/C=C/C(=O)O)O	COC1=C(C=CC(=C1)/C=C/C(=O)O)O	cluster_00054	6056.0	2188.0	6073.0	6056.0		morgan_tanimoto	unanchored
Ligand-Morgan-0.5	3	COC1=C(C=CC(=C1)C=O)O	COC1=C(C=CC(=C1)C=O)O	cluster_00054	1317.0	94.0	68.0	1293.0	0.1351351351351351	morgan_tanimoto	[0.0,0.2)
Ligand-Morgan-0.5	3	COC1C(C(C(OC1C(=O)O)OC2C(C(COC2OC3COC(C(C3O)O)OC4COC(C(C4O)O)O)O)O)O)O	COC1C(C(C(OC1C(=O)O)OC2C(C(COC2OC3COC(C(C3O)O)OC4COC(C(C4O)O)O)O)O)O)O	cluster_00194	11.0	11.0	1691.0	11.0	0.3191489361702128	morgan_tanimoto	[0.2,0.4)
Ligand-Morgan-0.5	3	C[C@H](CCC(=O)NCC(=O)O)[C@H]1CC[C@@H]2[C@@]1([C@H](C[C@H]3[C@H]2CC[C@H]4[C@@]3(CC[C@H](C4)O)C)O)C	C[C@H](CCC(=O)NCC(=O)O)[C@H]1CC[C@@H]2[C@@]1([C@H](C[C@H]3[C@H]2CC[C@H]4[C@@]3(CC[C@H](C4)O)C)O)C	cluster_00204	275.0	2934.0	367.0	275.0		morgan_tanimoto	unanchored
Ligand-Morgan-0.5	3	C[C@H](CCC(=O)NCCS(=O)(=O)O)[C@H]1CC[C@@H]2[C@@]1(CC[C@H]3[C@H]2[C@@H](C[C@H]4[C@@]3(CC[C@H](C4)O)C)O)C	C[C@H](CCC(=O)NCCS(=O)(=O)O)[C@H]1CC[C@@H]2[C@@]1(CC[C@H]3[C@H]2[C@@H](C[C@H]4[C@@]3(CC[C@H](C4)O)C)O)C	cluster_00204	327.0	2934.0	419.0	327.0		morgan_tanimoto	unanchored
Ligand-Morgan-0.5	3	C[C@H](CCC(=O)NCCS(=O)(=O)O)[C@H]1CC[C@@H]2[C@@]1([C@H](C[C@H]3[C@H]2CC[C@H]4[C@@]3(CC[C@H](C4)O)C)O)C	C[C@H](CCC(=O)NCCS(=O)(=O)O)[C@H]1CC[C@@H]2[C@@]1([C@H](C[C@H]3[C@H]2CC[C@H]4[C@@]3(CC[C@H](C4)O)C)O)C	cluster_00204	1.0	1.0	12.0	2.0	0.2073170731707317	morgan_tanimoto	[0.2,0.4)
Ligand-Morgan-0.5	3	C[C@H](CCC(=O)NCCS(=O)(=O)O)[C@H]1CC[C@@H]2[C@@]1([C@H](C[C@H]3[C@H]2[C@@H](C[C@H]4[C@@]3(CC[C@H](C4)O)C)O)O)C	C[C@H](CCC(=O)NCCS(=O)(=O)O)[C@H]1CC[C@@H]2[C@@]1([C@H](C[C@H]3[C@H]2[C@@H](C[C@H]4[C@@]3(CC[C@H](C4)O)C)O)O)C	cluster_00204	4825.0	267.0	13.0	4811.0	0.0476190476190476	morgan_tanimoto	[0.0,0.2)
Ligand-Morgan-0.5	3	C[C@H](CCC(=O)O)[C@H]1CC[C@@H]2[C@@]1(CC[C@H]3[C@H]2CC[C@H]4[C@@]3(CC[C@H](C4)O)C)C	C[C@H](CCC(=O)O)[C@H]1CC[C@@H]2[C@@]1(CC[C@H]3[C@H]2CC[C@H]4[C@@]3(CC[C@H](C4)O)C)C	cluster_00204	282.0	2934.0	353.0	282.0		morgan_tanimoto	unanchored
Ligand-Morgan-0.5	3	C[C@H](CCC(=O)O)[C@H]1CC[C@@H]2[C@@]1(CC[C@H]3[C@H]2[C@@H](C[C@H]4[C@@]3(CC[C@H](C4)O)C)O)C	C[C@H](CCC(=O)O)[C@H]1CC[C@@H]2[C@@]1(CC[C@H]3[C@H]2[C@@H](C[C@H]4[C@@]3(CC[C@H](C4)O)C)O)C	cluster_00204	3.0	2.0	5.0	1.0	0.2142857142857142	morgan_tanimoto	[0.2,0.4)
Ligand-Morgan-0.5	3	C[C@H](CCC(=O)O)[C@H]1CC[C@@H]2[C@@]1(CC[C@H]3[C@H]2[C@H](C[C@H]4[C@@]3(CC[C@H](C4)O)C)O)C	C[C@H](CCC(=O)O)[C@H]1CC[C@@H]2[C@@]1(CC[C@H]3[C@H]2[C@H](C[C@H]4[C@@]3(CC[C@H](C4)O)C)O)C	cluster_00204	172.0	427.0	239.0	172.0		morgan_tanimoto	unanchored
Ligand-Morgan-0.5	3	C[C@H](CCC(=O)O)[C@H]1CC[C@@H]2[C@@]1([C@H](C[C@H]3[C@H]2CC[C@H]4[C@@]3(CC[C@H](C4)O)C)O)C	C[C@H](CCC(=O)O)[C@H]1CC[C@@H]2[C@@]1([C@H](C[C@H]3[C@H]2CC[C@H]4[C@@]3(CC[C@H](C4)O)C)O)C	cluster_00204	209.0	151.0	288.0	209.0	0.0759493670886076	morgan_tanimoto	[0.0,0.2)
Ligand-Morgan-0.5	3	C[C@H](CCC(=O)[O-])[C@H]1CC[C@@H]2[C@@]1([C@H](C[C@H]3[C@H]2[C@@H](C[C@H]4[C@@]3(CC[C@H](C4)O)C)O)O)C	C[C@H](CCC(=O)[O-])[C@H]1CC[C@@H]2[C@@]1([C@H](C[C@H]3[C@H]2[C@@H](C[C@H]4[C@@]3(CC[C@H](C4)O)C)O)O)C	cluster_00204	7.0	4147.0	21.0	10.0		morgan_tanimoto	unanchored
Ligand-Morgan-0.5	3	C[C@H]1[C@H]([C@H](C[C@@H](O1)O[C@H]2C[C@@](CC3=C2C(=C4C(=C3O)C(=O)C5=C(C4=O)C(=CC=C5)OC)O)(C(=O)C)O)N)O	C[C@H]1[C@H]([C@H](C[C@@H](O1)O[C@H]2C[C@@](CC3=C2C(=C4C(=C3O)C(=O)C5=C(C4=O)C(=CC=C5)OC)O)(C(=O)C)O)N)O	cluster_00211	1.0	3233.0	18.0	1.0		morgan_tanimoto	unanchored
Ligand-Morgan-0.5	3	C[C@H]1[C@H]([C@H](C[C@@H](O1)O[C@H]2C[C@@](CC3=C2C(=C4C(=C3O)C(=O)C5=C(C4=O)C(=CC=C5)OC)O)(C(=O)CO)O)N)O	C[C@H]1[C@H]([C@H](C[C@@H](O1)O[C@H]2C[C@@](CC3=C2C(=C4C(=C3O)C(=O)C5=C(C4=O)C(=CC=C5)OC)O)(C(=O)CO)O)N)O	cluster_00211	2.0	4382.0	20.0	2.0		morgan_tanimoto	unanchored
Ligand-Morgan-0.5	3	C[C@]12CCC(=O)[C@H]([C@@H]1CCC2=O)CCC(=O)SCCNC(=O)CCNC(=O)[C@@H](C(C)(C)COP(=O)(O)OP(=O)(O)OC[C@@H]3[C@H]([C@H]([C@@H](O3)N4C=NC5=C(N=CN=C54)N)O)OP(=O)(O)O)O	C[C@]12CCC(=O)[C@H]([C@@H]1CCC2=O)CCC(=O)SCCNC(=O)CCNC(=O)[C@@H](C(C)(C)COP(=O)(O)OP(=O)(O)OC[C@@H]3[C@H]([C@H]([C@@H](O3)N4C=NC5=C(N=CN=C54)N)O)OP(=O)(O)O)O	cluster_00116	66.0	2534.0	89.0	66.0		morgan_tanimoto	unanchored
Ligand-Morgan-0.5	3	C[N+](C)(C)C[C@@H](CC(=O)[O-])O	C[N+](C)(C)C[C@@H](CC(=O)[O-])O	cluster_00126	4319.0	2715.0	4382.0	4319.0		morgan_tanimoto	unanchored
Ligand-Morgan-0.5	3	C[N+]1=CC2=CC(=C(C=C2C3=C1C4=CC5=C(C=C4C=C3)OCO5)OC)OC	C[N+]1=CC2=CC(=C(C=C2C3=C1C4=CC5=C(C=C4C=C3)OCO5)OC)OC	cluster_00215	2.0	2.0	1.0	1.0	0.3870967741935484	morgan_tanimoto	[0.2,0.4)
Ligand-Morgan-0.5	3	OC(=O)CCCC([O-])=O	OC(=O)CCCC([O-])=O	cluster_00008	177.0	723.0	297.0	177.0		morgan_tanimoto	unanchored
Ligand-Morgan-0.5	3	OC[C@@H](O)COP([O-])([O-])=O	OC[C@@H](O)COP([O-])([O-])=O	cluster_00017	122.0	520.0	142.0	122.0		morgan_tanimoto	unanchored
Ligand-Morgan-0.5	3	[Hg+2]	[Hg+2]	cluster_00225	109.0	4966.0	138.0	109.0		morgan_tanimoto	unanchored
Ligand-Morgan-0.5	3	[NH3+]CCC([O-])=O	[NH3+]CCC([O-])=O	cluster_00012	1261.0	4901.0	1365.0	1261.0		morgan_tanimoto	unanchored
Ligand-Morgan-0.5	4	C(/C(=C/C(=O)O)/C(=O)O)C(=O)O	C(/C(=C/C(=O)O)/C(=O)O)C(=O)O	cluster_00000	432.0	32.0	13.0	421.0	0.2	morgan_tanimoto	[0.2,0.4)
Ligand-Morgan-0.5	4	C(/C(=C\C(=O)O)/C(=O)O)C(=O)O	C(/C(=C\C(=O)O)/C(=O)O)C(=O)O	cluster_00000	417.0	32.0	16.0	406.0	0.2	morgan_tanimoto	[0.2,0.4)
Ligand-Morgan-0.5	4	C(=C\C(=O)[O-])\C=C(/C(=O)[O-])\Cl	C(=C\C(=O)[O-])\C=C(/C(=O)[O-])\Cl	cluster_00002	1134.0	75.0	1478.0	1136.0	0.1081081081081081	morgan_tanimoto	[0.0,0.2)
Ligand-Morgan-0.5	4	C(=C\C(=O)[O-])\C=C/C(=O)[O-]	C(=C\C(=O)[O-])\C=C/C(=O)[O-]	cluster_00002	174.0	33.0	624.0	176.0	0.217391304347826	morgan_tanimoto	[0.2,0.4)
Ligand-Morgan-0.5	4	C(C(C1C(=C(C(=O)O1)O)O)O)OP(=O)(O)O	C(C(C1C(=C(C(=O)O1)O)O)O)OP(=O)(O)O	cluster_00016	588.0	6330.0	715.0	590.0		morgan_tanimoto	unanchored
Ligand-Morgan-0.5	4	C([C@@H]([C@@H]1C(=C(C(=O)O1)O)O)O)O	C([C@@H]([C@@H]1C(=C(C(=O)O1)O)O)O)O	cluster_00016	2297.0	130.0	27.0	2282.0	0.1136363636363636	morgan_tanimoto	[0.0,0.2)
Ligand-Morgan-0.5	4	C([C@@H]([C@@H]1C(=C(C(=O)O1)[O-])O)O)O	C([C@@H]([C@@H]1C(=C(C(=O)O1)[O-])O)O)O	cluster_00016	136.0	2275.0	180.0	136.0		morgan_tanimoto	unanchored
Ligand-Morgan-0.5	4	C([C@H]([C@H]([C@@H]([C@H](C(=O)O)O)O)O)O)OP(=O)(O)[O-]	C([C@H]([C@H]([C@@H]([C@H](C(=O)O)O)O)O)O)OP(=O)(O)[O-]	cluster_00026	1.0	1.0	73.0	1.0	0.3714285714285714	morgan_tanimoto	[0.2,0.4)
Ligand-Morgan-0.5	4	C1(=O)NC(=O)NC(=O)N1	C1(=O)NC(=O)NC(=O)N1	cluster_00028	2390.0	3373.0	2493.0	2390.0		morgan_tanimoto	unanchored
Ligand-Morgan-0.5	4	C1(C(C(OC(C1O)O)C(=O)O)O)O	C1(C(C(OC(C1O)O)C(=O)O)O)O	cluster_00030	4793.0	437.0	4814.0	4793.0		morgan_tanimoto	unanchored
Ligand-Morgan-0.5	4	C12=C(NC(=O)N1)NC(=O)NC2=O	C12=C(NC(=O)N1)NC(=O)NC2=O	cluster_00031	839.0	1099.0	973.0	839.0		morgan_tanimoto	unanchored
Ligand-Morgan-0.5	4	C1=C(C=C(C(=C1Cl)O)Cl)Cl	C1=C(C=C(C(=C1Cl)O)Cl)Cl	cluster_00033	1.0	1.0	1.0	1.0	0.4761904761904761	morgan_tanimoto	[0.4,0.5)
Ligand-Morgan-0.5	4	C1=CC(=C(C(=C1)Cl)O)O	C1=CC(=C(C(=C1)Cl)O)O	cluster_00036	12.0	12.0	1886.0	12.0	0.2666666666666666	morgan_tanimoto	[0.2,0.4)
Ligand-Morgan-0.5	4	C1=CC(=C(C=C1C2=C(C(=O)C3=C(C=C(C=C3O2)O)O)O)O)O	C1=CC(=C(C=C1C2=C(C(=O)C3=C(C=C(C=C3O2)O)O)O)O)O	cluster_00042	2.0	2.0	17.0	2.0	0.2916666666666667	morgan_tanimoto	[0.2,0.4)
Ligand-Morgan-0.5	4	C1=CC(=C(C=C1C2=C(C(=O)C3=C(O2)C=C(C=C3)O)O)O)O	C1=CC(=C(C=C1C2=C(C(=O)C3=C(O2)C=C(C=C3)O)O)O)O	cluster_00042	817.0	1860.0	893.0	817.0		morgan_tanimoto	unanchored
Ligand-Morgan-0.5	4	C1=CC(=C(C=C1C2=CC(=O)C3=C(C=C(C=C3O2)O)O)O)O	C1=CC(=C(C=C1C2=CC(=O)C3=C(C=C(C=C3O2)O)O)O)O	cluster_00042	2.0	2.0	8.0	2.0	0.2978723404255319	morgan_tanimoto	[0.2,0.4)
Ligand-Morgan-0.5	4	C1=CC(=C(C=C1C2=CC(=O)C3=C(O2)C=C(C=C3)O)O)O	C1=CC(=C(C=C1C2=CC(=O)C3=C(O2)C=C(C=C3)O)O)O	cluster_00042	29.0	29.0	134.0	29.0	0.1785714285714285	morgan_tanimoto	[0.0,0.2)
Ligand-Morgan-0.5	4	C1=CC(=C(C=C1C2C(C(=O)C3=C(C=C(C=C3O2)O)O)O)O)O	C1=CC(=C(C=C1C2C(C(=O)C3=C(C=C(C=C3O2)O)O)O)O)O	cluster_00043	68.0	51.0	169.0	68.0	0.15	morgan_tanimoto	[0.0,0.2)
Ligand-Morgan-0.5	4	C1=CC(=C(C=C1CCN)O)O	C1=CC(=C(C=C1CCN)O)O	cluster_00044	924.0	2027.0	1048.0	925.0		morgan_tanimoto	unanchored
Ligand-Morgan-0.5	4	C1=CC(=C(C=C1O)O)C2=C(C(=O)C3=C(C=C(C=C3O2)O)O)O	C1=CC(=C(C=C1O)O)C2=C(C(=O)C3=C(C=C(C=C3O2)O)O)O	cluster_00042	5.0	5.0	121.0	5.0	0.2608695652173913	morgan_tanimoto	[0.2,0.4)
Ligand-Morgan-0.5	4	C1=CC(=CC(=C1)Cl)O	C1=CC(=CC(=C1)Cl)O	cluster_00036	6.0	6.0	1.0	6.0	0.4285714285714285	morgan_tanimoto	[0.4,0.5)
Ligand-Morgan-0.5	4	C1=CC(=CC(=C1)O)CCC(=O)O	C1=CC(=CC(=C1)O)CCC(=O)O	cluster_00036	3.0	2735.0	21.0	3.0		morgan_tanimoto	unanchored
Ligand-Morgan-0.5	4	C1=CC(=CC(=C1)O)CCC(=O)[O-]	C1=CC(=CC(=C1)O)CCC(=O)[O-]	cluster_00036	4.0	2735.0	28.0	4.0		morgan_tanimoto	unanchored
Ligand-Morgan-0.5	4	C1=CC(=CC(=C1)O)O	C1=CC(=CC(=C1)O)O	cluster_00036	1.0	1.0	8.0	1.0	0.4444444444444444	morgan_tanimoto	[0.4,0.5)
Ligand-Morgan-0.5	4	C1=CC(=CC=C1C2=C(C(=O)C3=C(C=C(C=C3O2)O)O)O)O	C1=CC(=CC=C1C2=C(C(=O)C3=C(C=C(C=C3O2)O)O)O)O	cluster_00042	176.0	1130.0	210.0	177.0		morgan_tanimoto	unanchored
Ligand-Morgan-0.5	4	C1=CC(=CC=C1C2=C(C(=O)C3=C(O2)C=C(C=C3)O)O)O	C1=CC(=CC=C1C2=C(C(=O)C3=C(O2)C=C(C=C3)O)O)O	cluster_00042	20.0	20.0	62.0	20.0	0.2115384615384615	morgan_tanimoto	[0.2,0.4)
Ligand-Morgan-0.5	4	C1=CC(=CC=C1C2=CC(=O)C3=C(O2)C=C(C=C3)O)O	C1=CC(=CC=C1C2=CC(=O)C3=C(O2)C=C(C=C3)O)O	cluster_00042	21.0	21.0	54.0	21.0	0.2156862745098039	morgan_tanimoto	[0.2,0.4)
Ligand-Morgan-0.5	4	C1=CC(=CC=C1C2=COC3=CC(=CC(=C3C2=O)O)O)O	C1=CC(=CC=C1C2=COC3=CC(=CC(=C3C2=O)O)O)O	cluster_00042	63.0	1860.0	100.0	63.0		morgan_tanimoto	unanchored
Ligand-Morgan-0.5	4	C1=CC(=CC=C1CCO)O	C1=CC(=CC=C1CCO)O	cluster_00036	14.0	14.0	6.0	12.0	0.2727272727272727	morgan_tanimoto	[0.2,0.4)
Ligand-Morgan-0.5	4	C1=CC(=O)NC=C1C(=O)CCC(=O)[O-]	C1=CC(=O)NC=C1C(=O)CCC(=O)[O-]	cluster_00066	117.0	419.0	205.0	117.0		morgan_tanimoto	unanchored
Ligand-Morgan-0.5	4	C1=CC=C(C(=C1)O)Cl	C1=CC=C(C(=C1)O)Cl	cluster_00036	5.0	5.0	1.0	5.0	0.375	morgan_tanimoto	[0.2,0.4)
Ligand-Morgan-0.5	4	C1=CC=C(C(=C1)O)O	C1=CC=C(C(=C1)O)O	cluster_00036	1.0	1.0	4.0	1.0	0.4736842105263157	morgan_tanimoto	[0.4,0.5)
Ligand-Morgan-0.5	4	C1=CC=C(C=C1)C2=CC(=O)C3=C(O2)C=C(C=C3)O	C1=CC=C(C=C1)C2=CC(=O)C3=C(O2)C=C(C=C3)O	cluster_00042	30.0	48.0	66.0	30.0	0.1851851851851851	morgan_tanimoto	[0.0,0.2)
Ligand-Morgan-0.5	4	C1=CC=C(C=C1)C2=NNC(=N2)C3=CC=C(C=C3)F	C1=CC=C(C=C1)C2=NNC(=N2)C3=CC=C(C=C3)F	cluster_00071	178.0	57.0	5.0	170.0	0.12	morgan_tanimoto	[0.0,0.2)
Ligand-Morgan-0.5	4	C1=CC=C(C=C1)CCC(=O)[O-]	C1=CC=C(C=C1)CCC(=O)[O-]	cluster_00036	1260.0	5699.0	1440.0	1260.0		morgan_tanimoto	unanchored
Ligand-Morgan-0.5	4	C1=CC=C(C=C1)O	C1=CC=C(C=C1)O	cluster_00036	5.0	5.0	1.0	3.0	0.4117647058823529	morgan_tanimoto	[0.4,0.5)
Ligand-Morgan-0.5	4	C1=CC=C(C=C1)[As+](C2=CC=CC=C2)(C3=CC=CC=C3)C4=CC=CC=C4	C1=CC=C(C=C1)[As+](C2=CC=CC=C2)(C3=CC=CC=C3)C4=CC=CC=C4	cluster_00073	176.0	51.0	1.0	164.0	0.1578947368421052	morgan_tanimoto	[0.0,0.2)
Ligand-Morgan-0.5	4	C1=CC=C2C(=C1)C=CC(=C2O)N=NC3=C4C=CC(=CC4=C(C=C3O)S(=O)(=O)[O-])[N+](=O)[O-].[Na+]	C1=CC=C2C(=C1)C=CC(=C2O)N=NC3=C4C=CC(=CC4=C(C=C3O)S(=O)(=O)[O-])[N+](=O)[O-].[Na+]	cluster_00076	863.0	97.0	26.0	852.0	0.0945945945945946	morgan_tanimoto	[0.0,0.2)
Ligand-Morgan-0.5	4	C1=CC=C2C(=C1)C=CC=C2O	C1=CC=C2C(=C1)C=CC=C2O	cluster_00036	7.0	7.0	2.0	7.0	0.2592592592592592	morgan_tanimoto	[0.2,0.4)
Ligand-Morgan-0.5	4	C1=CC=C2C(=C1)C=CC=N2	C1=CC=C2C(=C1)C=CC=N2	cluster_00077	118.0	4106.0	150.0	118.0		morgan_tanimoto	unanchored
Ligand-Morgan-0.5	4	C1=CN=CC=C1C(=O)NN	C1=CN=CC=C1C(=O)NN	cluster_00083	2380.0	3093.0	2506.0	2380.0		morgan_tanimoto	unanchored
Ligand-Morgan-0.5	4	C1=NC2=C(N1)C(=O)NC(=O)N2	C1=NC2=C(N1)C(=O)NC(=O)N2	cluster_00086	143.0	1195.0	182.0	143.0		morgan_tanimoto	unanchored
Ligand-Morgan-0.5	4	C1C(OC2=C(C1=O)C=CC(=C2)O)C3=CC=C(C=C3)O	C1C(OC2=C(C1=O)C=CC(=C2)O)C3=CC=C(C=C3)O	cluster_00043	52.0	20.0	102.0	49.0	0.2037037037037037	morgan_tanimoto	[0.2,0.4)
Ligand-Morgan-0.5	4	C1C(OC2=CC=CC=C2C1=O)C3=CC=CC=C3	C1C(OC2=CC=CC=C2C1=O)C3=CC=CC=C3	cluster_00043	1455.0	3688.0	1578.0	1455.0		morgan_tanimoto	unanchored
Ligand-Morgan-0.5	4	C1C2C(C(C(O2)N3C=NC4=C(N=CN=C43)N)O)OP(=O)(OCC5C(C(C(O5)N6C=NC7=C(N=CN=C76)N)O)OP(=O)(O1)O)O	C1C2C(C(C(O2)N3C=NC4=C(N=CN=C43)N)O)OP(=O)(OCC5C(C(C(O5)N6C=NC7=C(N=CN=C76)N)O)OP(=O)(O1)O)O	cluster_00091	79.0	4690.0	91.0	79.0		morgan_tanimoto	unanchored
Ligand-Morgan-0.5	4	C1CC(=O)N(C1C(=O)O)CC(C(C(C(CO)O)O)O)O	C1CC(=O)N(C1C(=O)O)CC(C(C(C(CO)O)O)O)O	cluster_00092	13.0	13.0	59.0	13.0	0.28	morgan_tanimoto	[0.2,0.4)
Ligand-Morgan-0.5	4	C1[C@@H]2[C@H]([C@H]([C@@H](O2)N3C=NC4=C(N=CN=C43)N)O)OP(=O)(O1)O	C1[C@@H]2[C@H]([C@H]([C@@H](O2)N3C=NC4=C(N=CN=C43)N)O)OP(=O)(O1)O	cluster_00091	416.0	4069.0	515.0	416.0		morgan_tanimoto	unanchored
Ligand-Morgan-0.5	4	C1[C@@H]2[C@H]([C@H]([C@@H](O2)N3C=NC4=C(N=CN=C43)N)O)OP(=O)(OC[C@@H]5[C@H]([C@H]([C@@H](O5)N6C=NC7=C(N=CN=C76)N)O)OP(=O)(O1)O)O	C1[C@@H]2[C@H]([C@H]([C@@H](O2)N3C=NC4=C(N=CN=C43)N)O)OP(=O)(OC[C@@H]5[C@H]([C@H]([C@@H](O5)N6C=NC7=C(N=CN=C76)N)O)OP(=O)(O1)O)O	cluster_00091	62.0	2237.0	73.0	62.0		morgan_tanimoto	unanchored
Ligand-Morgan-0.5	4	C1[C@H](OC2=CC(=CC(=C2C1=O)O)O)C3=CC(=C(C=C3)O)O	C1[C@H](OC2=CC(=CC(=C2C1=O)O)O)C3=CC(=C(C=C3)O)O	cluster_00043	65.0	60.0	153.0	66.0	0.1311475409836065	morgan_tanimoto	[0.0,0.2)
Ligand-Morgan-0.5	4	C1[C@H](OC2=CC(=CC(=C2C1=O)O)O)C3=CC=C(C=C3)O	C1[C@H](OC2=CC(=CC(=C2C1=O)O)O)C3=CC=C(C=C3)O	cluster_00043	3.0	1.0	14.0	1.0	0.2708333333333333	morgan_tanimoto	[0.2,0.4)
Ligand-Morgan-0.5	4	C1[C@H]([C@H]([C@H](C(O1)(CO)O)O)O)O	C1[C@H]([C@H]([C@H](C(O1)(CO)O)O)O)O	cluster_00100	831.0	2076.0	878.0	831.0		morgan_tanimoto	unanchored
Ligand-Morgan-0.5	4	CC(=C)CCOP(=O)(O)OP(=O)(O)O	CC(=C)CCOP(=O)(O)OP(=O)(O)O	cluster_00103	1.0	1.0	251.0	1.0	0.425	morgan_tanimoto	[0.4,0.5)
Ligand-Morgan-0.5	4	CC(=O)C1=C(C(=C(C=C1O)O)C(=O)C)O	CC(=O)C1=C(C(=C(C=C1O)O)C(=O)C)O	cluster_00109	3.0	19.0	25.0	3.0	0.2368421052631578	morgan_tanimoto	[0.2,0.4)
Ligand-Morgan-0.5	4	CC(=O)C1=C(C=C(C=C1O)O)O	CC(=O)C1=C(C=C(C=C1O)O)O	cluster_00109	217.0	25.0	2342.0	217.0	0.2368421052631578	morgan_tanimoto	[0.2,0.4)
Ligand-Morgan-0.5	4	CC(=O)OP(=O)(O)O	CC(=O)OP(=O)(O)O	cluster_00114	3683.0	3513.0	3788.0	3683.0		morgan_tanimoto	unanchored
Ligand-Morgan-0.5	4	CC(=O)c1c(O)cc(O)c(C(C)=O)c1O	CC(=O)c1c(O)cc(O)c(C(C)=O)c1O	cluster_00109	216.0	18.0	390.0	214.0	0.2368421052631578	morgan_tanimoto	[0.2,0.4)
Ligand-Morgan-0.5	4	CC(C)(C1=CC=CC=C1)OO	CC(C)(C1=CC=CC=C1)OO	cluster_00121	1145.0	115.0	75.0	1133.0	0.1052631578947368	morgan_tanimoto	[0.0,0.2)
Ligand-Morgan-0.5	4	CC(C)CCCCCCC1=C(C=C(OC1=O)CC(C)C)O	CC(C)CCCCCCC1=C(C=C(OC1=O)CC(C)C)O	cluster_00122	5.0	2662.0	38.0	5.0		morgan_tanimoto	unanchored
Ligand-Morgan-0.5	4	CC(CCC=C(C)C)CC(=O)O	CC(CCC=C(C)C)CC(=O)O	cluster_00127	639.0	721.0	774.0	639.0		morgan_tanimoto	unanchored
Ligand-Morgan-0.5	4	CC1=C(C(=CC=C1)C)O	CC1=C(C(=CC=C1)C)O	cluster_00036	5.0	5.0	1.0	5.0	0.3636363636363636	morgan_tanimoto	[0.2,0.4)
Ligand-Morgan-0.5	4	CC1=C(C(=CC=C1)O)C	CC1=C(C(=CC=C1)O)C	cluster_00036	4.0	4.0	2.0	4.0	0.36	morgan_tanimoto	[0.2,0.4)
Ligand-Morgan-0.5	4	CC1=C(C(=CC=C1)O)O	CC1=C(C(=CC=C1)O)O	cluster_00036	1.0	1.0	2.0	1.0	0.4230769230769231	morgan_tanimoto	[0.4,0.5)
Ligand-Morgan-0.5	4	CC1=C(SC=[N+]1CC2=CN=C(N=C2N)C)CCO	CC1=C(SC=[N+]1CC2=CN=C(N=C2N)C)CCO	cluster_00136	1.0	1.0	22.0	1.0	0.2307692307692307	morgan_tanimoto	[0.2,0.4)
Ligand-Morgan-0.5	4	CC1=CC(=CC=C1)O	CC1=CC(=CC=C1)O	cluster_00036	6.0	6.0	1.0	6.0	0.4347826086956521	morgan_tanimoto	[0.4,0.5)
Ligand-Morgan-0.5	4	CC1=CC(=O)C2C3=C(C(=O)C[C@@]2(C1)O)C(=C4C(=C3)C=CC=C4O)O	CC1=CC(=O)C2C3=C(C(=O)C[C@@]2(C1)O)C(=C4C(=C3)C=CC=C4O)O	cluster_00140	1.0	1.0	2.0	1.0	0.2615384615384615	morgan_tanimoto	[0.2,0.4)
Ligand-Morgan-0.5	4	CC1=CC2=NC3=C(C=C(C=C3)N(C)C)N=C2C=C1N.Cl	CC1=CC2=NC3=C(C=C(C=C3)N(C)C)N=C2C=C1N.Cl	cluster_00143	2.0	2.0	45.0	2.0	0.3137254901960784	morgan_tanimoto	[0.2,0.4)
Ligand-Morgan-0.5	4	CC1=CC=C(C=C1)O	CC1=CC=C(C=C1)O	cluster_00144	1.0	1.0	1.0	1.0	0.45	morgan_tanimoto	[0.4,0.5)
Ligand-Morgan-0.5	4	CC1=CC=CC=C1O	CC1=CC=CC=C1O	cluster_00036	2.0	2.0	1.0	2.0	0.4545454545454545	morgan_tanimoto	[0.4,0.5)
Ligand-Morgan-0.5	4	CC1=[N+](C2=CC=CC=C2C(=C1)N)CCCCCCCCCC[N+]3=C(C=C(C4=CC=CC=C43)N)C	CC1=[N+](C2=CC=CC=C2C(=C1)N)CCCCCCCCCC[N+]3=C(C=C(C4=CC=CC=C43)N)C	cluster_00148	229.0	11.0	1.0	218.0	0.1764705882352941	morgan_tanimoto	[0.0,0.2)
Ligand-Morgan-0.5	4	CC1C2=C(C3C(O1)CC(=O)O3)C(=O)C4=C(C2=O)C(=CC=C4)O	CC1C2=C(C3C(O1)CC(=O)O3)C(=O)C4=C(C2=O)C(=CC=C4)O	cluster_00149	6.0	4.0	1.0	4.0	0.303030303030303	morgan_tanimoto	[0.2,0.4)
Ligand-Morgan-0.5	4	CC1CCC2=C1C=CC3=C2C=CC4=C3C=CC(=C4)OC	CC1CCC2=C1C=CC3=C2C=CC4=C3C=CC(=C4)OC	cluster_00150	2905.0	1274.0	3012.0	2905.0		morgan_tanimoto	unanchored
Ligand-Morgan-0.5	4	CCC1=CC(=CC=C1)O	CCC1=CC(=CC=C1)O	cluster_00036	3.0	3.0	1.0	2.0	0.3571428571428571	morgan_tanimoto	[0.2,0.4)
Ligand-Morgan-0.5	4	CCC1=CC=C(C=C1)O	CCC1=CC=C(C=C1)O	cluster_00036	4.0	4.0	1.0	4.0	0.3809523809523809	morgan_tanimoto	[0.2,0.4)
Ligand-Morgan-0.5	4	CCCCCCCCCCCCCCCC[N+](C)(C)C	CCCCCCCCCCCCCCCC[N+](C)(C)C	cluster_00167	3.0	3.0	3.0	3.0	0.4	morgan_tanimoto	[0.4,0.5)
Ligand-Morgan-0.5	4	CCCCCS(=O)(=O)[O-]	CCCCCS(=O)(=O)[O-]	cluster_00170	8.0	8.0	2.0	7.0	0.2777777777777778	morgan_tanimoto	[0.2,0.4)
Ligand-Morgan-0.5	4	CC[N+]1=C2C=C(C=CC2=C3C=CC(=CC3=C1C4=CC=CC=C4)N)N	CC[N+]1=C2C=C(C=CC2=C3C=CC(=CC3=C1C4=CC=CC=C4)N)N	cluster_00178	8.0	1.0	5.0	5.0	0.2307692307692307	morgan_tanimoto	[0.2,0.4)
Ligand-Morgan-0.5	4	CC[N+]1=C2C=C(C=CC2=C3C=CC(=CC3=C1C4=CC=CC=C4)N)N.[Br-]	CC[N+]1=C2C=C(C=CC2=C3C=CC(=CC3=C1C4=CC=CC=C4)N)N.[Br-]	cluster_00178	16.0	2.0	1.0	10.0	0.2045454545454545	morgan_tanimoto	[0.2,0.4)
Ligand-Morgan-0.5	4	CC[NH+]=C1C=CC(=C(C2=CC=C(C=C2)N(C)C)C3=CC=C(C=C3)N(C)C)C4=CC=CC=C14.[Cl-]	CC[NH+]=C1C=CC(=C(C2=CC=C(C=C2)N(C)C)C3=CC=C(C=C3)N(C)C)C4=CC=CC=C14.[Cl-]	cluster_00179	2.0	2.0	26.0	2.0	0.4081632653061224	morgan_tanimoto	[0.4,0.5)
Ligand-Morgan-0.5	4	CN(C)C1=CC2=C(C=C1)C=C3C=CC(=CC3=N2)N(C)C	CN(C)C1=CC2=C(C=C1)C=C3C=CC(=CC3=N2)N(C)C	cluster_00143	3.0	3.0	24.0	3.0	0.4615384615384615	morgan_tanimoto	[0.4,0.5)
Ligand-Morgan-0.5	4	CN(C)C1=CC2=C(C=C1)C=C3C=CC(=[N+](C)C)C=C3O2.[Cl-]	CN(C)C1=CC2=C(C=C1)C=C3C=CC(=[N+](C)C)C=C3O2.[Cl-]	cluster_00182	2.0	2.0	1.0	2.0	0.3846153846153846	morgan_tanimoto	[0.2,0.4)
Ligand-Morgan-0.5	4	CNCC(=O)O	CNCC(=O)O	cluster_00188	9.0	2198.0	17.0	10.0		morgan_tanimoto	unanchored
Ligand-Morgan-0.5	4	COC1=C(C=CC(=C1)C2=CC(=O)C3=C(C=C(C=C3O2)O)O)O	COC1=C(C=CC(=C1)C2=CC(=O)C3=C(C=C(C=C3O2)O)O)O	cluster_00042	13.0	4.0	96.0	11.0	0.2413793103448276	morgan_tanimoto	[0.2,0.4)
Ligand-Morgan-0.5	4	C[C@@H]1[C@@H](C(=O)O[C@@H]([C@@H](C(=O)O[C@@H]([C@@H](C(=O)O1)NC(=O)CNC(=O)C2=C(C(=CC=C2)O)O)C)NC(=O)CNC(=O)C3=C(C(=CC=C3)O)O)C)NC(=O)CNC(=O)C4=C(C(=CC=C4)O)O	C[C@@H]1[C@@H](C(=O)O[C@@H]([C@@H](C(=O)O[C@@H]([C@@H](C(=O)O1)NC(=O)CNC(=O)C2=C(C(=CC=C2)O)O)C)NC(=O)CNC(=O)C3=C(C(=CC=C3)O)O)C)NC(=O)CNC(=O)C4=C(C(=CC=C4)O)O	cluster_00200	4087.0	606.0	4186.0	4089.0		morgan_tanimoto	unanchored
Ligand-Morgan-0.5	4	C[C@@H]1[C@H]([C@@H](C[C@@H](O1)C2=C(C3=C(C=C2)C(=O)[C@]45[C@]([C@H]3O)(O4)[C@H](C[C@]6([C@@]5(C(=O)C=C(C6)C)O)O)O)O)OC(=O)/C=C/C=C/C=C/C=C/C(=O)NC7=C(C8=C(C(=C(C=C8)O)Cl)OC7=O)O)OC(=O)C	C[C@@H]1[C@H]([C@@H](C[C@@H](O1)C2=C(C3=C(C=C2)C(=O)[C@]45[C@]([C@H]3O)(O4)[C@H](C[C@]6([C@@]5(C(=O)C=C(C6)C)O)O)O)O)OC(=O)/C=C/C=C/C=C/C=C/C(=O)NC7=C(C8=C(C(=C(C=C8)O)Cl)OC7=O)O)OC(=O)C	cluster_00202	1.0	5739.0	9.0	1.0		morgan_tanimoto	unanchored
Ligand-Morgan-0.5	4	C[C@@H]1[C@H]([C@@H](C[C@@H](O1)C2=C(C3=C(C=C2)C(=O)[C@]45[C@]([C@H]3O)(O4)[C@H](C[C@]6([C@@]5(C(=O)C=C(C6)C)O)O)O)O)OC(=O)/C=C/C=C/C=C/C=C/C(=O)O)OC(=O)C	C[C@@H]1[C@H]([C@@H](C[C@@H](O1)C2=C(C3=C(C=C2)C(=O)[C@]45[C@]([C@H]3O)(O4)[C@H](C[C@]6([C@@]5(C(=O)C=C(C6)C)O)O)O)O)OC(=O)/C=C/C=C/C=C/C=C/C(=O)O)OC(=O)C	cluster_00202	1.0	5739.0	3.0	2.0		morgan_tanimoto	unanchored
Ligand-Morgan-0.5	4	C[C@H]1C[C@@H]([C@@H]([C@@H]2[C@@H]1[C@]\3([C@@H](C=C2)/C(=C/C[C@@H](/C(=C/[C@@H]4C=C([C@@H](C[C@@]45C(=O)/C(=C3\O)/C(=O)O5)C)CO)/C)O[C@H]6C[C@]([C@H]([C@H](O6)C)NC(=O)OC)(C)[N+](=O)[O-])/C)C)O[C@H]7C[C@H]([C@H]([C@@H](O7)C)O)O[C@H]8CC(C([C@@H](O8)C)O[C@@H]9C[C@H]([C@H]([C@@H](O9)C)OC)O)O[C@H]1C[C@@H]([C@H]([C@@H](O1)C)O)O)C	C[C@H]1C[C@@H]([C@@H]([C@@H]2[C@@H]1[C@]\3([C@@H](C=C2)/C(=C/C[C@@H](/C(=C/[C@@H]4C=C([C@@H](C[C@@]45C(=O)/C(=C3\O)/C(=O)O5)C)CO)/C)O[C@H]6C[C@]([C@H]([C@H](O6)C)NC(=O)OC)(C)[N+](=O)[O-])/C)C)O[C@H]7C[C@H]([C@H]([C@@H](O7)C)O)O[C@H]8CC(C([C@@H](O8)C)O[C@@H]9C[C@H]([C@H]([C@@H](O9)C)OC)O)O[C@H]1C[C@@H]([C@H]([C@@H](O1)C)O)O)C	cluster_00206	64.0	3650.0	120.0	64.0		morgan_tanimoto	unanchored
Ligand-Morgan-0.5	4	C[N+](C)(C)CCO	C[N+](C)(C)CCO	cluster_00214	3319.0	1183.0	3388.0	3319.0		morgan_tanimoto	unanchored
Ligand-Morgan-0.5	4	Oc1ccccc1O	Oc1ccccc1O	cluster_00036	2.0	2.0	16.0	2.0	0.4736842105263157	morgan_tanimoto	[0.4,0.5)
Ligand-Morgan-0.5	4	[C@@H]1([C@H]([C@H](O[C@@H]([C@@H]1O)O)C(=O)[O-])O)O	[C@@H]1([C@H]([C@H](O[C@@H]([C@@H]1O)O)C(=O)[O-])O)O	cluster_00030	195.0	437.0	198.0	195.0		morgan_tanimoto	unanchored
Ligand-Morgan-0.5	4	[NH3+][C@@H](Cc1ccccc1)C([O-])=O	[NH3+][C@@H](Cc1ccccc1)C([O-])=O	cluster_00226	1.0	1.0	3.0	2.0	0.4838709677419355	morgan_tanimoto	[0.4,0.5)
Ligand-Morgan-0.5	4	[O-]C(=O)[C@@H]1CCC[NH2+]1	[O-]C(=O)[C@@H]1CCC[NH2+]1	cluster_00230	345.0	3055.0	464.0	345.0		morgan_tanimoto	unanchored
Ligand-Morgan-0.5	4	[O-]C(=O)\C=C/C=C(/Cl)C([O-])=O	[O-]C(=O)\C=C/C=C(/Cl)C([O-])=O	cluster_00002	1271.0	75.0	1429.0	1272.0	0.1081081081081081	morgan_tanimoto	[0.0,0.2)
Ligand-Morgan-0.5	4	[O-][As]([O-])[O-]	[O-][As]([O-])[O-]	cluster_00234	1399.0	2421.0	1506.0	1399.0		morgan_tanimoto	unanchored
Ligand-Morgan-0.5	4	c1ccc(cc1)[P+](c1ccccc1)(c1ccccc1)c1ccccc1	c1ccc(cc1)[P+](c1ccccc1)(c1ccccc1)c1ccccc1	cluster_00238	1803.0	127.0	88.0	1795.0	0.0769230769230769	morgan_tanimoto	[0.0,0.2)
