family	replicate	protein_locality	chemical_locality
AraC/XylS	0	0.2769999999999999	0.0890774307754468
Fur	0	0.5350317567567567	0.1294306940487496
GntR	0	0.0	0.0999214684031051
LacI/GalR	0	0.1610095586371194	0.0663776528211198
LysR	0	0.0674914883615313	0.0935722728639048
MarR	0	0.0	0.0802895893363205
NtrC/XylR	0	0.6134962768565767	0.0983124581960261
TetR	0	0.0112713331340627	0.0964559136437229
AraC/XylS	1	0.987	0.115229147893751
Fur	1	0.1960122699386503	0.0861271588045501
GntR	1	0.1009089219330855	0.0886814735110535
LacI/GalR	1	0.0	0.0744626143584898
LysR	1	0.1581171019466518	0.1001717577520629
MarR	1	0.0	0.0980330622807565
NtrC/XylR	1	0.4301162656508507	0.1101940595671805
TetR	1	0.0202072961933797	0.083288293980326
AraC/XylS	2	0.0	0.0841349239948447
Fur	2	0.5414197613721103	0.0633288705099237
GntR	2	0.0	0.0793071208803691
IclR	2	0.2402482269503546	0.1089923026528247
LacI/GalR	2	0.0	0.1459642625475821
LysR	2	0.0492474679142912	0.0980800654004199
MarR	2	0.0584269005847953	0.1052428398378536
NtrC/XylR	2	0.6862883491588367	0.0970470829975267
TetR	2	0.0170599894078583	0.0913442764980696
AraC/XylS	3	0.0	0.109644084807162
Fur	3	0.217108951815483	0.0973168918322466
GntR	3	0.0	0.1134796342019712
IclR	3	0.3979491803278688	0.0939808330657473
LacI/GalR	3	0.0	0.1095900915344296
LysR	3	0.1243354868518739	0.1456904308495982
MarR	3	0.0	0.0880020969683829
NtrC/XylR	3	0.7299301665108048	0.0731240472110979
TetR	3	0.0467306067962324	0.0833889152179297
AraC/XylS	4	0.0352649006622516	0.113929389550936
Fur	4	0.188007823294204	0.1440403829752893
GntR	4	0.0	0.1329196869238558
IclR	4	0.2279494584837545	0.0975660746172409
LacI/GalR	4	0.139195652173913	0.0748900905780011
LysR	4	0.2003069145110468	0.08954418097683
MarR	4	0.0	0.0960112579538807
NtrC/XylR	4	0.3073148721980698	0.1209646882486045
TetR	4	0.013529258912649	0.0927552452961157
AraC/XylS	5	0.8340000000000001	0.1019685013189398
Fur	5	0.2646454882301656	0.0413056902779688
GntR	5	0.0	0.1568477244863697
LacI/GalR	5	0.2645928143712575	0.1901696261070155
LysR	5	0.1805193832085488	0.0733017446697523
MarR	5	0.0	0.0864171245144372
NtrC/XylR	5	0.5983898618086275	0.0790508914165772
TetR	5	0.0116879380990567	0.0974743671954228
AraC/XylS	6	0.417	0.1199164264536813
Fur	6	0.4816212954333643	0.1265239519587346
GntR	6	0.0	0.0764530642704807
IclR	6	0.2916494845360824	0.1370601562047372
LacI/GalR	6	0.0	0.0800063919322836
LysR	6	0.065725374287512	0.104747362132728
MarR	6	0.0	0.0840428324556641
TetR	6	0.0150161246996998	0.1123228766660123
AraC/XylS	7	0.417	0.1158381611513304
GntR	7	0.0	0.1066864905821074
IclR	7	0.1066965648854961	0.1252624951933327
LacI/GalR	7	0.0	0.0984258639812906
LysR	7	0.0302726654455411	0.0680765190061415
MarR	7	0.0	0.0804718055303203
NtrC/XylR	7	0.7440076079750727	0.1048876208082507
TetR	7	0.0156104517696874	0.098813456020803
AraC/XylS	8	0.0	0.1046220361280333
Fur	8	0.3062890930786932	0.0836858974358974
GntR	8	0.0	0.0671091253195505
LacI/GalR	8	0.0	0.1064290595687678
LysR	8	0.0959126789332709	0.1018356799249728
MarR	8	0.0262222222222222	0.0811218888831863
NtrC/XylR	8	0.857474245115453	0.1073818675845827
TetR	8	0.0205567069943891	0.0972100388366235
AraC/XylS	9	0.0	0.102876828096005
Fur	9	0.0	0.0579241161406201
IclR	9	0.0	0.0703346165179174
LacI/GalR	9	0.1815240625555358	0.1110150694052116
LysR	9	0.182597974526401	0.1021149228976399
MarR	9	0.0786666666666666	0.1049453904899236
NtrC/XylR	9	0.584074672468752	0.0790259255967049
TetR	9	0.0109576980004656	0.0937359061174128
AraC/XylS	10	0.0	0.1313162956939702
Fur	10	0.1529594594594594	0.0924719042252073
GntR	10	0.0	0.0850546911733139
IclR	10	0.0	0.0537676774160654
LacI/GalR	10	0.0	0.0923560326321799
LysR	10	0.1123744823883767	0.1023499941713765
MarR	10	0.0196666666666666	0.0898233499856813
NtrC/XylR	10	0.3322184012761099	0.1149370707444946
TetR	10	0.0106509973712695	0.0906324892436034
AraC/XylS	11	0.6070000000000001	0.0716951690649371
Fur	11	0.337725352112676	0.159391156030172
GntR	11	0.0	0.1061843426065175
LysR	11	0.0569566418852526	0.0915853236244186
MarR	11	0.0	0.0804944491868589
NtrC/XylR	11	0.6667216931973104	0.1100413360574715
TetR	11	0.0056750986227005	0.0863857764531811
AraC/XylS	12	0.0458411214953271	0.1413336149656213
Fur	12	0.1541879194630872	0.1037698801640606
GntR	12	0.0	0.0726361611764497
LacI/GalR	12	0.2424598831451772	0.0695131514792961
LysR	12	0.1935485929551831	0.1322296879515503
MarR	12	0.0	0.0812744026924144
NtrC/XylR	12	0.3701445203312062	0.0750802305975432
TetR	12	0.0138487415377905	0.0864928333204171
AraC/XylS	13	0.0	0.0871175749628908
Fur	13	0.25587	0.1829176295467683
GntR	13	0.0	0.078246186764452
LacI/GalR	13	0.036055394990366	0.0620130240867109
LysR	13	0.0780033538952278	0.1259942749858772
MarR	13	0.0	0.1202626469668189
NtrC/XylR	13	0.7440076079750727	0.0890471655543897
TetR	13	0.0175617110867119	0.0885051676058985
AraC/XylS	14	0.278	0.1093140289784922
Fur	14	0.0980061349693251	0.1186341203147925
GntR	14	0.0	0.1001540346031834
IclR	14	0.0	0.0746018809049052
LacI/GalR	14	0.1008194444444444	0.0940255774428652
LysR	14	0.1049105568036537	0.1119321353427856
MarR	14	0.1426944444444444	0.0818141704755648
NtrC/XylR	14	0.4302856059210793	0.0898406070109525
TetR	14	0.0152986462268324	0.0986491153280511
AraC/XylS	15	0.0458411214953271	0.1422450518339661
Fur	15	0.3186909196378042	0.0843147881308737
IclR	15	0.0118551738761662	0.1193575011866438
LysR	15	0.0826429588908481	0.1177362481276742
MarR	15	0.0	0.1015040949703856
NtrC/XylR	15	0.4224575637435786	0.1175215335511542
TetR	15	0.0156444799774766	0.1034488806243571
AraC/XylS	16	0.1751667061203748	0.0965310367884863
Fur	16	0.2273716699193375	0.0733965115591302
GntR	16	0.4195	0.1023928797993222
IclR	16	0.2079587628865979	0.1055581698194091
LacI/GalR	16	0.0952138888888888	0.1426851192701902
LysR	16	0.0930746026907818	0.0865514925776451
MarR	16	0.0	0.0770331604369233
NtrC/XylR	16	0.7128347978910369	0.0643170623549646
TetR	16	0.0079337126054912	0.090442113776022
AraC/XylS	17	0.45525	0.1114412697384127
Fur	17	0.1960122699386503	0.0761759405883829
GntR	17	0.0	0.1159372521410967
IclR	17	0.0	0.0648925739002573
LacI/GalR	17	0.0	0.131029052924166
LysR	17	0.1204927512524487	0.1084338021697453
MarR	17	0.0	0.089470583447582
NtrC/XylR	17	0.7603906534684785	0.0867046458299347
TetR	17	0.0206779499837888	0.0754253123886406
AraC/XylS	18	0.8340000000000001	0.1238268228070394
Fur	18	0.2659569416863335	0.1148806954368609
GntR	18	0.0	0.07913512098279
LacI/GalR	18	0.0	0.1058917845967841
LysR	18	0.1681679988242172	0.0915205671284524
MarR	18	0.0786666666666666	0.0859548311379789
NtrC/XylR	18	0.7110522171936032	0.1021090369141019
TetR	18	0.0053639360860623	0.0918566815321973
AraC/XylS	19	0.466794661875042	0.108063695115191
Fur	19	0.499738255033557	0.0630195673924413
GntR	19	0.1655852713178294	0.1347003701645791
IclR	19	0.0	0.056887443130485
LacI/GalR	19	0.1016647342995169	0.0804453435571453
LysR	19	0.1101915959865976	0.1263920639529888
MarR	19	0.0786666666666666	0.095568112388878
NtrC/XylR	19	0.5032443986453126	0.0844380253808207
TetR	19	0.01316023751406	0.0847035580462546
AraC/XylS	20	0.0	0.1139099982538361
Fur	20	0.0696450955694219	0.0673395080371824
GntR	20	0.1485622489959839	0.091290111731008
LacI/GalR	20	0.2492117647058823	0.0829843050563229
LysR	20	0.1850563432878655	0.1241205368027422
MarR	20	0.0	0.0931202896836183
NtrC/XylR	20	0.369514151115355	0.0797416097892153
TetR	20	0.023651988469646	0.0873543212094283
AraC/XylS	21	0.0361782178217821	0.0838254631837666
Fur	21	0.3051168207681365	0.0731812169312169
GntR	21	0.0	0.0913834916425838
IclR	21	0.2564545454545454	0.0874873115448269
LacI/GalR	21	0.0	0.0792541977054089
LysR	21	0.0520279436350609	0.0878322328883912
MarR	21	0.0	0.1054291717369016
NtrC/XylR	21	0.5377759243644835	0.1281435660191195
TetR	21	0.0400555208500824	0.0926616966106212
IclR	22	0.1039793814432989	0.1050766829409821
LacI/GalR	22	0.0736283185840708	0.0832268283857075
LysR	22	0.102493856996963	0.0978642798831771
MarR	22	0.0	0.0861173095242244
NtrC/XylR	22	0.492263646080638	0.1197815581979409
TetR	22	0.0229723349917729	0.0906773478423188
AraC/XylS	23	0.8340000000000001	0.0955399986288466
Fur	23	0.2726680046948356	0.0800865829987693
GntR	23	0.0	0.0924400971740144
LysR	23	0.1390178583933285	0.1415112249209005
MarR	23	0.0	0.0795932565615893
NtrC/XylR	23	0.7536044336297827	0.0995192809685167
TetR	23	0.034364268978279	0.0887418348943423
AraC/XylS	24	0.0458411214953271	0.1177864981580436
Fur	24	0.4130716216216216	0.0728485105250533
GntR	24	0.0394894493668578	0.0918326405484359
IclR	24	0.0	0.1250920305377253
LacI/GalR	24	0.0	0.0835659933310189
LysR	24	0.0843702147347418	0.1140074952176
MarR	24	0.0	0.085597244806678
NtrC/XylR	24	0.545255118243764	0.0964354422367395
TetR	24	0.012442669741544	0.0892648515605979
AraC/XylS	25	0.4935	0.1106778671476153
Fur	25	0.2711549113227658	0.0865144774616593
GntR	25	0.0	0.115113483744749
IclR	25	0.0	0.0799054138560599
LacI/GalR	25	0.2519520958083832	0.0866934910625109
LysR	25	0.0586240795512311	0.1083275855477427
MarR	25	0.0	0.0686914232008416
NtrC/XylR	25	0.519427943090943	0.1015633358737893
TetR	25	0.0329896996486246	0.1073223115609631
Fur	26	0.4545685686529011	0.1232697343808455
GntR	26	0.0	0.1184878640073132
IclR	26	0.0	0.0873409571278687
LacI/GalR	26	0.0	0.0832824715349215
LysR	26	0.2071354702976945	0.0908440705828719
MarR	26	0.0786666666666666	0.0908192007249391
NtrC/XylR	26	0.4998227010815868	0.0869266746423759
TetR	26	0.0296418144153889	0.0866221888057101
AraC/XylS	27	0.3146604361370717	0.1035301061777138
Fur	27	0.2951994649822236	0.1346197262590641
GntR	27	0.0	0.0968634943720135
IclR	27	0.1240421455938697	0.0841955790424901
LacI/GalR	27	0.247	0.0963062339811691
LysR	27	0.0317561964849031	0.1212550944418794
MarR	27	0.0	0.1136814860961199
NtrC/XylR	27	0.6175748418559721	0.0857660622563328
TetR	27	0.0216281203955807	0.0909917651520116
AraC/XylS	28	0.0855825545171339	0.0767085011937857
Fur	28	0.4969866964951528	0.0832495851004978
IclR	28	0.0	0.0836783166542279
LysR	28	0.0926644006980237	0.1129051042591863
MarR	28	0.0	0.0724467392343782
NtrC/XylR	28	0.5035392353136721	0.1088451510363821
TetR	28	0.0071757767944258	0.0969324494561403
AraC/XylS	29	0.0	0.0810803550380288
Fur	29	0.4747117117117116	0.1508794757626756
GntR	29	0.0	0.0990628726366087
IclR	29	0.0	0.0860124392651955
LysR	29	0.1338428210863943	0.0620695016093731
MarR	29	0.0	0.0951298084101828
NtrC/XylR	29	0.5700144339334857	0.1242688607914818
TetR	29	0.0116793422753329	0.1133036353338017
AraC/XylS	30	0.0283525835866261	0.1513302463384541
Fur	30	0.5266040709996468	0.1554233205963545
GntR	30	0.0297124497991967	0.0583904771999468
IclR	30	0.2231942446043165	0.1043334213873836
LacI/GalR	30	0.1008292682926829	0.1192097215936738
LysR	30	0.0385684086516653	0.0942350648565521
MarR	30	0.0	0.0787814165964071
NtrC/XylR	30	0.6831036314663039	0.1593057906807965
TetR	30	0.0142313418302071	0.1087434823652375
AraC/XylS	31	0.4246417445482865	0.0898734423110908
Fur	31	0.399956874616552	0.0762910071441767
GntR	31	0.0	0.0742930771946871
IclR	31	0.0	0.0856332391794978
LacI/GalR	31	0.0	0.1137941839941403
LysR	31	0.0785240019328018	0.1276522292605898
MarR	31	0.0	0.135768060971383
NtrC/XylR	31	0.7106538969679093	0.1247896750026376
TetR	31	0.0416791548650744	0.0935379899632154
AraC/XylS	32	0.909	0.0778734915140296
Fur	32	0.2054849332090711	0.1331791932386159
GntR	32	0.2361882352941176	0.1060125785411819
IclR	32	0.0	0.0919907573117753
LacI/GalR	32	0.0	0.0895971644650673
LysR	32	0.111502842492274	0.1156451078856068
MarR	32	0.0	0.1208713608249011
NtrC/XylR	32	0.4363442900840616	0.1084002728391838
TetR	32	0.0441564291044916	0.1001568169512868
AraC/XylS	33	0.0	0.1131246955706388
Fur	33	0.3772558253555568	0.050427450673756
GntR	33	0.3985930232558139	0.088943291732157
IclR	33	0.2916494845360824	0.0667179921936401
LacI/GalR	33	0.0388019607843137	0.1239186630493851
LysR	33	0.1461113446702764	0.1213298614579034
MarR	33	0.0	0.0866285343007374
NtrC/XylR	33	0.5376187347801475	0.0710259237603366
TetR	33	0.0052672011864225	0.0933868075062241
AraC/XylS	34	0.0	0.081158018762019
Fur	34	0.5020795973154363	0.1328908545107099
IclR	34	0.0	0.0991613969498882
LacI/GalR	34	0.0358534743202416	0.1321017783305145
LysR	34	0.1830186673251949	0.1357908945847731
MarR	34	0.0	0.1050418733375823
NtrC/XylR	34	0.488382375975087	0.0794420959085922
TetR	34	0.0103722655545359	0.0980083280831349
AraC/XylS	35	0.4155	0.1151122321570281
Fur	35	0.4202374794148988	0.0981876560763232
GntR	35	0.0	0.1089009107522168
LacI/GalR	35	0.1864548104956268	0.0904062276900877
LysR	35	0.0389686286669542	0.0922063187373647
MarR	35	0.0	0.1178372487154573
NtrC/XylR	35	0.5100213606776307	0.0800893689109556
TetR	35	0.0126818424351811	0.1122039201181398
AraC/XylS	36	0.220221183800623	0.1152003223239808
Fur	36	0.2339788399657936	0.0588927269994912
GntR	36	0.0	0.1425503258618529
LacI/GalR	36	0.0	0.0713106726103311
LysR	36	0.0705703971911345	0.0874212258354701
MarR	36	0.0	0.1169070985153423
NtrC/XylR	36	0.5730036652164303	0.1405904391867676
TetR	36	0.0193258649016382	0.0790039576805851
AraC/XylS	37	0.0	0.1077568168312022
Fur	37	0.1710582559712029	0.0905735495339825
GntR	37	0.0	0.1235294105290793
IclR	37	0.0	0.0780670240187187
LysR	37	0.1417979135515087	0.0962115125273678
NtrC/XylR	37	0.1890158172231986	0.1129561974296049
TetR	37	0.0223745375475742	0.0961972104922458
AraC/XylS	38	0.0	0.0784404234650202
Fur	38	0.3033243243243243	0.0865527201254731
GntR	38	0.0	0.0931454973803618
LacI/GalR	38	0.0	0.097128475733901
LysR	38	0.1592728666680974	0.0986058311306251
MarR	38	0.0	0.1003706353109893
NtrC/XylR	38	0.607135168377368	0.223243932514373
TetR	38	0.0116912024821127	0.1053427484454178
AraC/XylS	39	0.0	0.1200867830303186
Fur	39	0.1103172413793103	0.1126498834515199
GntR	39	0.1008921933085501	0.0918201676385968
IclR	39	0.0600620567375886	0.1322664405370883
LacI/GalR	39	0.0	0.076153261483881
LysR	39	0.1897937689408764	0.1241924651586914
MarR	39	0.0292198830409356	0.083893932475351
NtrC/XylR	39	0.4360512203726704	0.1236536350574837
TetR	39	0.008304347820876	0.0857675603985306
AraC/XylS	40	0.0	0.0761095078272364
Fur	40	0.0	0.0903074352548036
LacI/GalR	40	0.0	0.1152473885403874
LysR	40	0.0751421953013649	0.1282028879277764
MarR	40	0.0983075757575757	0.0847047052153763
NtrC/XylR	40	0.5495577498227114	0.0551430624499874
TetR	40	0.0216349382373317	0.0970615873538783
AraC/XylS	41	0.0	0.1598693556020523
GntR	41	0.0	0.1125140817821765
IclR	41	0.2097482014388489	0.1091934702945487
LacI/GalR	41	0.0993236151603498	0.0593158353585539
LysR	41	0.1202566852081421	0.0958957148711726
MarR	41	0.0	0.0978651291524781
NtrC/XylR	41	0.7536044336297827	0.070361234279163
TetR	41	0.0104698058083437	0.1045564174472468
AraC/XylS	42	0.6965472481827621	0.0792782313418758
Fur	42	0.2039311001165424	0.1305672513532704
GntR	42	0.0	0.1007352468773352
IclR	42	0.0	0.065342923920726
LysR	42	0.1699485927268131	0.1025174767897103
MarR	42	0.1352762430939226	0.0935454865473305
NtrC/XylR	42	0.3585477547399182	0.1579968145869409
TetR	42	0.0120855069061423	0.0951251375407962
AraC/XylS	43	0.0	0.1024783475739479
Fur	43	0.2953289473684211	0.0980241927099578
GntR	43	0.1291728624535316	0.0976916798865693
IclR	43	0.0	0.1194967512416282
LacI/GalR	43	0.0	0.1193724393199249
LysR	43	0.1045614048535321	0.1016662901372512
MarR	43	0.0	0.0880431680126866
NtrC/XylR	43	0.3097320946556489	0.0934980274004797
TetR	43	0.0384539719156505	0.0979878058912829
Fur	44	0.218964664137822	0.0751221405159238
GntR	44	0.1551325301204819	0.1143468560168905
IclR	44	0.0	0.152630291836519
LacI/GalR	44	0.1025072886297376	0.1855525102519216
LysR	44	0.0713933722935664	0.0883918292393319
MarR	44	0.0146067251461988	0.0864172365797471
NtrC/XylR	44	0.7213824822009208	0.0971177013981724
TetR	44	0.0231380668842283	0.0916860020751894
AraC/XylS	45	0.2733109712840443	0.1072646318610261
Fur	45	0.5309108333333333	0.0896808266599933
GntR	45	0.0	0.1224979130321593
IclR	45	0.1788015267175572	0.0896558688076662
LacI/GalR	45	0.0	0.1073950308455612
LysR	45	0.0808557401262148	0.0842100975772293
MarR	45	0.0171313131313131	0.1083600101476422
NtrC/XylR	45	0.4490882582677789	0.1122949847858403
TetR	45	0.0077731559764961	0.0925992320659732
AraC/XylS	46	0.0352649006622516	0.1061802320270714
Fur	46	0.2489624793449986	0.1257464218284117
GntR	46	0.0566536964980544	0.105498104789082
IclR	46	0.0	0.0928077951636784
LacI/GalR	46	0.0	0.0987080399850542
LysR	46	0.0629968152866242	0.0892459815285727
MarR	46	0.0	0.1196101583773738
NtrC/XylR	46	0.7480087194510953	0.0816451110614611
TetR	46	0.0177400549968926	0.0851054765662784
AraC/XylS	47	0.0611214953271028	0.142444716676323
Fur	47	0.5318775506587357	0.0692702958376332
GntR	47	0.1396315026031413	0.0714345647311701
LysR	47	0.053874418997604	0.0894521814793879
MarR	47	0.0	0.0859944968099691
NtrC/XylR	47	0.857474245115453	0.1026923649274642
TetR	47	0.0119132581859333	0.0935138649840226
AraC/XylS	48	0.4155	0.07660721761603
Fur	48	0.4005525525525525	0.0847152286134922
GntR	48	0.0	0.1266275508909142
LacI/GalR	48	0.0	0.1594285851636893
LysR	48	0.1814076968512554	0.1036733811052483
MarR	48	0.0	0.0940613357531947
NtrC/XylR	48	0.3450266248873685	0.0638050839030443
TetR	48	0.0331249038827446	0.1030578453230634
AraC/XylS	49	0.831	0.1892812736245281
Fur	49	0.2408301416853094	0.0656178782869106
GntR	49	0.0	0.0645516660647372
LysR	49	0.0786387925874567	0.1230780512272429
NtrC/XylR	49	0.5294117375980558	0.0679412905940166
TetR	49	0.0055442101208531	0.0824306263887713
AraC/XylS	50	0.3965593607305935	0.1764262987496042
Fur	50	0.3070162612612612	0.0854949294532628
GntR	50	0.0742811244979919	0.0934756192733594
IclR	50	0.0448843069873997	0.0861824843048029
LacI/GalR	50	0.0	0.1281707675229392
LysR	50	0.2932650007820503	0.1061524326525094
MarR	50	0.0	0.1239296980286043
NtrC/XylR	50	0.2604881234302632	0.1238276132024678
TetR	50	0.0352849709967182	0.0955949533928519
AraC/XylS	51	0.4935	0.1592480203996147
Fur	51	0.3528533333333333	0.0701468888616218
GntR	51	0.0775662650602409	0.1264806449383732
IclR	51	0.0	0.0718174655908249
LysR	51	0.1869732137610165	0.0829321450580273
MarR	51	0.0	0.0918022342505717
NtrC/XylR	51	0.4503432884716184	0.1000079854397032
TetR	51	0.0037176440901024	0.0824947519978292
AraC/XylS	52	0.065767639067212	0.0891876496210837
Fur	52	0.1559552965235174	0.0659990869076995
GntR	52	0.0	0.1095701945881794
IclR	52	0.1137737704918032	0.0726933998469826
LacI/GalR	52	0.0688588854489164	0.1363656471217481
LysR	52	0.1079386362615291	0.1253964416035724
MarR	52	0.054110497237569	0.1113954185815603
NtrC/XylR	52	0.493022414381952	0.1294371966119709
TetR	52	0.0117680077041957	0.0801286711103665
Fur	53	0.2189525671416176	0.0980390850995997
GntR	53	0.0	0.0965523521657796
IclR	53	0.2468668772902334	0.1081231268694451
LacI/GalR	53	0.1262920956272222	0.0511377564947342
LysR	53	0.2060202594537297	0.0934067338430437
MarR	53	0.0	0.0795062668853401
NtrC/XylR	53	0.7595940130170905	0.1099502735543917
TetR	53	0.0305206261443576	0.0943308557420742
AraC/XylS	54	0.0	0.1029747502177466
Fur	54	0.1417685024664482	0.116202321621882
GntR	54	0.0	0.1153602841871732
IclR	54	0.0	0.1107851418857955
LacI/GalR	54	0.0	0.0676106183304497
LysR	54	0.1386755830305871	0.0927417070167869
MarR	54	0.0	0.0763306388680499
NtrC/XylR	54	0.5196946097576096	0.1763437215127603
TetR	54	0.0148651680577761	0.0944683560542823
AraC/XylS	55	0.417	0.1256945164111693
Fur	55	0.4723641535870013	0.0800495169337534
GntR	55	0.0	0.1452157575293927
IclR	55	0.0	0.1418351710912398
LacI/GalR	55	0.0952870905587668	0.1084594608091441
LysR	55	0.0437165060998524	0.1210973144114593
MarR	55	0.0	0.0856140289727644
NtrC/XylR	55	0.546665203390223	0.1371031385533856
TetR	55	0.0298730715863703	0.0915053155155875
AraC/XylS	56	0.2085	0.0675601916313195
Fur	56	0.3813542193113359	0.1767079821015846
GntR	56	0.3156468401486989	0.1367992472019015
LacI/GalR	56	0.1450495626822157	0.092255473810401
LysR	56	0.1207465075981695	0.1206598733729862
MarR	56	0.0	0.0964446253028975
NtrC/XylR	56	0.1888377192982456	0.1145913403806978
TetR	56	0.0021750690118713	0.0998988865427029
AraC/XylS	57	0.2085	0.1135376449162253
Fur	57	0.0980274216984178	0.0704907161803713
IclR	57	0.0	0.1479795599327294
LacI/GalR	57	0.0	0.1524956317156426
LysR	57	0.2329375368181833	0.0884987427548414
MarR	57	0.0	0.1036468986719297
NtrC/XylR	57	0.4408790062866412	0.0787750940522798
TetR	57	0.0015478214381181	0.0934382914421732
AraC/XylS	58	0.0	0.1121945039827723
Fur	58	0.2361808208208208	0.1132826381198474
GntR	58	0.0	0.0967810684522987
LacI/GalR	58	0.0	0.1024483852474946
LysR	58	0.0817303302263232	0.126593598313035
MarR	58	0.0	0.0733266411181567
NtrC/XylR	58	0.523997241336557	0.1163815072262322
TetR	58	0.013091852512119	0.098111557599036
AraC/XylS	59	0.0425288753799392	0.0876078431665594
Fur	59	0.3339645508771215	0.1365179800071104
GntR	59	0.0	0.0846384431527286
IclR	59	0.0	0.082529100557201
LacI/GalR	59	0.1149156626506024	0.081724549505711
LysR	59	0.2210817288842148	0.120030680334168
MarR	59	0.0	0.08200807579689
NtrC/XylR	59	0.550867541949225	0.128139979663151
TetR	59	0.0140411203007719	0.0846259238850171
Fur	60	0.1508317933723197	0.092292772923945
IclR	60	0.2248074848872501	0.11233897069089
LacI/GalR	60	0.0	0.0862989590645801
LysR	60	0.2561410132077139	0.0863578149934764
MarR	60	0.1645	0.0773906285544068
NtrC/XylR	60	0.6917186356946351	0.0891828640734176
TetR	60	0.0187495457855147	0.0894199998648406
AraC/XylS	61	0.126572318647085	0.0850163827688121
Fur	61	0.2929039829302987	0.067892712050927
LysR	61	0.1889126642549717	0.089902869463312
MarR	61	0.0	0.0879795487127012
NtrC/XylR	61	0.3220624889636762	0.1037504195181583
TetR	61	0.0174772984150502	0.1077845368108376
Fur	62	0.1947243885991254	0.1889219844483002
GntR	62	0.0	0.097945824518028
IclR	62	0.0717195571955719	0.0889329734986581
LacI/GalR	62	0.0	0.1037803749473981
LysR	62	0.1950304398169229	0.1177537506752108
MarR	62	0.0	0.1140174259522359
NtrC/XylR	62	0.545255118243764	0.0592978010881452
TetR	62	0.0105333942785064	0.1022282603099842
AraC/XylS	63	0.188453790238837	0.1203933440511185
Fur	63	0.2073308528160062	0.0805130548779312
GntR	63	0.0775662650602409	0.0881878974960126
IclR	63	0.0	0.0722843134323773
LacI/GalR	63	0.0	0.0569665690455961
LysR	63	0.1723991268822702	0.0900749073647683
MarR	63	0.0	0.0841361383307075
NtrC/XylR	63	0.545255118243764	0.1141616336411884
TetR	63	0.0168388388016994	0.1006870981287003
AraC/XylS	64	0.0547826086956521	0.084477373935636
Fur	64	0.0939555555555555	0.0974364725231873
GntR	64	0.0	0.0844821638130247
IclR	64	0.1314609929078014	0.1056716707478084
LacI/GalR	64	0.0	0.1059915548052252
LysR	64	0.0830248203632579	0.0791397160212202
MarR	64	0.0	0.0980964883139137
NtrC/XylR	64	0.6161313704909899	0.1476807608438623
TetR	64	0.0493706345843165	0.0890076192773668
AraC/XylS	65	0.3472608695652173	0.2431526016102063
Fur	65	0.2881624986276599	0.1216977284291306
GntR	65	0.0	0.0912912803860674
IclR	65	0.0	0.067585743791436
LacI/GalR	65	0.0	0.0774486789503042
LysR	65	0.1073154126387793	0.1064850920418618
MarR	65	0.123375	0.1386044080018734
NtrC/XylR	65	0.5473465808877214	0.0867287613688977
TetR	65	0.0270448663965375	0.0848792188987875
AraC/XylS	66	0.831	0.0996896087899611
Fur	66	0.2076006385836133	0.0896893291466934
GntR	66	0.0	0.0681326762990838
LacI/GalR	66	0.0	0.0864270637885118
LysR	66	0.1217297585035501	0.0772913260738808
MarR	66	0.0	0.0780371432075207
NtrC/XylR	66	0.5838968946909743	0.0771146424543275
TetR	66	0.0156729167837568	0.0842493896135346
AraC/XylS	67	0.2769999999999999	0.1034145243010375
Fur	67	0.1848921305411371	0.0717064585031337
GntR	67	0.0284898710865561	0.1163057938166494
IclR	67	0.2629219858156029	0.0754144652304969
LysR	67	0.1917502386683356	0.1214844940628617
MarR	67	0.0	0.070365965092842
NtrC/XylR	67	0.6497346221441125	0.1095979372245554
TetR	67	0.0154678824327147	0.0915671477513924
AraC/XylS	68	0.0	0.0733731541508664
Fur	68	0.3087112372849822	0.1399928073576005
LacI/GalR	68	0.0858407407407407	0.0857712783834914
LysR	68	0.2817093286731423	0.0781563214959871
MarR	68	0.0	0.0773618986746719
NtrC/XylR	68	0.3865450204249845	0.1804162143638936
TetR	68	0.0120890328222053	0.1198495270845884
AraC/XylS	69	0.0	0.0888356776633987
Fur	69	0.3665236024469827	0.0883047372273145
GntR	69	0.0	0.1389032583127611
IclR	69	0.2480842911877394	0.0730366916002815
LysR	69	0.0446096943938474	0.0983656908000813
MarR	69	0.0	0.1003646983865953
NtrC/XylR	69	0.5533725670026879	0.118174207157063
TetR	69	0.0160353873202193	0.1030970675023105
AraC/XylS	70	0.4935	0.0938833711093362
Fur	70	0.1822432432432432	0.0907898844960556
GntR	70	0.1271721311475409	0.1019082680360288
IclR	70	0.0	0.0994222554917449
LacI/GalR	70	0.0	0.0753986982222071
LysR	70	0.1592823980769605	0.1376221397433046
MarR	70	0.0	0.0753376752223674
NtrC/XylR	70	0.3925879027078685	0.0966942271196332
TetR	70	0.0291523644054898	0.0923442056766907
AraC/XylS	71	0.0	0.1389182253650064
Fur	71	0.1508444444444444	0.0435751659776415
GntR	71	0.0	0.0767346890952614
IclR	71	0.2658969072164948	0.0976645990938488
LacI/GalR	71	0.1892335329341317	0.1067982118931013
LysR	71	0.1646946784316056	0.1041368634347804
MarR	71	0.0	0.07600895005153
NtrC/XylR	71	0.0	0.132888658795184
TetR	71	0.0143909301269082	0.1009258270318009
AraC/XylS	72	0.0	0.1113761117477634
Fur	72	0.3326831607090962	0.0480552134646962
GntR	72	0.0594070796460176	0.1327240188501275
LysR	72	0.1195454244506746	0.0881822258920329
MarR	72	0.0786666666666666	0.0962165531497713
NtrC/XylR	72	0.4398312150574221	0.1320053190174783
TetR	72	0.0095768592204707	0.0790892394901511
AraC/XylS	73	0.0	0.0975502198467927
Fur	73	0.3566201100429288	0.0905364954162595
GntR	73	0.0	0.0892851730649874
LacI/GalR	73	0.0736283185840708	0.0775145086829701
LysR	73	0.1660956746997118	0.0868802346117209
MarR	73	0.0	0.118832457969032
NtrC/XylR	73	0.6367866784509538	0.1071938475389702
TetR	73	0.013150438794376	0.0884361521061156
AraC/XylS	74	0.3354787234042553	0.1057850978612628
Fur	74	0.2746156579114325	0.0873305061484409
GntR	74	0.0	0.1037922231060237
IclR	74	0.0	0.0573372816505654
LacI/GalR	74	0.0	0.0850000294275346
LysR	74	0.1122342668023397	0.1251448631747507
MarR	74	0.0	0.1107042247590307
NtrC/XylR	74	0.3717692103975862	0.1136421208224834
TetR	74	0.0286632162761318	0.132928306949243
AraC/XylS	75	0.0	0.1028026897851625
Fur	75	0.5181052887069877	0.0762713228518195
GntR	75	0.2861946902654867	0.1049397085166445
IclR	75	0.0	0.071135832764752
LacI/GalR	75	0.1224508670520231	0.1126263395839181
LysR	75	0.175947441909186	0.1192009855063036
MarR	75	0.0	0.0835440325135848
NtrC/XylR	75	0.4555685433361179	0.1543243261966172
TetR	75	0.0236260558112477	0.1122153528541059
Fur	76	0.4322151174561658	0.1103271638985924
GntR	76	0.0	0.0875585168692441
IclR	76	0.1212950819672131	0.1092423353633551
LacI/GalR	76	0.0865666666666666	0.0917371625345677
LysR	76	0.1472766108036666	0.1136535480582292
MarR	76	0.0	0.0918014568332525
NtrC/XylR	76	0.4723548860372368	0.0930446368039282
TetR	76	0.009613376693803	0.0881304075629733
AraC/XylS	77	0.417	0.1036303060169067
Fur	77	0.1769370372247421	0.062694150750001
GntR	77	0.0	0.1148326055355897
IclR	77	0.1882095963113612	0.0897848617120679
LacI/GalR	77	0.0	0.0788164881017199
LysR	77	0.1420902123977374	0.1373110787957923
MarR	77	0.0	0.0716656065316373
NtrC/XylR	77	0.7128347978910369	0.100150537169215
TetR	77	0.0068520384161376	0.0794446458352853
AraC/XylS	78	0.2123208722741432	0.0656783595684361
Fur	78	0.2983108108108108	0.0787351274388642
GntR	78	0.0	0.0750462367555603
IclR	78	0.0	0.1053018934448374
LacI/GalR	78	0.0	0.0758966435740375
LysR	78	0.0215408342234706	0.1256349844340309
MarR	78	0.0	0.1477247405211951
NtrC/XylR	78	0.5134383637036352	0.1119644106155685
TetR	78	0.0050232158039509	0.086924221040036
AraC/XylS	79	0.0	0.1084278211405511
Fur	79	0.3138658807106785	0.1043096654982201
GntR	79	0.0	0.0353641420421085
LacI/GalR	79	0.2397138643067846	0.1376661070424939
LysR	79	0.1831079088317566	0.1166088199073055
MarR	79	0.1770696202531645	0.0645078393910183
NtrC/XylR	79	0.1294697286687947	0.0959694662442138
TetR	79	0.0084981390507435	0.0865544087888935
Fur	80	0.299805994617093	0.0794945594945595
GntR	80	0.0	0.1001578155749123
IclR	80	0.053348282442748	0.1948165802473815
LacI/GalR	80	0.1269529411764706	0.098908371636707
LysR	80	0.1084403225806451	0.0969479772295839
MarR	80	0.0599625	0.0673892736031694
NtrC/XylR	80	0.5692533586260674	0.1055204209773478
TetR	80	0.0101111610182596	0.0880722627473414
AraC/XylS	81	0.0	0.0934685331391758
Fur	81	0.3427780107853525	0.1501224078341013
GntR	81	0.1369980620155038	0.0971533332993715
IclR	81	0.0	0.2060511808550739
LacI/GalR	81	0.1501923747276688	0.0674555340197623
LysR	81	0.0112585110362888	0.1043004233535072
MarR	81	0.0	0.0744737302573266
NtrC/XylR	81	0.4073746924101973	0.0776193484040223
TetR	81	0.0149163473693935	0.0986978241792976
AraC/XylS	82	0.2343040752351097	0.1287604700387608
Fur	82	0.5134629390681004	0.0568857424132722
GntR	82	0.0	0.0728507337578312
IclR	82	0.2748339483394834	0.0957406780644529
LysR	82	0.0557210847916416	0.0964547384527859
MarR	82	0.0572222222222222	0.1105137033094025
NtrC/XylR	82	0.5583097448096745	0.0973843145361613
TetR	82	0.0199651040681436	0.0952327532546203
AraC/XylS	83	0.2769999999999999	0.1205282803586274
Fur	83	0.2086505076006644	0.0647342202265447
GntR	83	0.0	0.0806206991127081
LacI/GalR	83	0.0	0.0594126357937984
LysR	83	0.0277532139577594	0.1101443817371237
NtrC/XylR	83	0.857474245115453	0.0896387293469904
TetR	83	0.0347095457677395	0.0982917737968795
AraC/XylS	84	0.0	0.085070653638294
Fur	84	0.2209974568007841	0.0911669247956223
GntR	84	0.1270327868852458	0.1200814029867977
IclR	84	0.0	0.0661982353997702
LacI/GalR	84	0.0	0.0660920947707937
LysR	84	0.1573463412787178	0.08561611729719
MarR	84	0.0	0.0999367339870769
NtrC/XylR	84	0.4689456242352715	0.1000752512118095
TetR	84	0.0160380210174124	0.1109734337932928
AraC/XylS	85	0.8340000000000001	0.1043252606271605
Fur	85	0.2852613798008535	0.1141177493371358
GntR	85	0.0775662650602409	0.1297778886088864
IclR	85	0.1212950819672131	0.0972118848241734
LacI/GalR	85	0.2030838323353293	0.0703068620184591
LysR	85	0.1475361970038141	0.0808355195482057
MarR	85	0.0	0.0862178073160183
NtrC/XylR	85	0.6970597539543057	0.0821750420374108
TetR	85	0.0153081013123742	0.086882405190913
AraC/XylS	86	0.2085	0.1249571728145694
Fur	86	0.4212004579635232	0.0887455477529007
GntR	86	0.0	0.151565535887699
LacI/GalR	86	0.1769005196473404	0.074598121069816
LysR	86	0.072914135412839	0.0719465127084756
MarR	86	0.1116590909090909	0.0849343499220635
NtrC/XylR	86	0.4299276818358218	0.1018962804723602
TetR	86	0.0172654105719178	0.1050012882351343
AraC/XylS	87	0.0547826086956521	0.0862096326461146
Fur	87	0.1634463599878843	0.0798843686928303
GntR	87	0.0775662650602409	0.0959636297251621
IclR	87	0.0	0.0960611610366294
LysR	87	0.1492726115245829	0.1015803445465323
MarR	87	0.0	0.0989205853939918
NtrC/XylR	87	0.6787541199094976	0.0839118190417481
TetR	87	0.0112035621396441	0.0907337163842424
AraC/XylS	88	0.2236228733459357	0.0926828017562619
Fur	88	0.0	0.062765319414393
GntR	88	0.0	0.0943829925272812
IclR	88	0.0	0.0930784765713061
LacI/GalR	88	0.0874269005847953	0.0885229416609298
LysR	88	0.0506263394634185	0.1230813340876806
MarR	88	0.0	0.1194882271265158
NtrC/XylR	88	0.4196823399737903	0.0979707615352199
TetR	88	0.0318741836396757	0.093190067214747
AraC/XylS	89	0.139	0.0921475708069849
Fur	89	0.1960122699386503	0.1047908594310501
GntR	89	0.0	0.1198590575138335
IclR	89	0.2981648337720581	0.0786241304920619
LacI/GalR	89	0.494	0.1740709705337986
LysR	89	0.1863310401850936	0.1025433780006574
NtrC/XylR	89	0.4750455293120906	0.0763110813266798
TetR	89	0.0187550366886162	0.0782713990035517
AraC/XylS	90	0.0	0.0859881570214203
Fur	90	0.3705106143389433	0.0592491790559903
GntR	90	0.0	0.1121610494344041
IclR	90	0.1374169741697417	0.068889837720698
LysR	90	0.1173680897804296	0.1115041716842894
MarR	90	0.0	0.0891298619870116
NtrC/XylR	90	0.1294697286687947	0.099267961015773
TetR	90	0.0094446748386604	0.1012752023627374
AraC/XylS	91	0.3809955425200503	0.1256299629266128
Fur	91	0.4544481981981982	0.1665135574375302
LacI/GalR	91	0.0977609329446064	0.1300411770490174
LysR	91	0.1833658895286878	0.089841404440069
NtrC/XylR	91	0.516359784195139	0.1013666334454504
TetR	91	0.009692305121961	0.0874227162540366
AraC/XylS	92	0.0	0.0817210117803072
Fur	92	0.1578026315789473	0.1316975308641975
GntR	92	0.0	0.0846452533412014
LacI/GalR	92	0.0	0.1002996066194099
LysR	92	0.0213147182875074	0.0981308786503678
MarR	92	0.0	0.0860855269557887
NtrC/XylR	92	0.579093985556673	0.1063468527583276
TetR	92	0.023916298393829	0.0965184051146506
AraC/XylS	93	0.831	0.0716400520203911
Fur	93	0.3749408675191593	0.1098262303209373
IclR	93	0.0	0.0593871176600088
LacI/GalR	93	0.0	0.10810200449226
LysR	93	0.1704276810308709	0.0849914342072739
MarR	93	0.0	0.0789913572465589
NtrC/XylR	93	0.379700022612957	0.1247431651687434
TetR	93	0.0275595631511167	0.0775162408942591
AraC/XylS	94	0.4246417445482865	0.1149871892833741
Fur	94	0.3727493120550587	0.0731150793650793
GntR	94	0.1867901234567901	0.0986722854073934
IclR	94	0.0	0.0624978595007967
LacI/GalR	94	0.0	0.0697063960962813
LysR	94	0.2126886219779465	0.1462487033026904
MarR	94	0.0	0.0896502999436644
NtrC/XylR	94	0.279662504105841	0.108067947105134
TetR	94	0.0286201711209358	0.1253048853305874
AraC/XylS	95	0.0	0.1161885692216303
Fur	95	0.3360113571636152	0.1713962058292712
GntR	95	0.2361882352941176	0.0607747052048153
IclR	95	0.0	0.1514307024879901
LacI/GalR	95	0.0	0.1160699083983606
LysR	95	0.0303899318342404	0.1112349411300309
MarR	95	0.0	0.1377929842912984
NtrC/XylR	95	0.4581828596032549	0.1253467917416184
TetR	95	0.0206257316882435	0.0879206359132071
AraC/XylS	96	0.0	0.1496458867958955
Fur	96	0.2827361202288621	0.1016987960449765
GntR	96	0.1389803149606299	0.1254844453263413
IclR	96	0.0	0.1208837590301543
LysR	96	0.1426241932409918	0.0860421232393522
MarR	96	0.0	0.0893997330117001
NtrC/XylR	96	0.5181780268138806	0.0622045230425629
TetR	96	0.0255112877573471	0.0877798145610947
AraC/XylS	97	0.5663613707165109	0.0843997554686552
Fur	97	0.3373175675675676	0.0903650487091236
GntR	97	0.0	0.1218418247172107
LacI/GalR	97	0.1514252199413489	0.1005591485857595
LysR	97	0.1913063742867501	0.0982556357658778
MarR	97	0.0	0.0637433479352732
NtrC/XylR	97	0.857474245115453	0.0833172363760037
TetR	97	0.0195123935619233	0.0896104807657424
AraC/XylS	98	0.0505714285714285	0.0671656437990086
Fur	98	0.1844632343611216	0.0843246029000791
GntR	98	0.0	0.0585591321699396
IclR	98	0.1346529209621993	0.1350255236307417
LysR	98	0.0598910931319669	0.0813822028624268
MarR	98	0.0	0.0839145412466831
NtrC/XylR	98	0.6747610669846259	0.1021808902056546
TetR	98	0.0126190501778093	0.0957463150803862
AraC/XylS	99	0.5823525835866261	0.089324751761469
Fur	99	0.4768014728204008	0.0379003617797175
GntR	99	0.0	0.1004990174559933
LacI/GalR	99	0.0	0.0911932542845924
LysR	99	0.0495235283748705	0.077976591180407
MarR	99	0.0	0.0840423206166371
NtrC/XylR	99	0.553802802553648	0.0723854459128666
TetR	99	0.024321858600739	0.1113889937677183
AraC/XylS	100	0.2769999999999999	0.0613267394432421
Fur	100	0.520439809482572	0.1150872013617111
GntR	100	0.0	0.0725660349802154
IclR	100	0.0	0.1091876863418665
LysR	100	0.1737090184235555	0.1306998317753715
MarR	100	0.0	0.0974829980893585
NtrC/XylR	100	0.3633788192192507	0.0714865699321608
TetR	100	0.0276509532476578	0.0991535772102757
AraC/XylS	101	0.0471824160609207	0.117527193187229
Fur	101	0.2821948690192682	0.0818634351821683
GntR	101	0.0	0.165601918103944
IclR	101	0.0886323024054982	0.0764317991095613
LacI/GalR	101	0.0	0.0710792406934681
LysR	101	0.2141939973802655	0.1330515079253352
MarR	101	0.0	0.099282917062412
NtrC/XylR	101	0.4575255661058912	0.1043302069487322
TetR	101	0.0217037045760109	0.1038705245885221
AraC/XylS	102	0.0481511627906976	0.0900644007827777
Fur	102	0.2647848178613395	0.0622196586350478
GntR	102	0.0	0.0739427007199001
IclR	102	0.0	0.1009114517759204
LacI/GalR	102	0.2539058823529412	0.1131780015466079
LysR	102	0.1386852474918512	0.0966612945088627
MarR	102	0.0186098484848484	0.1142459157457832
NtrC/XylR	102	0.5305223608858208	0.1256465640006012
TetR	102	0.0156114482767386	0.0944372222684327
AraC/XylS	103	0.139	0.096032502481608
Fur	103	0.2147411778352927	0.1108429387414894
GntR	103	0.0	0.0471957536736588
IclR	103	0.2522553191489362	0.1097545727989098
LacI/GalR	103	0.0897254901960784	0.1336634738890573
LysR	103	0.0465829881901527	0.0849678835273047
MarR	103	0.0	0.0772014989943527
NtrC/XylR	103	0.7608836235915013	0.1412846487474529
TetR	103	0.0202100326290839	0.0852279448206438
AraC/XylS	104	0.139	0.0979372724705404
Fur	104	0.3711133896548172	0.1056043509825022
GntR	104	0.1867901234567901	0.1005213162715117
IclR	104	0.0829385739311938	0.0819927013099096
LacI/GalR	104	0.2289673522520177	0.0716130967692542
LysR	104	0.1875222294904635	0.0961729406996646
MarR	104	0.0	0.1054940821539182
NtrC/XylR	104	0.5317620149997258	0.147856173765698
TetR	104	0.0136678207773054	0.0963601346463526
AraC/XylS	105	0.1645	0.1763971798819626
Fur	105	0.2313143784499958	0.0968947878018947
GntR	105	0.0	0.0673686766686452
LacI/GalR	105	0.1225074495091803	0.0865676146920916
LysR	105	0.0962683570098288	0.1255931860795402
MarR	105	0.0	0.1103680671503913
TetR	105	0.01457995889087	0.1075480022814371
AraC/XylS	106	0.0	0.106285402899898
Fur	106	0.0	0.0730745034682888
GntR	106	0.0	0.0995863824463854
IclR	106	0.7112914880201766	0.0771267871112188
LysR	106	0.1459668698948023	0.1162195460038188
MarR	106	0.0	0.0970364694299521
NtrC/XylR	106	0.5590482276282388	0.0922926524564977
TetR	106	0.0197077467555553	0.0894694245146397
AraC/XylS	107	0.0640557149485365	0.0845250302731403
Fur	107	0.3904960501546323	0.0855348080926182
GntR	107	0.2294651162790697	0.1293845038509816
IclR	107	0.0	0.0855055828659829
LacI/GalR	107	0.1208323699421965	0.0589525485494049
LysR	107	0.1492245880329714	0.0946311077023355
MarR	107	0.1027878787878787	0.0997306538412005
NtrC/XylR	107	0.5702517905900829	0.1054290587299446
TetR	107	0.0314878008787573	0.0903097413852257
AraC/XylS	108	0.0	0.096285065855849
Fur	108	0.3426939657778584	0.1245649218278528
GntR	108	0.0	0.1091118483422825
LacI/GalR	108	0.326158357771261	0.0564111129223313
LysR	108	0.1204330542645471	0.1116609567544762
NtrC/XylR	108	0.5690330460324848	0.1197571120150907
TetR	108	0.0246447998337433	0.0950685782762311
AraC/XylS	109	0.4935	0.0970015313991772
Fur	109	0.3882505855855856	0.1551761410632378
GntR	109	0.0622633744855967	0.0947034413491664
IclR	109	0.0	0.0570475071111235
LacI/GalR	109	0.0	0.0775050590793806
LysR	109	0.1686235741979217	0.0915526802055036
MarR	109	0.0	0.1158626737542097
NtrC/XylR	109	0.160955303045222	0.1875428602047355
TetR	109	0.0132647560463606	0.1005977729740249
Fur	110	0.2180631967908663	0.0981740842310557
GntR	110	0.0	0.0750827358546999
IclR	110	0.0	0.0672775191874648
LacI/GalR	110	0.235250755287009	0.1219085051174465
LysR	110	0.043024242860078	0.0868038959556899
MarR	110	0.0	0.1061861339687546
NtrC/XylR	110	0.649328160534327	0.1206070880484403
TetR	110	0.0242779690675964	0.0954549665970242
AraC/XylS	111	0.0	0.1215792134364374
Fur	111	0.13855160789929	0.0499759187494626
GntR	111	0.093395061728395	0.1220538009355196
IclR	111	0.0	0.0896017511517027
LacI/GalR	111	0.2917259475218658	0.0809013798169315
LysR	111	0.1098120838527447	0.134973547449345
MarR	111	0.0	0.0850711641846921
NtrC/XylR	111	0.5309955111656225	0.1101264317446835
TetR	111	0.0325996389788569	0.0998660322297928
AraC/XylS	112	0.3381214953271028	0.0808979281279614
Fur	112	0.1384359649122807	0.1126153801202408
GntR	112	0.0	0.0605174788155594
LacI/GalR	112	0.0	0.0932512210180961
LysR	112	0.1185442608364045	0.1733009673694658
MarR	112	0.118	0.0749349850664251
NtrC/XylR	112	0.7851545215032449	0.1244298892794346
TetR	112	0.0334049471430592	0.0843129430531913
AraC/XylS	113	0.3445593607305936	0.0989514209161772
Fur	113	0.1602807513276919	0.1378221628221628
IclR	113	0.0	0.0958489181241212
LacI/GalR	113	0.0	0.1080553054323845
LysR	113	0.0548609827823866	0.0668116962891064
MarR	113	0.0686	0.0986879447107136
NtrC/XylR	113	0.4354890623448035	0.1673617651072869
TetR	113	0.017437726886558	0.1166567681244463
AraC/XylS	114	0.0	0.1038833475276025
Fur	114	0.1288993288590604	0.1022008578434453
GntR	114	0.0	0.1070645634128655
IclR	114	0.2658969072164948	0.1034963503364325
LysR	114	0.1141163923360812	0.0873355366890963
MarR	114	0.0	0.0928354105967726
NtrC/XylR	114	0.7108629173989455	0.1148025275445144
TetR	114	0.0169989141464445	0.0959702172610222
AraC/XylS	115	0.0	0.1417669179308547
Fur	115	0.5451321171171171	0.1002897841435971
IclR	115	0.0	0.0985790532121781
LacI/GalR	115	0.0	0.155824617428309
LysR	115	0.237451867315507	0.1102056441539995
MarR	115	0.0467368421052631	0.0878291870905618
NtrC/XylR	115	0.5549028263665774	0.1150954272328205
TetR	115	0.0169536212938108	0.083507779803107
Fur	116	0.2666124627965006	0.0459648847020994
GntR	116	0.1485622489959839	0.088155636991569
IclR	116	0.2564545454545454	0.1896049875558186
LacI/GalR	116	0.0	0.1354905923804852
LysR	116	0.1288485021411171	0.1518335787501045
MarR	116	0.0	0.1019524475589639
NtrC/XylR	116	0.6787541199094976	0.0977087467106969
TetR	116	0.024670013149108	0.1065320066851845
AraC/XylS	117	0.417	0.0950535224136391
Fur	117	0.1934719505918682	0.0656749578733209
GntR	117	0.0775662650602409	0.0764907308083462
LacI/GalR	117	0.0	0.10206080454517
LysR	117	0.0786606731875719	0.1024607869545157
MarR	117	0.0	0.0743729767425145
NtrC/XylR	117	0.4068725984443785	0.1032440187481251
TetR	117	0.0371535254253902	0.0919645036846727
Fur	118	0.2572393718291313	0.065448630304734
GntR	118	0.1442998202206106	0.1522500325170714
IclR	118	0.0	0.0866324889983491
LysR	118	0.2365859938066544	0.0820671092102316
MarR	118	0.0	0.0896554616036547
NtrC/XylR	118	0.6026402141011674	0.0960384051054997
TetR	118	0.014612409380284	0.0927025958488905
AraC/XylS	119	0.0	0.1333757702400846
Fur	119	0.1657766353309831	0.0497473205806539
GntR	119	0.0520835073068893	0.1496490441678793
IclR	119	0.0	0.067591259093814
LacI/GalR	119	0.0946167664670658	0.0766665768129372
LysR	119	0.1391808387645764	0.0677098868253786
MarR	119	0.2017176511954993	0.0862618844335396
NtrC/XylR	119	0.6596549694549974	0.0906488569531931
TetR	119	0.0322216219361507	0.0967051559418592
AraC/XylS	120	0.4155	0.1123023122262498
Fur	120	0.2302175775775775	0.0403623558890316
GntR	120	0.0	0.0701932465912366
IclR	120	0.0	0.0814457052860326
LacI/GalR	120	0.0	0.1151943114994621
LysR	120	0.1923266593940873	0.1015353370026943
MarR	120	0.0	0.0840591849051106
NtrC/XylR	120	0.522826717933449	0.0965330271408167
TetR	120	0.0311942160315191	0.1187233597404137
AraC/XylS	121	0.417	0.0900802586788822
Fur	121	0.3222787283777466	0.1042338969096731
GntR	121	0.0495207496653279	0.1037145083008482
LysR	121	0.0729467018811116	0.1203334148517086
MarR	121	0.0	0.1049303780691111
NtrC/XylR	121	0.4980902129004408	0.1358158043647838
TetR	121	0.0310935380681503	0.1052918698191941
Fur	122	0.1310955015418102	0.1182800834431269
GntR	122	0.1042069672131147	0.0902465331503203
IclR	122	0.0	0.0644354205086644
LacI/GalR	122	0.0	0.0921985733650637
LysR	122	0.1298861174234519	0.1199617283330382
MarR	122	0.0	0.0871834538674016
NtrC/XylR	122	0.4542302510002766	0.0915644626131387
TetR	122	0.0579100262892901	0.1190278186634457
AraC/XylS	123	0.0	0.1299745638267481
Fur	123	0.173725416397993	0.0991322965967996
GntR	123	0.0	0.0838768202263993
IclR	123	0.0	0.111829677106715
LysR	123	0.0463156830621426	0.082684067336704
MarR	123	0.0	0.0737671834858727
NtrC/XylR	123	0.6132699141306693	0.0990879621192392
TetR	123	0.0118236992492042	0.078839289251549
AraC/XylS	124	0.278	0.087034089925987
Fur	124	0.2662239734430252	0.1051920729576309
GntR	124	0.0	0.1766441272092305
IclR	124	0.0	0.0952171029836611
LacI/GalR	124	0.1008292682926829	0.0826554989779526
LysR	124	0.1424549614652551	0.0965508145154872
MarR	124	0.0786666666666666	0.0923010139292361
NtrC/XylR	124	0.5442691779977183	0.1326371980813358
TetR	124	0.0065874249688168	0.1009158515269645
AraC/XylS	125	0.0	0.0912285751331761
Fur	125	0.3759043693693693	0.076302857203204
GntR	125	0.1578234200743494	0.1398103174227775
LacI/GalR	125	0.1738916666666666	0.0759338594955664
LysR	125	0.0554879586701629	0.1182483652954984
MarR	125	0.0	0.1000395427061755
NtrC/XylR	125	0.7108629173989455	0.1826583147912718
TetR	125	0.0401218437520172	0.0789558245187463
AraC/XylS	126	0.1736480233765606	0.1005660951611441
Fur	126	0.1227931861662987	0.1235573005618657
GntR	126	0.0	0.1282728235274249
IclR	126	0.0	0.0919085405015786
LacI/GalR	126	0.0	0.128460964757093
LysR	126	0.0471157439960278	0.0821605343258911
MarR	126	0.0	0.0889865819165398
NtrC/XylR	126	0.5213928788710777	0.1123295165315367
TetR	126	0.0334763760357693	0.0896808207008366
AraC/XylS	127	0.831	0.0799609888337492
Fur	127	0.3157225730638615	0.1335727783076269
GntR	127	0.0	0.0771266679278883
LacI/GalR	127	0.0	0.0892231648609585
LysR	127	0.1459684952153211	0.0826406035701228
MarR	127	0.0	0.0757463449371457
NtrC/XylR	127	0.5550109162876506	0.1173637468788581
TetR	127	0.0264443419729796	0.0981929586412865
Fur	128	0.2916786105270654	0.0734684072705368
GntR	128	0.1180706034012593	0.0671808415120251
IclR	128	0.4386614566284779	0.0805296652087137
LacI/GalR	128	0.2163323699421965	0.0814665101378537
LysR	128	0.1896524987960509	0.073065904103856
MarR	128	0.0	0.090402505838861
NtrC/XylR	128	0.3209552084475082	0.1206999702783294
TetR	128	0.0239862557514128	0.0855142095889556
AraC/XylS	129	0.0	0.0892836839138322
Fur	129	0.2479999192767193	0.0935396092076969
GntR	129	0.2861946902654867	0.0840742469105085
IclR	129	0.0	0.0786229000233817
LacI/GalR	129	0.107560422960725	0.1189320659863659
LysR	129	0.0699240833903074	0.1398444401240412
MarR	129	0.0	0.0716885349916363
NtrC/XylR	129	0.4144539332218719	0.1142776841632865
TetR	129	0.0238268945953	0.1051331229141492
Fur	130	0.0	0.1078460038986354
GntR	130	0.0	0.1264310854759797
IclR	130	0.1039793814432989	0.0565242349133423
LacI/GalR	130	0.0	0.0741537226110228
LysR	130	0.0810830177983142	0.0946032311840938
MarR	130	0.0	0.0856283128917116
NtrC/XylR	130	0.4375288910864115	0.1044277319099221
TetR	130	0.0272407692361546	0.0881950362994089
AraC/XylS	131	0.0	0.0839219837606799
Fur	131	0.4061936196064485	0.0656543389689007
GntR	131	0.0	0.0875568803820707
LacI/GalR	131	0.2555271270148525	0.1359332284937741
LysR	131	0.1962306477528578	0.1190589866436029
MarR	131	0.0	0.1210908034932991
NtrC/XylR	131	0.2260081793085789	0.0982321171839286
TetR	131	0.0198460172716362	0.0804309558328807
AraC/XylS	132	0.1641365338970478	0.0757733857192439
Fur	132	0.3091050400217158	0.0680258218920689
GntR	132	0.0	0.0802929864360336
LacI/GalR	132	0.2489208211143695	0.0723021311797807
LysR	132	0.0748218380563048	0.1317818021413798
MarR	132	0.0	0.0870388823652037
NtrC/XylR	132	0.4898939261988109	0.0933248442282725
TetR	132	0.0025730902930135	0.0949681037259614
AraC/XylS	133	0.2340728971962617	0.1093243517895174
Fur	133	0.4004918455205276	0.0701711883181716
GntR	133	0.0744790764790764	0.0979916597665377
LacI/GalR	133	0.2144141172047558	0.1250181012237346
LysR	133	0.0897904040717082	0.0966047187774313
MarR	133	0.0	0.1101138694617955
NtrC/XylR	133	0.3464630731717397	0.065603369507417
TetR	133	0.0181017395805723	0.0814618416618599
AraC/XylS	134	0.4155	0.163323999279567
Fur	134	0.0	0.1852832247498928
GntR	134	0.0	0.1042389918439552
LacI/GalR	134	0.0	0.0680929647510888
LysR	134	0.1445251941348229	0.0977770878679472
MarR	134	0.0	0.1437013458002924
NtrC/XylR	134	0.7672704580646084	0.1074549130679203
TetR	134	0.0272830099267597	0.0802118835031668
Fur	135	0.3205948844146159	0.0897586854226555
GntR	135	0.0	0.0852199583861641
IclR	135	0.0	0.0918698375590916
LacI/GalR	135	0.0	0.1164778724981201
LysR	135	0.1140505333830419	0.10208567406581
MarR	135	0.0	0.097687132476401
NtrC/XylR	135	0.6027118330324684	0.0982096166934912
TetR	135	0.0235647588629351	0.0884893463042148
AraC/XylS	136	0.329	0.1988982012184831
Fur	136	0.166581081081081	0.1080131658360516
GntR	136	0.063451053283767	0.0884360250250372
LacI/GalR	136	0.124960606060606	0.1239114361720276
LysR	136	0.1553399790616821	0.0873034050387323
MarR	136	0.0	0.1248936314435778
NtrC/XylR	136	0.5238736832513682	0.0942080860301771
TetR	136	0.0172228570535425	0.0860734763429085
AraC/XylS	137	0.6851442953020134	0.0954654698205718
Fur	137	0.3610842417417417	0.3150510530435593
GntR	137	0.0	0.1019575411831236
LacI/GalR	137	0.2016585365853658	0.0911356743521137
LysR	137	0.1116613220547577	0.1066307696587072
MarR	137	0.0509038802660753	0.0850510994635965
NtrC/XylR	137	0.5778553144291363	0.1083286266161749
TetR	137	0.0136258975133393	0.08147459704102
AraC/XylS	138	0.070875	0.0712762937704005
Fur	138	0.3264838212405954	0.1459594149811541
GntR	138	0.3156468401486989	0.0896789450357425
IclR	138	0.0	0.086486882539463
LacI/GalR	138	0.2645928143712575	0.1154980496404325
LysR	138	0.0671323357645938	0.1107604679777761
MarR	138	0.0	0.0959514511916141
NtrC/XylR	138	0.321454046186215	0.0981857273479538
TetR	138	0.0238452780813744	0.0935679484623411
AraC/XylS	139	0.4185283489096573	0.1012031337322237
Fur	139	0.484904834066161	0.1005830002958331
IclR	139	0.0	0.1116328204028099
LacI/GalR	139	0.0	0.0559705782268632
LysR	139	0.1657459656680971	0.0791324425979515
MarR	139	0.0438201754385964	0.0750649376194495
NtrC/XylR	139	0.7128347978910369	0.103844298549632
TetR	139	0.0159573745754116	0.0967682190545606
AraC/XylS	140	0.278	0.1098024564861496
Fur	140	0.2491881981981981	0.1252462324528213
GntR	140	0.0380744588744588	0.1329882307284339
IclR	140	0.0	0.1561509833683468
LacI/GalR	140	0.0	0.0684961284987006
LysR	140	0.1489833407622421	0.0918027316957488
MarR	140	0.0	0.0815853388715752
NtrC/XylR	140	0.5167485397371382	0.0806719689761375
TetR	140	0.0221808587752221	0.1025858067832947
AraC/XylS	141	0.0060034013605442	0.1200822813282559
Fur	141	0.4758475643855775	0.0978679567767485
IclR	141	0.0	0.125152676765221
LacI/GalR	141	0.0	0.1282191364107514
LysR	141	0.080657349985331	0.1044668330406975
MarR	141	0.0494936416184971	0.1077593271639723
NtrC/XylR	141	0.5544962060532422	0.1093746082073805
TetR	141	0.0289449887050949	0.0816670341513107
AraC/XylS	142	0.20775	0.0640963707335998
Fur	142	0.0	0.0720684001607258
GntR	142	0.0	0.0698311117610131
LacI/GalR	142	0.0	0.1589500050367819
LysR	142	0.1028336246655024	0.1062145194541868
MarR	142	0.0	0.0854372841517512
NtrC/XylR	142	0.4329003371559066	0.0892722810073782
TetR	142	0.0148827558930548	0.081492715875342
AraC/XylS	143	0.3926313993174061	0.113497278655622
Fur	143	0.3460909447304376	0.055521516995157
IclR	143	0.0	0.0999847226618845
LacI/GalR	143	0.1370289855072463	0.0886312003074356
LysR	143	0.1661191669718556	0.0935716190932141
MarR	143	0.0	0.0814561336872144
NtrC/XylR	143	0.7128347978910369	0.1014246165057692
TetR	143	0.0016293720426859	0.0886795131933603
Fur	144	0.0	0.0483604079170915
IclR	144	0.0646048109965635	0.0745481952191326
LacI/GalR	144	0.2011799410029498	0.0550701183758347
LysR	144	0.1215799910267996	0.1183836077449847
NtrC/XylR	144	0.588631380849228	0.102960987483754
TetR	144	0.0199608501825654	0.0971021015092933
AraC/XylS	145	0.0	0.0991934682935921
Fur	145	0.0729957199184143	0.1547294810452705
GntR	145	0.0	0.1358047362298173
IclR	145	0.2279494584837545	0.202943377164566
LacI/GalR	145	0.0	0.1000752268418209
LysR	145	0.0598181426471902	0.1188829760255135
MarR	145	0.0	0.0775997580342458
NtrC/XylR	145	0.3862807017543859	0.1271110821147309
TetR	145	0.030476383451847	0.0799387444226091
AraC/XylS	146	0.1061604361370716	0.0750546337124377
Fur	146	0.3648996443131874	0.0761511319109358
GntR	146	0.0	0.0865918275246044
LysR	146	0.163241093729987	0.1152066317514144
MarR	146	0.0786666666666666	0.0813585158262734
NtrC/XylR	146	0.3657001740414535	0.1241652668959776
TetR	146	0.017640102485274	0.0817275195181923
AraC/XylS	147	0.0	0.1156954965819538
Fur	147	0.060215984405458	0.0848879495437466
GntR	147	0.1371984435797665	0.0974252559037143
LacI/GalR	147	0.0	0.0838543901627661
LysR	147	0.2057339175196784	0.1170859310216309
MarR	147	0.0	0.0836066819521735
NtrC/XylR	147	0.2834641643849508	0.09816702027252
TetR	147	0.0189421380183576	0.099645626958916
AraC/XylS	148	0.0	0.1615399253312749
Fur	148	0.4838651351351352	0.0609232420826623
GntR	148	0.0	0.1846816212464128
IclR	148	0.105784299359239	0.1068281310050177
LacI/GalR	148	0.0	0.1016789253532279
LysR	148	0.2083237011381192	0.0924883385109039
MarR	148	0.1645	0.0872985059324442
NtrC/XylR	148	0.661713780918728	0.1287667926401475
TetR	148	0.0237373777954239	0.0948614981403742
AraC/XylS	149	0.442	0.1005922041670146
Fur	149	0.3765699442898163	0.0782095261564408
GntR	149	0.0786029657949506	0.1737578230179128
IclR	149	0.1346529209621993	0.1729967288185308
LacI/GalR	149	0.02345	0.0588789310032792
LysR	149	0.0597549678064235	0.1163273739801757
MarR	149	0.393230303030303	0.0653833943421004
NtrC/XylR	149	0.3598725851729193	0.0906634516776455
TetR	149	0.0156510759334504	0.1048243633971358
AraC/XylS	150	0.0998601398601398	0.0992504201904018
Fur	150	0.3524785183354706	0.0821556579621095
GntR	150	0.0	0.1209731381249601
IclR	150	0.0	0.0683865287071393
LacI/GalR	150	0.0	0.0576232363656735
LysR	150	0.1119933585668422	0.1157147965945568
MarR	150	0.0	0.1114619211479964
NtrC/XylR	150	0.0	0.0929390058412179
TetR	150	0.0305479353257567	0.113706348631892
AraC/XylS	151	0.4935	0.0627776022491942
Fur	151	0.2215342843581468	0.0693758911480917
GntR	151	0.0	0.1142078331880963
LacI/GalR	151	0.1646666666666666	0.075073825536727
LysR	151	0.0498254948637114	0.1082920307332478
MarR	151	0.0	0.0869533788135667
NtrC/XylR	151	0.6706024734982333	0.1241092190591593
TetR	151	0.0099679738410519	0.0849647258324772
AraC/XylS	152	0.0916822429906542	0.0823079858240034
Fur	152	0.3965161290322581	0.1601094441517979
LacI/GalR	152	0.0	0.084566034651847
LysR	152	0.1339938621486881	0.0889544120969687
MarR	152	0.0987	0.086761543358642
TetR	152	0.0114530981684938	0.0890994798172842
AraC/XylS	153	0.0	0.1440535506953878
Fur	153	0.2049798528329654	0.2046092143150966
LysR	153	0.3977163275653245	0.0865529842667279
MarR	153	0.0	0.0850196912818182
NtrC/XylR	153	0.4500821076173431	0.0930761617386853
TetR	153	0.0113510673284052	0.0829315935623811
AraC/XylS	154	0.987	0.0992287885922376
LacI/GalR	154	0.1082678396871945	0.1096832605522422
LysR	154	0.0652202220409835	0.1025141764495351
NtrC/XylR	154	0.6641801961914543	0.1140572609304759
TetR	154	0.0126898140457733	0.0949090483697129
AraC/XylS	155	0.0	0.0770576543892743
Fur	155	0.3002777777777778	0.1190604436297912
GntR	155	0.1076183395291202	0.13291529013529
IclR	155	0.0	0.1217440803870727
LacI/GalR	155	0.2030838323353293	0.1622046484718498
LysR	155	0.1728198200562639	0.0921485160013299
MarR	155	0.0	0.0891516723281966
NtrC/XylR	155	0.1814011976047904	0.1157086986209394
TetR	155	0.0272110236769173	0.1067295166209012
AraC/XylS	156	0.0	0.1411956492694564
Fur	156	0.330494947741417	0.1178463855421686
GntR	156	0.1867901234567901	0.1402525544084504
LacI/GalR	156	0.2933724340175953	0.0985235466981389
LysR	156	0.1198254903270331	0.0748685641586078
MarR	156	0.0	0.1444908020616948
NtrC/XylR	156	0.857474245115453	0.0943450030103537
TetR	156	0.0119699991742382	0.0819338326458525
AraC/XylS	157	0.0	0.0842305492346119
Fur	157	0.3116804307498506	0.0762035274284935
GntR	157	0.2253903345724907	0.0796353839190805
LacI/GalR	157	0.1008194444444444	0.0761583340949475
LysR	157	0.0574782591655377	0.0837020120664488
MarR	157	0.0	0.1057122522866199
NtrC/XylR	157	0.7440076079750727	0.1376835339809853
TetR	157	0.0394905258632005	0.1022480539695839
AraC/XylS	158	0.2085	0.1048523614395973
Fur	158	0.377144429812121	0.1168732609148834
LacI/GalR	158	0.0	0.1393443954888447
LysR	158	0.1049236444812918	0.0745154653748088
MarR	158	0.0	0.1314360303132804
NtrC/XylR	158	0.6158504906427729	0.1158794970752582
TetR	158	0.0226015291717978	0.0873528019725236
AraC/XylS	159	0.4404423676012461	0.1322387354494544
Fur	159	0.3077006076477421	0.0634656084656084
IclR	159	0.0	0.0854931845923983
LacI/GalR	159	0.0	0.127619966941086
LysR	159	0.0273831305814306	0.1054614262032286
MarR	159	0.1170620822890559	0.0558410298904385
NtrC/XylR	159	0.4961884748698286	0.0747679885346528
TetR	159	0.0158709983840992	0.0987221825141828
AraC/XylS	160	0.0995147058823529	0.1196327727339739
Fur	160	0.1320967741935484	0.0413391053391053
GntR	160	0.0	0.090474194810454
IclR	160	0.2760820895522388	0.0730059645101772
LacI/GalR	160	0.0	0.0627760861241015
LysR	160	0.0925514283834004	0.1167723351598766
MarR	160	0.0	0.0999029048586961
NtrC/XylR	160	0.4258253074010369	0.0794732423696695
TetR	160	0.0271693908408969	0.0928004879634689
AraC/XylS	161	0.0	0.1316580612295607
Fur	161	0.2915512303348124	0.074811617921374
GntR	161	0.2746796536796537	0.0715372398624777
IclR	161	0.0	0.0926477844106845
LacI/GalR	161	0.0	0.0537027735206799
LysR	161	0.0839527329856049	0.0959477345634643
MarR	161	0.0	0.0995791363385081
NtrC/XylR	161	0.6872742894048824	0.1082520374169134
TetR	161	0.0294151099991182	0.1210134981425222
AraC/XylS	162	0.0	0.0880745326037782
Fur	162	0.1960122699386503	0.1374276864902968
GntR	162	0.0	0.0910525767519978
LacI/GalR	162	0.2586959064327485	0.0699294324573757
LysR	162	0.1984016476735388	0.0933361921601437
MarR	162	0.0	0.1158649134499096
NtrC/XylR	162	0.7603906534684785	0.1719669998146707
TetR	162	0.0118432861298061	0.0904055506976629
AraC/XylS	163	0.0	0.109445628226313
Fur	163	0.3112552535725381	0.0511867741792759
GntR	163	0.0	0.097917495665797
IclR	163	0.0596005089058524	0.0574146948178836
LysR	163	0.1512690814348447	0.1195085697482785
MarR	163	0.0	0.1055662427982314
NtrC/XylR	163	0.6862883491588367	0.0848874207412011
TetR	163	0.0402195742908053	0.10192122052889
Fur	164	0.3542280281606109	0.0975556070580975
GntR	164	0.0	0.1345616075737295
LacI/GalR	164	0.494	0.1065524253248367
LysR	164	0.0235659390605047	0.1148070066029821
MarR	164	0.0	0.0902415397332691
NtrC/XylR	164	0.7841685812571992	0.0917245625698626
TetR	164	0.006471864331078	0.0910240431960551
AraC/XylS	165	0.4246417445482865	0.1676313787524703
Fur	165	0.3985910020449898	0.0957430867083675
LacI/GalR	165	0.1114788628782983	0.0897685601961777
LysR	165	0.1238542384071476	0.0972942508806373
NtrC/XylR	165	0.5384332178618473	0.1189876614848793
TetR	165	0.0126537150585196	0.0848932313421176
AraC/XylS	166	0.0	0.0964621243169621
GntR	166	0.0	0.0689847562916204
IclR	166	0.0	0.0799823009782623
LacI/GalR	166	0.2302553089014405	0.1420321785409564
LysR	166	0.0362907602750429	0.1209033901785031
NtrC/XylR	166	0.4620159943938561	0.1200785927880429
TetR	166	0.0152644105515767	0.0850154235533645
Fur	167	0.3858926174496644	0.1415362773846301
GntR	167	0.0	0.0950334819232378
IclR	167	0.2189484536082474	0.0804821096877892
LacI/GalR	167	0.0	0.093306102154435
LysR	167	0.1713256651966763	0.1009586451108752
MarR	167	0.0	0.0806062164230294
NtrC/XylR	167	0.4951357361228785	0.0764062342157361
TetR	167	0.022068473284154	0.081926892830891
AraC/XylS	168	0.1887871235721703	0.0675288277804956
Fur	168	0.2777742120048742	0.0772922253856844
GntR	168	0.0	0.0897796110229705
IclR	168	0.0	0.0801817646167811
LacI/GalR	168	0.0	0.0980792584021388
LysR	168	0.0780620192265164	0.1102382608754853
MarR	168	0.0356736111111111	0.1119864540440705
NtrC/XylR	168	0.3384545729332212	0.1153899092088383
TetR	168	0.019261702862573	0.121185636105862
AraC/XylS	169	0.2123208722741432	0.0947346346356656
Fur	169	0.2446910586531842	0.0819373801611919
GntR	169	0.0	0.1107079264717931
LacI/GalR	169	0.0	0.0822493507883744
LysR	169	0.0675027075848653	0.1575395311067557
MarR	169	0.0	0.0755406405937922
NtrC/XylR	169	0.3657001740414535	0.1002348373354054
TetR	169	0.019812889412903	0.0942931243848471
AraC/XylS	170	0.4246417445482865	0.1487725620331179
Fur	170	0.3114440747777147	0.0512089516211498
GntR	170	0.0	0.0905781530701542
LacI/GalR	170	0.2232787878787878	0.1198400641165746
LysR	170	0.2133381261195999	0.089774374055733
MarR	170	0.0	0.0852223675886176
NtrC/XylR	170	0.7851545215032449	0.1202770353233904
TetR	170	0.009681943007512	0.0944235903686507
AraC/XylS	171	0.0	0.0864024155019402
Fur	171	0.2086505076006644	0.062388090478772
GntR	171	0.0922857142857142	0.0924672593231004
IclR	171	0.0741516245487364	0.0928319320290901
LacI/GalR	171	0.0	0.0799450329179954
LysR	171	0.1436524422741866	0.0874800495827797
MarR	171	0.0	0.0917918217791509
NtrC/XylR	171	0.4208279866411425	0.1638477317794996
TetR	171	0.0183001953440255	0.076435625735637
Fur	172	0.5114326710816777	0.0960869658952679
IclR	172	0.0	0.0770709054458941
LacI/GalR	172	0.230134110787172	0.1128694895333303
LysR	172	0.1341396415158797	0.0796293416614482
NtrC/XylR	172	0.5999924497248992	0.1189491843027001
TetR	172	0.0111264303797238	0.0963455145481517
AraC/XylS	173	0.220221183800623	0.1460222018784968
Fur	173	0.2142309843844236	0.0422620371873168
GntR	173	0.0	0.122849862319932
IclR	173	0.0	0.1161422411791647
LacI/GalR	173	0.1244691176470588	0.0656047884569137
LysR	173	0.1086442994092577	0.1136772751182645
MarR	173	0.0	0.099010453899759
NtrC/XylR	173	0.7013854264441192	0.1128421326667551
TetR	173	0.0069696447277842	0.0929511232071065
AraC/XylS	174	0.1468141225337487	0.1013303655948945
Fur	174	0.233194054054054	0.1269827770610373
GntR	174	0.0	0.0976859191848672
IclR	174	0.0	0.087498950402161
LacI/GalR	174	0.1244691176470588	0.0823984461081926
LysR	174	0.1206596122818935	0.1391234985918727
MarR	174	0.1704139285714285	0.0885019390118735
NtrC/XylR	174	0.5495577498227114	0.1107995761780793
TetR	174	0.0162355821850037	0.0867498525728656
AraC/XylS	175	0.278	0.1112956259716638
Fur	175	0.261045045045045	0.0654433373315229
GntR	175	0.0248301341850341	0.070292791324662
LacI/GalR	175	0.2489382352941176	0.0691479304108277
LysR	175	0.20585603845623	0.0562709715103438
MarR	175	0.0251354166666666	0.0994572345220215
NtrC/XylR	175	0.3409804369945721	0.1171542003684492
TetR	175	0.0109021241006704	0.087323598688924
AraC/XylS	176	0.0	0.148790792104601
Fur	176	0.240373457165775	0.0972580892265044
GntR	176	0.0	0.0781361800998523
LacI/GalR	176	0.119480825958702	0.1057809307841532
LysR	176	0.1516074900667538	0.1152651481163828
MarR	176	0.0	0.0838931812364298
NtrC/XylR	176	0.5658958521694079	0.1389627275821894
TetR	176	0.0346219085135809	0.0817475283211171
AraC/XylS	177	0.0	0.1180985138787207
Fur	177	0.4197568796097957	0.1466099051243979
IclR	177	0.0	0.0958936048241807
LysR	177	0.2500999766278247	0.0981962046082147
MarR	177	0.0	0.0933830728900031
NtrC/XylR	177	0.4054324604512344	0.1345368862134982
TetR	177	0.0197049370451578	0.0761421261451487
Fur	178	0.2240093235456457	0.0873715737150335
GntR	178	0.0	0.1589358907791028
IclR	178	0.1501618705035971	0.0769590312982802
LacI/GalR	178	0.2217264957264957	0.0741286158269629
LysR	178	0.1687735167293104	0.120234275796645
MarR	178	0.0	0.092522802807038
NtrC/XylR	178	0.6812847100175747	0.0830411918262498
TetR	178	0.0158436749641743	0.0895269442531655
AraC/XylS	179	0.0	0.1361960811448205
Fur	179	0.2460022355222327	0.1232015232765605
GntR	179	0.109422480620155	0.1377836319162598
IclR	179	0.0	0.3409114339569117
LysR	179	0.0655464055304121	0.0861333853273701
MarR	179	0.0	0.0675498721338013
NtrC/XylR	179	0.4549108690910224	0.0852237272024952
TetR	179	0.0105241215690702	0.0858490772885774
AraC/XylS	180	0.220221183800623	0.103438802798842
Fur	180	0.2354793796767905	0.0855130988109952
GntR	180	0.2361882352941176	0.1445369215625753
IclR	180	0.1094742268041237	0.1332748704055867
LacI/GalR	180	0.0	0.0625495036098468
LysR	180	0.0928347366483947	0.1008054496970213
NtrC/XylR	180	0.7159955061147137	0.0975067720946268
TetR	180	0.0136874400908863	0.0849494374609838
AraC/XylS	181	0.056	0.0820992244075137
Fur	181	0.3133224276908488	0.0713717799830878
GntR	181	0.1485622489959839	0.0862802143930085
IclR	181	0.3003237410071942	0.0641478465472081
LysR	181	0.1495068571626965	0.1369435693905469
MarR	181	0.0	0.0890846618108573
NtrC/XylR	181	0.3198074483319012	0.1093696006153512
TetR	181	0.0151503426027494	0.0851194858691995
AraC/XylS	182	0.0	0.0855727915472614
Fur	182	0.2602887687687688	0.0906344118844118
IclR	182	0.0	0.1595144545530185
LacI/GalR	182	0.096655589123867	0.114028196222803
LysR	182	0.2284217343152591	0.1015629693566504
MarR	182	0.0	0.1176233623577988
NtrC/XylR	182	0.7851545215032449	0.0818152824272473
TetR	182	0.0102651570825674	0.0933416459734167
AraC/XylS	183	0.329	0.1455789957142221
Fur	183	0.2510967741935484	0.0909178352345551
GntR	183	0.0	0.0904071809988239
LacI/GalR	183	0.0	0.097629878193913
LysR	183	0.0432279172458151	0.0893701864498832
MarR	183	0.0	0.097142034732386
NtrC/XylR	183	0.451943005848072	0.1050489357362923
TetR	183	0.0235195374960108	0.1020162101969946
AraC/XylS	184	0.2123208722741432	0.1356349654273588
Fur	184	0.2195253427759707	0.0506734234046701
LacI/GalR	184	0.0	0.0771523386863854
LysR	184	0.0706521346211895	0.096197199490089
MarR	184	0.0	0.0962761164918515
NtrC/XylR	184	0.3774087719298245	0.0820883303060045
TetR	184	0.0117197040253786	0.0930340910942796
AraC/XylS	185	0.0	0.0846334151611961
Fur	185	0.3658216710258646	0.0821428586433379
LacI/GalR	185	0.076975845410628	0.0662588221274673
LysR	185	0.1064318077084206	0.0947053596492172
MarR	185	0.0239954285714285	0.0762840755764003
NtrC/XylR	185	0.4331116480185831	0.1068322523267361
TetR	185	0.0293763129068245	0.0844146330142234
AraC/XylS	186	0.4935	0.1414376736337741
Fur	186	0.2041568387742581	0.0311212362975303
GntR	186	0.0635163934426229	0.1031478666742996
LacI/GalR	186	0.0	0.0803637818142661
LysR	186	0.1788955180432424	0.1256475989750402
MarR	186	0.0	0.0587587918267686
NtrC/XylR	186	0.661713780918728	0.0796231876404073
TetR	186	0.0167104017115618	0.103754762043814
AraC/XylS	187	0.1492720588235294	0.093783588650134
Fur	187	0.2681705822240467	0.0682203756271067
GntR	187	0.1271721311475409	0.0794874412418948
LacI/GalR	187	0.0	0.1168784222693707
LysR	187	0.0387035770267134	0.1239866195682609
MarR	187	0.0	0.0817294748276219
NtrC/XylR	187	0.7851545215032449	0.1023163517439538
TetR	187	0.0232919642896355	0.0778735595429536
AraC/XylS	188	0.0	0.1642432749564286
Fur	188	0.3296188021567789	0.073732848512723
GntR	188	0.0775662650602409	0.0797829947696205
LacI/GalR	188	0.1429306358381503	0.1037922130399215
LysR	188	0.0234722133715146	0.0988228591439726
MarR	188	0.0	0.0923819859808813
NtrC/XylR	188	0.1721085861419718	0.1449146747126856
TetR	188	0.0355182411963269	0.111169721109245
AraC/XylS	189	0.0	0.0855238532986558
Fur	189	0.4337213984782946	0.0675485761169544
GntR	189	0.0	0.0818241792017811
IclR	189	0.1076746849942726	0.1100319033662501
LacI/GalR	189	0.1933111782477341	0.0798069148643745
LysR	189	0.0466397298367841	0.1090891113661442
MarR	189	0.0	0.0822967763869544
NtrC/XylR	189	0.5035454060191529	0.1611603228999637
TetR	189	0.0112153614627028	0.0892179569751683
AraC/XylS	190	0.0	0.0760277760986798
Fur	190	0.2614630872483221	0.0940894346863192
GntR	190	0.1097142857142857	0.0693034816621337
LysR	190	0.1957071827002804	0.0884377193538239
MarR	190	0.0274964675658317	0.0822759072857378
NtrC/XylR	190	0.2610622701964492	0.1049773934753612
TetR	190	0.039963608955265	0.0932233832263553
AraC/XylS	191	0.0	0.1897674790358547
Fur	191	0.2908982562078685	0.1026646100453099
GntR	191	0.0152943632567849	0.1267364392355907
IclR	191	0.2504393442622951	0.0894935495684258
LacI/GalR	191	0.1264868035190615	0.0890786043785095
LysR	191	0.1987830012815509	0.0879986484387018
MarR	191	0.0944	0.0938091637621346
NtrC/XylR	191	0.3776754385964912	0.0773714710949588
TetR	191	0.0394786035268454	0.0968443567436314
AraC/XylS	192	0.0611214953271028	0.1102915612683965
Fur	192	0.0827158836689038	0.0744894337051622
GntR	192	0.0346171003717472	0.1095134792345708
LacI/GalR	192	0.0	0.2104913173891762
LysR	192	0.2084239118871123	0.1371171514340568
MarR	192	0.0	0.1013837497671433
NtrC/XylR	192	0.4702738918569014	0.0946792630626231
TetR	192	0.0117959081023292	0.1179306088591502
Fur	193	0.3405759459459459	0.109131629993212
GntR	193	0.0495207496653279	0.071167272075342
IclR	193	0.0	0.0772617826080072
LacI/GalR	193	0.1243032069970845	0.113683684125657
LysR	193	0.1119639420432857	0.1108522187231159
MarR	193	0.059	0.116782742879662
NtrC/XylR	193	0.6862883491588367	0.1314999524946255
TetR	193	0.0154459975076223	0.1020176812487093
AraC/XylS	194	0.0	0.0912513257479747
Fur	194	0.1676129032258064	0.0881451718618481
GntR	194	0.093395061728395	0.1438455698302643
IclR	194	0.1240421455938697	0.1352452837537557
LacI/GalR	194	0.0	0.0942542539303236
LysR	194	0.1723318166579417	0.1322791148884491
MarR	194	0.0	0.0921291469845579
NtrC/XylR	194	0.6951371654029034	0.1229417853075582
TetR	194	0.0055340488968395	0.1143955260039229
AraC/XylS	195	0.0	0.0492850241922292
Fur	195	0.3051843853154855	0.0957508648776386
IclR	195	0.0	0.087372136065335
LacI/GalR	195	0.1577725947521866	0.0867820010998014
LysR	195	0.2577605940166868	0.096790247875422
MarR	195	0.0456535947712418	0.0790323610908304
NtrC/XylR	195	0.6162647038243232	0.1207820228005864
TetR	195	0.0201385504192551	0.0990271567776494
AraC/XylS	196	0.831	0.1504324108593721
Fur	196	0.3429230116959065	0.1236121162750395
LacI/GalR	196	0.2282724637681159	0.0544574925269071
LysR	196	0.1709991882700395	0.1161048206780259
MarR	196	0.0	0.0758215489458071
NtrC/XylR	196	0.3553315607160053	0.190217651252788
TetR	196	0.0134515150708464	0.0908810979656351
AraC/XylS	197	0.101939899061633	0.1007345538506853
Fur	197	0.1978457174638487	0.0473322552705292
GntR	197	0.1052156133828996	0.127508671926861
LacI/GalR	197	0.0540830924855491	0.0940939519983554
LysR	197	0.1258032184323455	0.160937105963085
NtrC/XylR	197	0.6322878215435574	0.1334278332445009
TetR	197	0.0245504700309441	0.0925779519416916
AraC/XylS	198	0.417	0.0826372381488552
Fur	198	0.3194164133731552	0.0709345560717512
GntR	198	0.0	0.0811201203317064
IclR	198	0.0	0.1501539389679463
LacI/GalR	198	0.1157732723577235	0.0944529054986183
LysR	198	0.1023764444386576	0.142727820117335
MarR	198	0.0	0.1090628219570187
NtrC/XylR	198	0.2830293360647127	0.1083966453062455
TetR	198	0.0177658284444425	0.0856072038509427
AraC/XylS	199	0.0	0.0879087911544904
Fur	199	0.2486951564140828	0.0741762094649521
GntR	199	0.0	0.0878330742859015
IclR	199	0.0	0.1128830310337749
LysR	199	0.1228075286572814	0.0863118081724955
MarR	199	0.0786666666666666	0.099405759849692
NtrC/XylR	199	0.656891865901267	0.1112723136049459
TetR	199	0.0791752322725639	0.1098455447891741
AraC/XylS	200	0.0	0.083435941430585
Fur	200	0.5936248769574943	0.2050375578309177
GntR	200	0.0	0.0933322150345702
IclR	200	0.0	0.0990432732673887
LysR	200	0.0810949241444804	0.1043692971805445
MarR	200	0.0	0.123315203936464
NtrC/XylR	200	0.857474245115453	0.1124147863653727
TetR	200	0.0190425711389547	0.0908896793924841
AraC/XylS	201	0.0	0.148831413232384
Fur	201	0.127277027027027	0.0745108481927169
GntR	201	0.0	0.1130721853079863
LacI/GalR	201	0.0756597222222222	0.0791167575716501
LysR	201	0.166080312029152	0.1499407823446087
MarR	201	0.0456535947712418	0.0757135915274356
NtrC/XylR	201	0.7013646816796085	0.1239477722551349
TetR	201	0.0234105910913161	0.0833710375955356
AraC/XylS	202	0.8325	0.0926334127214512
Fur	202	0.2603161744966443	0.0553912618599004
GntR	202	0.3156468401486989	0.121800341566075
LacI/GalR	202	0.1892335329341317	0.0733011952833682
LysR	202	0.0363271086284463	0.106488337889076
MarR	202	0.0786666666666666	0.0995901244204515
NtrC/XylR	202	0.6486708670369632	0.0934145710006682
TetR	202	0.0247128502842863	0.1019218495215579
AraC/XylS	203	0.0	0.0760983662217234
Fur	203	0.5651468363283572	0.0954132012584493
GntR	203	0.0	0.0632698247225617
IclR	203	0.0	0.1496472484581204
LacI/GalR	203	0.0	0.0559773583285221
LysR	203	0.1768913217140807	0.0890118623491835
MarR	203	0.0	0.1077781079034174
NtrC/XylR	203	0.5737380486695035	0.0677493205840394
TetR	203	0.0210390568387823	0.1053831080603513
AraC/XylS	204	0.2769999999999999	0.1049650960797186
Fur	204	0.2814646530859217	0.0982913002540243
GntR	204	0.0678484224965706	0.0962317311731559
IclR	204	0.0	0.0997397699863216
LacI/GalR	204	0.119480825958702	0.1509666100105301
LysR	204	0.1622999698923797	0.1142026705365705
MarR	204	0.0	0.0736766975067272
NtrC/XylR	204	0.545255118243764	0.1308934683081443
TetR	204	0.0225741424104962	0.0863191654499999
Fur	205	0.0	0.0868611271403345
GntR	205	0.0953982300884955	0.0851528130115907
LacI/GalR	205	0.0828259587020649	0.1076370128480804
LysR	205	0.118868108660954	0.1120401690720311
MarR	205	0.0	0.0900731393187822
NtrC/XylR	205	0.3632257653673197	0.0777488262050791
TetR	205	0.0323681940783115	0.0970435681510276
AraC/XylS	206	0.1677393617021276	0.080228975277603
Fur	206	0.2622297447660801	0.0687802263296977
GntR	206	0.0	0.1661056752427445
IclR	206	0.7958983606557377	0.0641716860413093
LysR	206	0.238341324383157	0.0993158028425309
MarR	206	0.2705524861878453	0.104458561603843
NtrC/XylR	206	0.5638351770486014	0.1188949433602005
TetR	206	0.0520085422076852	0.0852493016772607
AraC/XylS	207	0.0671055591852967	0.1034323378176773
Fur	207	0.4968923260231015	0.0646870847692759
GntR	207	0.0	0.1833393109283039
IclR	207	0.0	0.084233197187459
LysR	207	0.1153836402864294	0.1272394458670989
MarR	207	0.0	0.065286729061124
NtrC/XylR	207	0.2073516873889876	0.0753030328361037
TetR	207	0.0267575538642777	0.0981359419813243
AraC/XylS	208	0.0	0.1178433529052419
Fur	208	0.4348526910113525	0.1147666277416003
GntR	208	0.0	0.0638393187292021
IclR	208	0.0	0.084565932790584
LacI/GalR	208	0.0	0.0723745043290628
LysR	208	0.1012109677419354	0.0922935403487633
MarR	208	0.0	0.0789706789248814
NtrC/XylR	208	0.5465489000397198	0.1269444820816685
TetR	208	0.0152543116940703	0.0958351730304582
AraC/XylS	209	0.2500825545171339	0.0909771250325439
Fur	209	0.1682957566462167	0.0549713325853481
GntR	209	0.0	0.0963768204976688
IclR	209	0.0	0.2062151022264892
LacI/GalR	209	0.0	0.0826149137185125
LysR	209	0.169034433950247	0.0935972877653247
NtrC/XylR	209	0.5792853801903163	0.1364202579121955
TetR	209	0.0079262373670484	0.085469416393619
AraC/XylS	210	0.1612453183329593	0.1273907444366008
Fur	210	0.4053179130941748	0.0864590089895306
GntR	210	0.0	0.1278319790936762
IclR	210	0.2480842911877394	0.0822905045512842
LacI/GalR	210	0.0736283185840708	0.073078069950346
LysR	210	0.2245763327682062	0.0933870902910155
MarR	210	0.0	0.0921163645319395
NtrC/XylR	210	0.6053821510680097	0.1666541977206211
TetR	210	0.0429721282558673	0.0837147258096082
AraC/XylS	211	0.20775	0.0850318851913874
Fur	211	0.2242001054735717	0.0533047078696985
GntR	211	0.0495207496653279	0.1453714961807804
IclR	211	0.0	0.1060911450613761
LacI/GalR	211	0.0535441176470588	0.0666616899449125
LysR	211	0.0222399497470975	0.1173345952225951
MarR	211	0.0	0.080285814318614
NtrC/XylR	211	0.6872742894048824	0.1296186441114399
TetR	211	0.0517595366555557	0.0905812855880829
AraC/XylS	212	0.987	0.1472268191526755
Fur	212	0.4525737405286081	0.0240319204604918
GntR	212	0.0	0.1751407431374302
IclR	212	0.969	0.1172226924702867
LacI/GalR	212	0.0	0.1382991667912506
LysR	212	0.2382102966346521	0.1077011359598049
MarR	212	0.0	0.074047336957343
NtrC/XylR	212	0.2942560141472687	0.1197368846631828
TetR	212	0.0425388010844686	0.1127720060943318
AraC/XylS	213	0.0	0.2006436912149915
Fur	213	0.7380134228187919	0.0982506503158677
GntR	213	0.0	0.1029821840335724
IclR	213	0.2575106382978723	0.0855190129457224
LacI/GalR	213	0.0	0.0745541483124103
LysR	213	0.1542624901392267	0.098974909265426
MarR	213	0.0	0.0687149884472563
NtrC/XylR	213	0.4165028269121942	0.0713358103228826
TetR	213	0.0276987079609748	0.1087846359022459
AraC/XylS	214	0.0	0.2199213944338613
Fur	214	0.0551586206896551	0.0933638996422961
GntR	214	0.0	0.0727196245505847
LacI/GalR	214	0.0	0.0709834614161729
LysR	214	0.2373047402094993	0.144145295219246
MarR	214	0.0	0.0958602949006946
NtrC/XylR	214	0.6131365807973359	0.1071263969175118
TetR	214	0.0502401423894643	0.0894020579229388
AraC/XylS	215	0.4404423676012461	0.1004262432953634
Fur	215	0.179258481930206	0.0905097519227953
GntR	215	0.0	0.1113127394862176
LacI/GalR	215	0.2163323699421965	0.0903061942872615
LysR	215	0.1879653020839539	0.1265890114307047
MarR	215	0.0	0.076465882803226
NtrC/XylR	215	0.4401983953100012	0.1020058718347861
TetR	215	0.021616033990478	0.1084243505397913
AraC/XylS	216	0.1833644859813084	0.120133913256774
Fur	216	0.2330537137137137	0.0815457698230807
GntR	216	0.038037037037037	0.0784409345507532
LysR	216	0.0413039381269435	0.1016302834860063
MarR	216	0.0	0.0744904841550961
NtrC/XylR	216	0.48292049730042	0.1588847230039701
TetR	216	0.0210754112049494	0.0846469301654603
AraC/XylS	217	0.0	0.147681792641859
Fur	217	0.2918002857554047	0.0668031883493272
GntR	217	0.1271721311475409	0.0774437876991713
LacI/GalR	217	0.0	0.1058964962505359
LysR	217	0.0642106971507399	0.1024267271113926
MarR	217	0.0	0.0858242076704758
NtrC/XylR	217	0.5495577498227114	0.1154492497043698
TetR	217	0.0122603508220118	0.0890829766949379
AraC/XylS	218	0.0	0.1074702605814585
Fur	218	0.2470707829977628	0.0963911005376958
GntR	218	0.0	0.0814493189180744
IclR	218	0.0	0.060969397675332
LacI/GalR	218	0.2397521468461045	0.0895493925777714
LysR	218	0.2787238422197261	0.0925825554846466
MarR	218	0.0076019047619047	0.1012722126689636
NtrC/XylR	218	0.5438994991720593	0.0705621776369188
TetR	218	0.0055725126891046	0.0940079855702169
AraC/XylS	219	0.0	0.0719446142140462
Fur	219	0.4500529221419174	0.2128143776530873
GntR	219	0.0	0.096155694041733
LacI/GalR	219	0.0	0.0757922620839703
LysR	219	0.1075275725835858	0.1031920437452964
MarR	219	0.0501949317738791	0.0899265578241685
NtrC/XylR	219	0.4257751609714003	0.1176696025426814
TetR	219	0.0008016038492381	0.0878709831034985
AraC/XylS	220	0.278	0.1067899908238638
Fur	220	0.4520675675675676	0.0464938571357863
GntR	220	0.0	0.0726218969104501
IclR	220	0.0	0.1150126894757022
LacI/GalR	220	0.0	0.072258727759971
LysR	220	0.2038325091155537	0.0886025451896197
MarR	220	0.0	0.0901392892598218
NtrC/XylR	220	0.3492491221675788	0.1197198726452114
TetR	220	0.0103616625663282	0.0850142613788911
AraC/XylS	221	0.0	0.1673620056352972
Fur	221	0.2590149263779909	0.0716767497262977
GntR	221	0.0	0.1024062214224148
IclR	221	0.0	0.0517486033414839
LacI/GalR	221	0.2249333333333333	0.0856377341746023
LysR	221	0.1441854683876438	0.1162958789102256
MarR	221	0.0824894026974951	0.0677971609239105
NtrC/XylR	221	0.1755506516460758	0.0742923731131678
TetR	221	0.0367764608890107	0.0980887580569928
AraC/XylS	222	0.0	0.1011039503393979
Fur	222	0.2397333333333333	0.0662899661632907
GntR	222	0.0370205761316872	0.1444298170218133
IclR	222	0.0	0.0738839149423038
LacI/GalR	222	0.1933111782477341	0.0879565102864945
LysR	222	0.1093061374588525	0.0705006008138921
MarR	222	0.0	0.059351528589269
NtrC/XylR	222	0.4984520543154176	0.1055149243033567
TetR	222	0.020942569650969	0.087978767176829
AraC/XylS	223	0.5577128712871288	0.098319996593559
Fur	223	0.1578026315789473	0.1441077828981054
GntR	223	0.0	0.110249711107749
LacI/GalR	223	0.0946167664670658	0.1093081207542419
LysR	223	0.2010957401436542	0.0791840206772375
MarR	223	0.0269252525252525	0.146927954572105
NtrC/XylR	223	0.7128347978910369	0.0951985572377668
TetR	223	0.0153381872401856	0.0867071713910986
Fur	224	0.3792450380510739	0.1035678183252307
GntR	224	0.0495207496653279	0.1433735000270031
LacI/GalR	224	0.0	0.1068697276543732
LysR	224	0.1263351822291958	0.1262488773141331
MarR	224	0.0	0.1071241690810264
NtrC/XylR	224	0.6497346221441125	0.0854178945587087
TetR	224	0.0648891138836588	0.0870927832464016
AraC/XylS	225	0.0	0.1432411841659331
Fur	225	0.3012714534180278	0.1794604288969582
IclR	225	0.2629219858156029	0.1261959121978429
LacI/GalR	225	0.0942666666666666	0.1336895352320388
LysR	225	0.1105518832309776	0.1366147654615719
MarR	225	0.0	0.1278281451122806
NtrC/XylR	225	0.7851545215032449	0.1008226807617537
TetR	225	0.0516357858883174	0.0860863020123932
AraC/XylS	226	0.0	0.0985789524172852
Fur	226	0.1511052631578947	0.0940124422535906
IclR	226	0.2984123711340206	0.081071623181469
LacI/GalR	226	0.0	0.075308771122901
LysR	226	0.0283120830310106	0.1129699937989857
MarR	226	0.0	0.0998907317337006
NtrC/XylR	226	0.5295736779180077	0.0641888043619606
TetR	226	0.0313708889205115	0.1204782083358961
AraC/XylS	227	0.0	0.1268791802039969
Fur	227	0.2073495259797289	0.0859861029089916
GntR	227	0.1485622489959839	0.0734205553905547
LysR	227	0.1527251135516839	0.1080096101446722
MarR	227	0.0	0.0730826654953624
NtrC/XylR	227	0.8086038025432839	0.101816720888132
TetR	227	0.0150004038824832	0.0994548511796061
AraC/XylS	228	0.7028141225337489	0.1059098140470278
Fur	228	0.238786036036036	0.0560701553348612
GntR	228	0.0	0.1579968888154201
IclR	228	0.0	0.0885240981055693
LysR	228	0.2332637027551262	0.121748119387436
MarR	228	0.0	0.0812692383140253
NtrC/XylR	228	0.6057066227261223	0.1522688778773379
TetR	228	0.0143104095863379	0.0827466632640597
AraC/XylS	229	0.0305607476635514	0.1162585723272367
Fur	229	0.088892269776652	0.1128766691224978
GntR	229	0.0775662650602409	0.0823286066230242
LacI/GalR	229	0.2078916666666666	0.0863897756594124
LysR	229	0.1855493720539185	0.0843955120368108
MarR	229	0.0157333333333333	0.0814444573284245
NtrC/XylR	229	0.5196946097576096	0.1697349767851413
TetR	229	0.0303204317343852	0.107932782114856
AraC/XylS	230	0.0	0.0712029967278032
Fur	230	0.0704528220273253	0.061084331157819
GntR	230	0.4195	0.123302795054501
IclR	230	0.0	0.0989111811170275
LysR	230	0.0434432565772973	0.0966158893794597
MarR	230	0.0	0.0859171601408859
NtrC/XylR	230	0.5293137363010153	0.0890048595762905
TetR	230	0.0295538147517223	0.0915672098527334
AraC/XylS	231	0.24675	0.0915266963627925
Fur	231	0.0995233416186643	0.0905333215038499
GntR	231	0.0742811244979919	0.1181915795023662
LysR	231	0.2457211270524044	0.0874641935922723
MarR	231	0.0	0.1127215824031268
NtrC/XylR	231	0.2438001160276357	0.1873715400593813
TetR	231	0.0088148809523809	0.0917488205664043
AraC/XylS	232	0.4935	0.1954385680308156
Fur	232	0.2328447813210916	0.1376530410143855
GntR	232	0.0	0.1241582083838183
LacI/GalR	232	0.0	0.0565972114696208
LysR	232	0.174780758222276	0.1403444037363456
MarR	232	0.0	0.0825451851357276
NtrC/XylR	232	0.3722238170744025	0.1756062353029854
TetR	232	0.0247162282280781	0.0838082445892572
AraC/XylS	233	0.1274248738270412	0.0702755385178715
Fur	233	0.1589951408848509	0.0644205507136541
GntR	233	0.0	0.100792847598628
IclR	233	0.0	0.0789248697335087
LacI/GalR	233	0.1365195703256126	0.0905517931177928
LysR	233	0.2354500479367935	0.1361501576704097
MarR	233	0.0	0.0916335838397034
NtrC/XylR	233	0.6014975358646494	0.1222332039614349
TetR	233	0.0069970398451805	0.0995120780755956
AraC/XylS	234	0.2946666666666667	0.0669746207408427
Fur	234	0.1686535509556743	0.1247818442159481
LacI/GalR	234	0.0	0.1138900889859325
LysR	234	0.0268397991784573	0.0925451747548215
MarR	234	0.0	0.0820538252464379
NtrC/XylR	234	0.563791377745622	0.1345294149769299
TetR	234	0.0173547756140016	0.0974899257425628
AraC/XylS	235	0.0	0.0689201269042048
Fur	235	0.3620354504504504	0.1060195895302519
GntR	235	0.1008921933085501	0.084252541429835
IclR	235	0.0	0.0860470961429658
LysR	235	0.2921282869796765	0.1355377985845395
MarR	235	0.127694	0.1008610427858016
NtrC/XylR	235	0.4301860891993139	0.1043012508254611
TetR	235	0.0306671385841932	0.0956864293398012
AraC/XylS	236	0.2769999999999999	0.0710220024942603
Fur	236	0.1256602150537634	0.1967373262889703
GntR	236	0.0336363073110285	0.1237583483779848
LacI/GalR	236	0.0	0.0651012939866868
LysR	236	0.1605684170161585	0.1033439976339961
MarR	236	0.0	0.0933321117529325
NtrC/XylR	236	0.5293467409736996	0.1348369452717082
TetR	236	0.0368423760653212	0.0904649906833734
AraC/XylS	237	0.0425288753799392	0.1065728929911283
Fur	237	0.252988857278331	0.0865774194922338
GntR	237	0.0	0.081256957903929
IclR	237	0.2535289575289575	0.095841891193019
LysR	237	0.0969092327623017	0.117149078514411
NtrC/XylR	237	0.5036935533291798	0.0796420751157619
TetR	237	0.0172033189237322	0.0978637685396083
AraC/XylS	238	0.987	0.0981557355391845
Fur	238	0.4338391395102742	0.1382361409562094
GntR	238	0.0622633744855967	0.0753470517703133
IclR	238	0.0	0.0667250779966828
LacI/GalR	238	0.2252514450867052	0.1367765146395816
LysR	238	0.0162521234040221	0.1047027961406302
MarR	238	0.0	0.0901048227112689
NtrC/XylR	238	0.7118488576449912	0.1174093525883839
TetR	238	0.0449286639091685	0.0997663473813243
AraC/XylS	239	0.0	0.1087197534537521
Fur	239	0.6344194630872483	0.0788428321142312
GntR	239	0.0	0.0946414558204174
IclR	239	0.0	0.1146891563066326
LysR	239	0.1718332486227329	0.1016861036064778
MarR	239	0.0	0.0894189900679919
NtrC/XylR	239	0.2207218575281406	0.1096726691717932
TetR	239	0.0071882145705172	0.0852413430056643
AraC/XylS	240	0.0	0.0683428828350327
Fur	240	0.1451891891891892	0.120123216287022
GntR	240	0.0114707724425887	0.1286702509922194
LacI/GalR	240	0.2849565217391304	0.0771684708542726
LysR	240	0.1378020156238873	0.1087220699520197
MarR	240	0.0	0.1307006671076422
NtrC/XylR	240	0.3691737475646731	0.0989351778012419
TetR	240	0.0598846458301453	0.0929559304657578
AraC/XylS	241	0.4155	0.0908369342650025
Fur	241	0.3612065797906429	0.0852249492159469
GntR	241	0.4589302325581395	0.0897301599540064
IclR	241	0.0	0.0979160391704809
LysR	241	0.1412647797904377	0.0954785845520361
MarR	241	0.0472	0.0887057301738271
NtrC/XylR	241	0.4824679068528157	0.0821447747074505
TetR	241	0.0173041786885226	0.0941002838348581
AraC/XylS	242	0.3715398398461185	0.0901111380389889
Fur	242	0.1958767076389514	0.0631382778556452
GntR	242	0.0	0.0582413114194446
IclR	242	0.1094742268041237	0.0771720838363356
LysR	242	0.1391448553514032	0.1078445092462064
MarR	242	0.03375	0.0814646511637851
NtrC/XylR	242	0.545255118243764	0.1060264750789707
TetR	242	0.0127473065136792	0.1009112506954883
AraC/XylS	243	0.24675	0.0673955911076907
Fur	243	0.1807153186059854	0.0599195139449376
GntR	243	0.0170939226519337	0.1117219550037798
IclR	243	0.0	0.0645641280468537
LacI/GalR	243	0.0	0.0843208682229064
LysR	243	0.0556626558737924	0.0930851286019082
MarR	243	0.0	0.0774229741819566
NtrC/XylR	243	0.5954856148865565	0.0713569368429946
TetR	243	0.0296376834487432	0.0951575677306867
AraC/XylS	244	0.24675	0.1134512399373313
Fur	244	0.3408413063443276	0.082520064763494
GntR	244	0.0	0.1054055564584869
IclR	244	0.0	0.0957135367923283
LysR	244	0.0580577323114059	0.0971328911347054
MarR	244	0.0	0.0902410799958919
NtrC/XylR	244	0.4667030290986397	0.0981712633719605
TetR	244	0.0368869780439944	0.0938773021581175
AraC/XylS	245	0.0425288753799392	0.119035479275544
Fur	245	0.2776245949144149	0.0557459478960856
GntR	245	0.0519256505576208	0.1392640685315692
IclR	245	0.0	0.1040980696490655
LacI/GalR	245	0.0630778443113772	0.2185335147634413
LysR	245	0.0273396278697057	0.0952336555832292
MarR	245	0.0	0.1523708168616772
NtrC/XylR	245	0.4796165868434408	0.1507503194944364
TetR	245	0.0198041787253701	0.0945484874736754
AraC/XylS	246	0.0303191489361702	0.0818076415950317
Fur	246	0.4020258827375763	0.1256348819684498
GntR	246	0.0	0.172518532399058
IclR	246	0.2402482269503546	0.0888209695806321
LacI/GalR	246	0.560295876817793	0.1077775297413058
LysR	246	0.1868981194914051	0.0927993659621791
MarR	246	0.0	0.1035942487164405
NtrC/XylR	246	0.6937979324378314	0.0932423393762115
TetR	246	0.0162037358071927	0.0967905100055326
AraC/XylS	247	0.4155	0.0854894542879795
Fur	247	0.3076420999135374	0.0800945353017021
GntR	247	0.0247603748326639	0.092836922846074
LacI/GalR	247	0.1656519174041298	0.1230689498698311
LysR	247	0.1609379787618281	0.0942506681478568
MarR	247	0.0	0.1284272551366943
NtrC/XylR	247	0.545255118243764	0.0600284673332947
TetR	247	0.0135398905163261	0.0929846206986218
AraC/XylS	248	0.8340000000000001	0.1393955131290978
Fur	248	0.2303087742672249	0.0583045778697952
GntR	248	0.0	0.0916894665599992
LacI/GalR	248	0.0	0.0945962583398989
LysR	248	0.0796189186328789	0.097749481656091
MarR	248	0.3085700757575757	0.0782688407121437
NtrC/XylR	248	0.4519651021257305	0.0925642100329502
TetR	248	0.0145572954633861	0.1033312288130331
AraC/XylS	249	0.278	0.0805137483185236
Fur	249	0.1504112176692821	0.0668866038570661
GntR	249	0.0	0.1054036948449747
LacI/GalR	249	0.2193971867007672	0.2073481326557428
LysR	249	0.0946900048422768	0.1204382404859339
MarR	249	0.0	0.0901197833582328
NtrC/XylR	249	0.6541757420214208	0.0986308988212855
TetR	249	0.0405789095892097	0.0946075774077324
Fur	250	0.2715095420350266	0.2599867724867725
GntR	250	0.1430973451327433	0.0944152027277873
IclR	250	0.0	0.1234335193112044
LacI/GalR	250	0.0	0.0948583972762065
LysR	250	0.1876897562017388	0.1122240861543249
MarR	250	0.0	0.0913816074196489
NtrC/XylR	250	0.2608404550184053	0.074798199223678
TetR	250	0.0177377618920929	0.0985389198764557
AraC/XylS	251	0.909	0.0831539564983228
Fur	251	0.1645259232028283	0.1071927477581793
GntR	251	0.0	0.1149534712853605
IclR	251	0.0	0.048231321111726
LysR	251	0.2146362955447089	0.0812147962994309
MarR	251	0.0	0.0772004556737706
NtrC/XylR	251	0.6055739863281253	0.1173187683466154
TetR	251	0.01357711488541	0.0859460297590227
AraC/XylS	252	0.4195472481827622	0.0674849991673915
Fur	252	0.1321597384748486	0.1158963451437235
GntR	252	0.0	0.1007575751741114
LacI/GalR	252	0.0	0.0654635329832185
LysR	252	0.1080745341614906	0.097718986689381
MarR	252	0.0735959595959596	0.0954573743494349
NtrC/XylR	252	0.6413046888482379	0.0940036045547355
TetR	252	0.0218515324451339	0.0811697169149643
AraC/XylS	253	0.24675	0.0940531250748477
Fur	253	0.0	0.1417872981108275
GntR	253	0.0	0.0724793562034742
IclR	253	0.0	0.0836618022965026
LacI/GalR	253	0.0	0.0891298112161557
LysR	253	0.074461215932914	0.0854974072455444
MarR	253	0.0	0.0802561420007481
NtrC/XylR	253	0.4184867166798776	0.1278970947890548
TetR	253	0.0185038052039908	0.0936053510720058
AraC/XylS	254	0.0	0.1032753787481869
Fur	254	0.1952834008097166	0.0731942830058536
GntR	254	0.0	0.1022573376579293
IclR	254	0.0	0.0603045991937897
LysR	254	0.1996668821557549	0.0905976589364714
MarR	254	0.0	0.1052529698555543
NtrC/XylR	254	0.2889642952822399	0.1259590316653448
TetR	254	0.0361998790627573	0.0965343482861913
AraC/XylS	255	0.121601246105919	0.1411973084903256
Fur	255	0.9257866666666666	0.1227729250302036
GntR	255	0.0	0.1161194668823056
IclR	255	0.2231942446043165	0.1466469160257078
LacI/GalR	255	0.1577725947521866	0.0900237735061997
LysR	255	0.1848209095038389	0.1185452373951533
MarR	255	0.0	0.1031451473942308
NtrC/XylR	255	0.5580057059813045	0.0845415195466704
TetR	255	0.0220044849042411	0.0753964981632865
AraC/XylS	256	0.0425288753799392	0.1077617361592473
Fur	256	0.5266785459143354	0.087131532040304
GntR	256	0.0371405622489959	0.0627678846325398
IclR	256	0.0	0.0587378512734605
LysR	256	0.0717280943369401	0.1040047003175266
MarR	256	0.0	0.1149493332501
NtrC/XylR	256	0.7440076079750727	0.0837921992367628
TetR	256	0.013538359825116	0.0931253391316126
AraC/XylS	257	0.0337142857142857	0.0916241838709972
Fur	257	0.1339916876487129	0.0898055194855165
GntR	257	0.1365953307392996	0.0995187696531053
IclR	257	0.0	0.0495811624029203
LacI/GalR	257	0.1894399288286743	0.0964297575462509
LysR	257	0.0841397747002684	0.1779500516387774
MarR	257	0.0	0.1328109784142939
NtrC/XylR	257	0.512737717673118	0.0826557917756807
TetR	257	0.0090507587423457	0.0936652243904385
AraC/XylS	258	0.2074100034614053	0.090354958386669
Fur	258	0.3809257906182043	0.100618084522963
GntR	258	0.0	0.0867834395623638
IclR	258	0.0836615058423126	0.0737429721123648
LacI/GalR	258	0.0	0.0674216457161293
LysR	258	0.0239275668950363	0.1533738411787866
NtrC/XylR	258	0.584074672468752	0.1387150103895809
TetR	258	0.0118838504280046	0.0952462749311042
AraC/XylS	259	0.2543411214953271	0.0738126842835494
Fur	259	0.3921652884227511	0.0950282350836538
GntR	259	0.0	0.1194011007978215
IclR	259	0.0	0.148103037856205
LacI/GalR	259	0.0	0.1065442013931195
LysR	259	0.1213932232653196	0.1366485930984845
MarR	259	0.0	0.075063175045286
NtrC/XylR	259	0.330856890459364	0.1132095661475265
TetR	259	0.0087458344150737	0.0857891026016676
AraC/XylS	260	0.0	0.1055320700181237
Fur	260	0.3867772290031968	0.0683245227915727
GntR	260	0.0317994100294985	0.0801632599625673
LacI/GalR	260	0.0	0.1350490883804449
LysR	260	0.1391824957351703	0.1119920712371823
MarR	260	0.0	0.0954830973521602
NtrC/XylR	260	0.3115444760116508	0.1123253994272838
TetR	260	0.0220038965303341	0.0923002868972897
AraC/XylS	261	0.4935	0.0728959210653622
Fur	261	0.2496509009009009	0.1667548687207131
GntR	261	0.0	0.1251876205834405
IclR	261	0.0	0.1050343797896088
LacI/GalR	261	0.3004508112815278	0.0596205714622844
LysR	261	0.1992559241916092	0.0868288758851657
MarR	261	0.0	0.096550794106621
NtrC/XylR	261	0.661713780918728	0.0882779544051182
TetR	261	0.013025464968411	0.0982900059214954
AraC/XylS	262	0.0	0.0741624750906937
Fur	262	0.4243436013308976	0.1153380135795188
GntR	262	0.0	0.0832389110753837
IclR	262	0.0	0.0568311093179318
LacI/GalR	262	0.2932827988338192	0.1130353126431975
LysR	262	0.1967899057669156	0.0883066688667118
MarR	262	0.0	0.1393320665704638
NtrC/XylR	262	0.5115136387097389	0.0776925818217221
TetR	262	0.005802022667383	0.0958951374178057
AraC/XylS	263	0.4248141225337487	0.113253083740233
Fur	263	0.306701527614571	0.0731281657537005
GntR	263	0.0742811244979919	0.1073995735259725
IclR	263	0.2564545454545454	0.1044856518335185
LacI/GalR	263	0.0	0.1242401487316649
LysR	263	0.1156790680562622	0.0962762584090369
MarR	263	0.0	0.0734162084343247
NtrC/XylR	263	0.5385190301062528	0.0976902797431638
TetR	263	0.0128173275642719	0.1016060404514181
AraC/XylS	264	0.4686081504702195	0.1201251071330421
Fur	264	0.3006197435897436	0.1443025486820636
GntR	264	0.0	0.1184310551324755
IclR	264	0.0	0.0818410033969008
LacI/GalR	264	0.1021196730527346	0.1189846491540124
LysR	264	0.1147897305744232	0.1037260116778213
MarR	264	0.0	0.1401494059772841
NtrC/XylR	264	0.4807544218272842	0.0804235496074626
TetR	264	0.0168576997604098	0.1033762991885676
AraC/XylS	265	0.278	0.1201599820778935
Fur	265	0.6049266666666666	0.0778411231330738
GntR	265	0.0	0.1341843854948388
IclR	265	0.0	0.0705911826542239
LacI/GalR	265	0.0	0.0821237699110165
LysR	265	0.0774251782542972	0.1299939654825399
MarR	265	0.24675	0.1070711445428166
NtrC/XylR	265	0.4862317366199191	0.0905641872339769
TetR	265	0.0312484158773348	0.0890019238493688
AraC/XylS	266	0.1187164429530201	0.0937849281524263
Fur	266	0.1577999462365591	0.0900549716508878
GntR	266	0.1485622489959839	0.123994902291175
LacI/GalR	266	0.14715	0.1675464779631846
LysR	266	0.0295215190701434	0.0948248193275797
MarR	266	0.0	0.1389724983700729
NtrC/XylR	266	0.5077853409443419	0.1080491797903978
TetR	266	0.0182948885590191	0.0960283791395737
AraC/XylS	267	0.8340000000000001	0.0840912185602923
Fur	267	0.3731570144305379	0.0944800988279249
GntR	267	0.1038513011152416	0.1375134081528072
LacI/GalR	267	0.2702047239769294	0.0984848295251255
LysR	267	0.1082190622485553	0.1484248403028347
MarR	267	0.0	0.0840109905526282
NtrC/XylR	267	0.0348432835820895	0.0789372122227685
TetR	267	0.0306028146652562	0.1055109103321451
AraC/XylS	268	0.329	0.1230329793948495
Fur	268	0.1351451612903225	0.112673075203973
LacI/GalR	268	0.0	0.0922401949990033
LysR	268	0.1723586232460927	0.0951279395503594
MarR	268	0.0	0.0859693753814058
NtrC/XylR	268	0.7851545215032449	0.102889162535322
TetR	268	0.0235481357585665	0.0858697565319984
AraC/XylS	269	0.0	0.1000071232987053
Fur	269	0.1808305247953779	0.0705819709912174
GntR	269	0.1389803149606299	0.0963288964674237
LysR	269	0.0	0.1058862106151654
MarR	269	0.0	0.0934386550900933
NtrC/XylR	269	0.5324129662522203	0.0665047441693721
TetR	269	0.0160870466677084	0.0830124425125163
AraC/XylS	270	0.0	0.0983643800456954
Fur	270	0.2563513513513513	0.0684776746905962
GntR	270	0.0	0.1542397792357487
LysR	270	0.1044998294335011	0.1144334369826928
MarR	270	0.053850505050505	0.0854169879768821
NtrC/XylR	270	0.7013646816796085	0.0842006418102074
TetR	270	0.0109007907157875	0.0910376539283489
AraC/XylS	271	0.987	0.1174723005591305
Fur	271	0.2053253536473389	0.1975629146101837
GntR	271	0.0	0.2361765893673434
LacI/GalR	271	0.1437096774193548	0.0723560757541806
LysR	271	0.065134193548387	0.0833679414673401
MarR	271	0.0	0.0979279041258072
NtrC/XylR	271	0.3618188133129058	0.1448013336588491
TetR	271	0.0108727210313929	0.0860454108976399
AraC/XylS	272	0.0	0.1467769643753871
Fur	272	0.3213275248933143	0.0419584587294224
GntR	272	0.0	0.0776888560302845
IclR	272	0.0	0.1588453435516382
LacI/GalR	272	0.0	0.0959079760241998
LysR	272	0.137364167203466	0.1401641198651705
MarR	272	0.0	0.0874799974985173
NtrC/XylR	272	0.467312948961977	0.1101347493070135
TetR	272	0.0198313052960533	0.0835107598048072
AraC/XylS	273	0.0562188449848024	0.0928670306285515
Fur	273	0.3738334834834835	0.0869067179974226
GntR	273	0.0	0.1163311500880536
IclR	273	0.0	0.11100263341345
LacI/GalR	273	0.494	0.1260294730940717
LysR	273	0.1098604681604242	0.1177577274557191
MarR	273	0.0	0.0962286789920749
NtrC/XylR	273	0.5610917453436868	0.1037616678046352
TetR	273	0.0228565555183546	0.1098141614394866
AraC/XylS	274	0.0	0.074977050147178
Fur	274	0.3680473583600578	0.2647794737532246
GntR	274	0.0	0.0799316388951284
IclR	274	0.0	0.1261580105618526
LacI/GalR	274	0.2328117647058823	0.1184366794285068
LysR	274	0.1597926598721011	0.1621205940535295
NtrC/XylR	274	0.3637425775965765	0.0828090401320698
TetR	274	0.0325231958777438	0.0973106647585625
AraC/XylS	275	0.0	0.0935813002166626
Fur	275	0.4525096774193549	0.1033383520836036
GntR	275	0.0	0.1066327916647974
LysR	275	0.093276786488313	0.1082934322455345
MarR	275	0.0	0.0849296889648542
NtrC/XylR	275	0.7400145550502009	0.1129907493373485
TetR	275	0.0514003468184348	0.0865740520611553
AraC/XylS	276	0.0305607476635514	0.1124029400537784
Fur	276	0.393893156100056	0.0445983751817301
GntR	276	0.0	0.0862945894728896
IclR	276	0.0	0.1032303289658172
LacI/GalR	276	0.0649618768328445	0.071380164907689
LysR	276	0.1138912031492009	0.0719395584514193
MarR	276	0.0343	0.092803392590462
NtrC/XylR	276	0.4980902129004408	0.1068527151666263
TetR	276	0.0078411563307493	0.1030814716672405
AraC/XylS	277	0.0303191489361702	0.1017334774711419
Fur	277	0.0	0.1194679280628113
GntR	277	0.0326989935048837	0.0658514195507232
LacI/GalR	277	0.0	0.0694097426884181
LysR	277	0.0514338278457061	0.0865145071074762
MarR	277	0.0	0.0755084122535326
NtrC/XylR	277	0.6173081751893055	0.1159762992227891
TetR	277	0.012022442567921	0.0827502392549275
AraC/XylS	278	0.0	0.1199881396894008
Fur	278	0.2829415142074178	0.129531857031857
IclR	278	0.0	0.0864528100100697
LysR	278	0.1141946974170429	0.1287026698428205
MarR	278	0.0	0.0884427624529101
NtrC/XylR	278	0.5284617228359371	0.0855085799834758
TetR	278	0.0181829266193174	0.1126015948533402
AraC/XylS	279	0.417	0.1164864345059919
Fur	279	0.3033243243243243	0.1029621901086909
GntR	279	0.0	0.1160651590095617
LysR	279	0.0336289136294386	0.0989646204589437
NtrC/XylR	279	0.2867209599677678	0.0757476291761982
TetR	279	0.0142494229952961	0.0824679913845558
AraC/XylS	280	0.4100588438906196	0.1048310274963196
Fur	280	0.3264562076351478	0.0539950621010867
LacI/GalR	280	0.0	0.1115048234371117
LysR	280	0.1602643931413022	0.0935531594181059
MarR	280	0.0	0.0818127355595167
NtrC/XylR	280	0.2033877874398741	0.1245742610335301
TetR	280	0.0145809096877295	0.0989396980335811
AraC/XylS	281	0.151076656949905	0.0851394596023824
Fur	281	0.155334936163157	0.1438319363851279
GntR	281	0.0	0.0795072533339803
IclR	281	0.0	0.0483993067181807
LacI/GalR	281	0.0543317230273752	0.0811152573599269
LysR	281	0.1455714731552513	0.0878828953793457
MarR	281	0.0483233333333333	0.065784700391055
NtrC/XylR	281	0.387062583761344	0.106183591310931
TetR	281	0.0150617724867724	0.0988469083170438
AraC/XylS	282	0.1706040885201432	0.0885410286132606
Fur	282	0.13289	0.1022075456306573
IclR	282	0.0	0.0963623964565849
LacI/GalR	282	0.0	0.0784937424028839
LysR	282	0.1508965467084844	0.0823198891631289
MarR	282	0.0	0.0757335880692404
NtrC/XylR	282	0.5296248643994533	0.1066123424858722
TetR	282	0.0214752561744977	0.0854401756869962
AraC/XylS	283	0.417	0.1133188676204908
Fur	283	0.0810495495495495	0.1212072303438177
GntR	283	0.0	0.1288255648089799
IclR	283	0.0	0.0707475331345071
LacI/GalR	283	0.0	0.0808510504235701
LysR	283	0.0710145814520008	0.0992463206603562
NtrC/XylR	283	0.4977947608180538	0.1049529938597372
TetR	283	0.0182207493316685	0.0810560930040638
AraC/XylS	284	0.0	0.0932902978884903
Fur	284	0.0885933333333333	0.0989486063868959
GntR	284	0.0690967741935484	0.0818326932798033
IclR	284	0.0596005089058524	0.1215913930251446
LysR	284	0.2976115324610197	0.1068473590844634
MarR	284	0.1131244019138756	0.0785733079373659
NtrC/XylR	284	0.5210203655719929	0.1525362030248883
TetR	284	0.0149309298539531	0.0841584648970782
AraC/XylS	285	0.0916822429906542	0.0914788975110879
Fur	285	0.4132479033102172	0.1036003976480166
GntR	285	0.0458830897703549	0.1054680364279919
LysR	285	0.0926547912826393	0.100271653998939
MarR	285	0.0	0.0798534173246887
NtrC/XylR	285	0.3659247116290997	0.0649005426257982
TetR	285	0.0114526016498397	0.1082157829258757
AraC/XylS	286	0.3696728971962617	0.0904033209542832
Fur	286	0.4832999099099099	0.0737384170691751
GntR	286	0.0172369477911646	0.0959992734252044
LacI/GalR	286	0.1857698170731707	0.0822323837756965
LysR	286	0.0715404208291405	0.1109771443137465
MarR	286	0.0	0.0824460645417371
NtrC/XylR	286	0.5220911295818478	0.1348711790226656
TetR	286	0.014321360161318	0.0829009956534746
AraC/XylS	287	0.24675	0.1189531772400682
Fur	287	0.3927596917970602	0.1104481001553766
GntR	287	0.1274619728676962	0.0888969882184995
IclR	287	0.0	0.1028063063018457
LacI/GalR	287	0.1755764705882352	0.1135312698403399
LysR	287	0.0529223602484472	0.0974445242625547
MarR	287	0.0343333333333333	0.0975893035226625
NtrC/XylR	287	0.2650885823446789	0.1437758031317262
TetR	287	0.0140568193260901	0.0994007461039434
AraC/XylS	288	0.4935	0.1041175917682065
Fur	288	0.1450743567251462	0.0707063016296135
GntR	288	0.0495207496653279	0.2187087825005158
LacI/GalR	288	0.1269529411764706	0.1650469857662831
LysR	288	0.2890186733770793	0.1279462204606001
MarR	288	0.0	0.07053709446496
NtrC/XylR	288	0.4590761168759673	0.0753478568570184
TetR	288	0.0135375484496124	0.1027508075103282
AraC/XylS	289	0.0	0.0732038891653136
Fur	289	0.2286834897474161	0.0377088736135479
GntR	289	0.0	0.1818719940085778
LacI/GalR	289	0.0	0.211196586836246
LysR	289	0.1026426782075558	0.1158560495649924
MarR	289	0.0399923809523809	0.0893338362394955
NtrC/XylR	289	0.3881029146500716	0.0630754074469227
TetR	289	0.0411611426496038	0.0902912443369407
AraC/XylS	290	0.329	0.0924332042310158
Fur	290	0.5309515765765765	0.1271132635271943
GntR	290	0.0	0.0624984081095343
IclR	290	0.0	0.0520959585439614
LacI/GalR	290	0.0	0.070720416779835
LysR	290	0.1424670467224519	0.1632787869564717
MarR	290	0.0	0.102080634590551
NtrC/XylR	290	0.4036160573662519	0.0883379297410734
TetR	290	0.017327369670242	0.1055511081220357
AraC/XylS	291	0.329	0.0768602496136457
Fur	291	0.2419896720661375	0.0796076671775429
GntR	291	0.0	0.2049538841426001
LacI/GalR	291	0.0932274052478134	0.0883071595088698
LysR	291	0.1163710232229333	0.115858841227941
MarR	291	0.0	0.1456676079687631
NtrC/XylR	291	0.3090536040932107	0.1213611432805058
TetR	291	0.0234269677120394	0.0984556832166065
AraC/XylS	292	0.0	0.0668580645169125
Fur	292	0.2483855094248865	0.1004838498567501
GntR	292	0.1289665427509293	0.1111117179424995
IclR	292	0.0	0.0879911546793014
LysR	292	0.0992273469390256	0.0834458157044355
MarR	292	0.0885348101265822	0.0764746648372157
NtrC/XylR	292	0.4431549149625889	0.097804257822524
TetR	292	0.0048749307862679	0.0951186107635134
AraC/XylS	293	0.606	0.0803578242511322
Fur	293	0.1545565465465465	0.0729160295302963
GntR	293	0.0	0.0904891555127681
LacI/GalR	293	0.0	0.1091621881398052
LysR	293	0.1408577740213678	0.1356206939383304
MarR	293	0.0391637499999999	0.0890795982730611
NtrC/XylR	293	0.5242578971427944	0.0979086566356581
TetR	293	0.0166236744041048	0.089275319211479
AraC/XylS	294	0.0	0.0779463352202283
Fur	294	0.2758223684210527	0.1627367369029138
GntR	294	0.0	0.0906205906110643
IclR	294	0.0	0.0865423008686147
LacI/GalR	294	0.3729096209912537	0.1298656585135308
LysR	294	0.1335282099944336	0.1020440134661232
MarR	294	0.0	0.0816969635282085
NtrC/XylR	294	0.3564173989455184	0.1213304779018665
TetR	294	0.001795472868217	0.0851615960418407
AraC/XylS	295	0.2769999999999999	0.1101756504744609
Fur	295	0.0470344827586206	0.1581100022426553
IclR	295	0.0	0.1176512207661395
LacI/GalR	295	0.0	0.0614230361829702
LysR	295	0.0407310180864128	0.0977654355093664
MarR	295	0.0	0.0933798987112252
NtrC/XylR	295	0.493376578983617	0.0999294235005081
TetR	295	0.0234014204199337	0.1237443097058751
AraC/XylS	296	0.1645	0.1281727370703326
Fur	296	0.2458030630630631	0.0889771945567524
IclR	296	0.0	0.0849291826564303
LacI/GalR	296	0.1120785498489425	0.0932613819996146
LysR	296	0.0808380109970395	0.097159912464329
MarR	296	0.2705524861878453	0.1280166691300942
NtrC/XylR	296	0.0	0.0840234893161394
TetR	296	0.0210560735234364	0.0870274915242812
AraC/XylS	297	0.417	0.0690193533590662
Fur	297	0.0886804993337708	0.0699653089399005
GntR	297	0.1063972868217054	0.0931519848616889
IclR	297	0.0	0.2140007524113067
LysR	297	0.2668428402639404	0.0844619843809479
MarR	297	0.0	0.0963649374094756
NtrC/XylR	297	0.6011457461022209	0.1020537795931055
TetR	297	0.0159951216971197	0.0934760191275564
AraC/XylS	298	0.3568605919003115	0.0956550274437834
Fur	298	0.1255483870967742	0.1296315514172657
GntR	298	0.1551325301204819	0.1634720318005942
LysR	298	0.1230528803612297	0.0920976904016956
MarR	298	0.0342085714285714	0.1136903501255254
NtrC/XylR	298	0.5733356776114322	0.0626199613366343
TetR	298	0.0251060752562631	0.079060741641074
AraC/XylS	299	0.0	0.0728156155278629
Fur	299	0.0967927927927927	0.126417678182384
GntR	299	0.0	0.0923141815502816
IclR	299	0.0	0.0973943729440953
LacI/GalR	299	0.2389616519174041	0.123966338883229
LysR	299	0.0489242424242424	0.1097555836117539
MarR	299	0.0	0.1076662394729072
NtrC/XylR	299	0.4512324278472525	0.1150491058074389
TetR	299	0.0052543165511693	0.0986127852926512
AraC/XylS	300	0.3876666666666666	0.0929615039831621
Fur	300	0.2726669487278689	0.096624537960855
GntR	300	0.0	0.1089299700743582
IclR	300	0.1458247422680412	0.0761856976123621
LacI/GalR	300	0.0	0.0808265374764544
LysR	300	0.0700110224920007	0.0859730449879872
NtrC/XylR	300	0.4289030716316553	0.1313476968904577
TetR	300	0.0200101136392698	0.0876963913861613
AraC/XylS	301	0.0	0.072690120417147
Fur	301	0.3759281681681681	0.1365163687936345
GntR	301	0.0	0.1078006149499736
LacI/GalR	301	0.0	0.1434406838468378
LysR	301	0.172362635791881	0.1803646276124528
NtrC/XylR	301	0.4287371225577265	0.1722453180808759
TetR	301	0.026000966995716	0.0849511371595286
AraC/XylS	302	0.2123208722741432	0.0648054448339427
Fur	302	0.2995528764334805	0.1170374219134537
IclR	302	0.101865107913669	0.0920848744980958
LacI/GalR	302	0.0976333333333333	0.084222339323205
LysR	302	0.2020436541194124	0.0681491034560513
MarR	302	0.0	0.1007620608328289
NtrC/XylR	302	0.4984520543154176	0.1451112656440116
TetR	302	0.007429897402211	0.101957371848802
AraC/XylS	303	0.1313750295902811	0.1482869546911679
Fur	303	0.1884793543543543	0.0918283714336345
GntR	303	0.5493593073593074	0.0971159738427826
LacI/GalR	303	0.0	0.1324845005215787
LysR	303	0.1206696684915902	0.1031737499234039
MarR	303	0.0	0.0799264169629784
NtrC/XylR	303	0.2143070115906398	0.0751868610969639
TetR	303	0.0295409997134429	0.094997698119565
AraC/XylS	304	0.2769999999999999	0.081317031489924
Fur	304	0.5597079911119174	0.067139876273857
IclR	304	0.0	0.0837020215980944
LacI/GalR	304	0.0	0.1262920444391517
LysR	304	0.1949963644224757	0.1026541109625193
MarR	304	0.0319025974025974	0.0875242711396989
NtrC/XylR	304	0.1892528901734104	0.0939543037583015
TetR	304	0.0161017469735399	0.0911162626018887
AraC/XylS	305	0.202668743509865	0.076407759130386
Fur	305	0.2233893086292674	0.0613228908987837
GntR	305	0.0	0.1489116024479508
IclR	305	0.0	0.0735922233575498
LacI/GalR	305	0.0	0.0849162141887917
LysR	305	0.1395375610058731	0.094014503283533
MarR	305	0.0	0.0754296715541391
NtrC/XylR	305	0.3528725368532496	0.0960992042508429
TetR	305	0.0219856755376788	0.0994109848964978
AraC/XylS	306	0.1085477815699658	0.0821538400570471
Fur	306	0.2107887795174565	0.1667786855907423
GntR	306	0.0742811244979919	0.0854301469645809
IclR	306	0.0552415300546448	0.0642397110363035
LacI/GalR	306	0.105181729834791	0.0954052906378785
LysR	306	0.201945465098295	0.0846597818028516
MarR	306	0.0	0.0951614525827033
NtrC/XylR	306	0.5060708002384693	0.1719315114174176
TetR	306	0.0568116412750725	0.1003246367052641
Fur	307	0.1398859997420733	0.0765480371215138
GntR	307	0.0	0.1385354565598522
IclR	307	0.0	0.0827683291483354
LysR	307	0.1003404889236069	0.1008632868146363
MarR	307	0.0	0.0775055616030596
NtrC/XylR	307	0.4335962034553284	0.1138193049282077
TetR	307	0.0393597809551223	0.0954414967684783
AraC/XylS	308	0.0	0.0923615924261969
Fur	308	0.1938684210526315	0.0749422549076371
GntR	308	0.0	0.1118551574403298
IclR	308	0.0	0.1064563470116552
LacI/GalR	308	0.0	0.1144961438526143
LysR	308	0.1529854069142789	0.0988350373609726
MarR	308	0.0590232067510548	0.0862110128356143
NtrC/XylR	308	0.7173448669660037	0.1665150813778895
TetR	308	0.0127851262798813	0.0953069071490755
AraC/XylS	309	0.2123208722741432	0.1519533431057229
Fur	309	0.3466310501825518	0.1154937732668825
IclR	309	0.0	0.0728105315427973
LysR	309	0.1812981632401457	0.1141731180040653
MarR	309	0.0	0.0820231513153143
NtrC/XylR	309	0.7400145550502008	0.177714373391518
TetR	309	0.0117542389544663	0.1221932899663022
AraC/XylS	310	0.0	0.1148525422337217
Fur	310	0.1511644736842105	0.1987815963931916
GntR	310	0.0	0.0797102699358841
LacI/GalR	310	0.0	0.1000223347984498
LysR	310	0.1015476129398007	0.1775027807338628
MarR	310	0.0	0.1083189360746005
NtrC/XylR	310	0.4898981268533268	0.0678533299258055
TetR	310	0.0341018042098185	0.0828020453356037
AraC/XylS	311	0.417	0.1041762120090431
Fur	311	0.1730622222222222	0.0710725010358916
GntR	311	0.0	0.141386111555725
LysR	311	0.0869896124158481	0.1364235001824691
MarR	311	0.0858333333333333	0.083228396212416
NtrC/XylR	311	0.5449884515770973	0.0932820366157471
TetR	311	0.0157526755042592	0.1127253962380504
AraC/XylS	312	0.0	0.0937018326482398
Fur	312	0.1835252324901884	0.1426919354118194
GntR	312	0.0742811244979919	0.1154348656981988
LysR	312	0.063239528041998	0.104803979497999
MarR	312	0.0	0.1039585885457624
NtrC/XylR	312	0.613136580797336	0.1221905481843492
TetR	312	0.0169850892076323	0.0850675958401045
AraC/XylS	313	0.2769999999999999	0.0831408396996305
Fur	313	0.1263131991051454	0.0818928293928293
GntR	313	0.0	0.1484694027277581
IclR	313	0.0	0.1118001189178162
LacI/GalR	313	0.0	0.112614519912779
LysR	313	0.2034835069240901	0.1341498141719969
MarR	313	0.0	0.0951770309403837
NtrC/XylR	313	0.7280925561843729	0.0886969446418177
TetR	313	0.0222670120878344	0.0955461377178234
AraC/XylS	314	0.831	0.070280018670933
Fur	314	0.2094354945683859	0.0674364489166637
GntR	314	0.0	0.1101146698679178
LacI/GalR	314	0.0	0.1531456899503883
LysR	314	0.0808849923661244	0.0914084167728963
MarR	314	0.0	0.0908366143368144
NtrC/XylR	314	0.2191627763770657	0.1220013125285045
TetR	314	0.0146419000579103	0.1171843339016672
Fur	315	0.1511052631578947	0.0634475622564584
GntR	315	0.1052545351128445	0.0715405289828346
LacI/GalR	315	0.074441087613293	0.0868660233920092
LysR	315	0.2019972526939911	0.104646702157734
MarR	315	0.0	0.1047566617305934
NtrC/XylR	315	0.2989393263506532	0.1349621119140721
TetR	315	0.0087886543064337	0.0834629828091053
AraC/XylS	316	0.41625	0.1234294017718227
Fur	316	0.1858764011538914	0.0637021311378334
GntR	316	0.1840373577040243	0.0768209524286538
IclR	316	0.0	0.1067157896307837
LacI/GalR	316	0.5181	0.0968237457802393
LysR	316	0.1175834796736808	0.1231411044359638
MarR	316	0.0	0.0923547708282638
NtrC/XylR	316	0.3776754385964912	0.0783321813229356
TetR	316	0.0153111565936043	0.0788343994045364
AraC/XylS	317	0.0	0.1124172463822841
Fur	317	0.3994677588879202	0.0649805753770375
GntR	317	0.1867901234567901	0.0752008770802077
IclR	317	0.0	0.0927528414743008
LacI/GalR	317	0.1243032069970845	0.1419155439943411
LysR	317	0.1477280765967674	0.0909287978486416
MarR	317	0.0	0.0813761203097084
NtrC/XylR	317	0.5955105012537035	0.092761532657766
TetR	317	0.0139853198571272	0.1065010148168666
AraC/XylS	318	0.1415472481827621	0.0715303768612508
Fur	318	0.1863705521472392	0.0674210750312096
GntR	318	0.0	0.0857520467335414
LacI/GalR	318	0.106273157497322	0.0813932287671761
LysR	318	0.1215009207189113	0.0880947678969006
MarR	318	0.0	0.0796186158084137
NtrC/XylR	318	0.3933515024332989	0.1130984078868643
TetR	318	0.0270605423412151	0.0999282276129792
AraC/XylS	319	0.0	0.0790332483711889
Fur	319	0.2857761403508772	0.1124196730289167
GntR	319	0.1430973451327433	0.1639624641592664
LacI/GalR	319	0.1008292682926829	0.0707173411981242
LysR	319	0.079877541252693	0.0758667050073479
MarR	319	0.0	0.1284268624893562
NtrC/XylR	319	0.4268263940175985	0.0850381552999211
TetR	319	0.0420485722719181	0.0965626083606095
AraC/XylS	320	0.0	0.0775989536142791
Fur	320	0.2412845275930679	0.1244559726840629
GntR	320	0.0	0.0827748107173793
IclR	320	0.0	0.078804676014484
LacI/GalR	320	0.0829794117647058	0.1149809387591827
LysR	320	0.1940832658356278	0.0986103152130251
MarR	320	0.0	0.1104194064449185
NtrC/XylR	320	0.7851545215032449	0.0701434048311514
TetR	320	0.0159160134169273	0.0928921427501936
AraC/XylS	321	0.0	0.1145635616972651
Fur	321	0.1770830598810731	0.1116478051451354
GntR	321	0.0821401808785529	0.0961691399761754
LacI/GalR	321	0.3729096209912537	0.1061341220994963
LysR	321	0.1123931888777601	0.1043199842393028
MarR	321	0.0446636363636363	0.0831738341010399
NtrC/XylR	321	0.2898684972881933	0.1835625089065214
TetR	321	0.0292590480724883	0.0760815735041843
AraC/XylS	322	0.1061604361370716	0.1174842678195448
Fur	322	0.1103172413793103	0.1026183966372138
IclR	322	0.0	0.0824349702468602
LysR	322	0.1009918034432896	0.1257708748034182
MarR	322	0.0	0.0933998446080779
NtrC/XylR	322	0.4740825328243347	0.1002086714063698
TetR	322	0.0414531385748307	0.0990992584816562
AraC/XylS	323	0.112	0.0793171114302363
Fur	323	0.1058153153153153	0.0799038765736268
GntR	323	0.0	0.0847961789948504
IclR	323	0.7958983606557377	0.2361776030876891
LacI/GalR	323	0.2620966380963563	0.0885737870249519
LysR	323	0.220067640568097	0.0781035375872714
MarR	323	0.0	0.083349870619948
NtrC/XylR	323	0.4934333063655305	0.0973530744068602
TetR	323	0.027538132270493	0.135090231185616
AraC/XylS	324	0.0916822429906542	0.0994187794510765
Fur	324	0.1158141891891891	0.1497572440393754
GntR	324	0.0	0.0788270156545706
LacI/GalR	324	0.1609949918441881	0.0892190401760364
LysR	324	0.0386698986722571	0.0808898007814436
MarR	324	0.0289099378881987	0.0948762770645504
NtrC/XylR	324	0.5148816225641796	0.0954939815653845
TetR	324	0.015292019162316	0.1025488715859931
AraC/XylS	325	0.4246417445482865	0.1506271329734555
Fur	325	0.4097829864329524	0.1125900962149562
GntR	325	0.0	0.0983643694790882
IclR	325	0.1253191489361702	0.0738089815496549
LacI/GalR	325	0.2236093812375249	0.0840874614084894
LysR	325	0.0304666666666666	0.0811359387050693
MarR	325	0.3085700757575757	0.1294193322186195
NtrC/XylR	325	0.3648993029433707	0.0720764298092296
TetR	325	0.0201686771454266	0.0989181824779299
AraC/XylS	326	0.6145882658359294	0.1336211544266693
Fur	326	0.1816752311560737	0.1767864999106105
GntR	326	0.0953982300884955	0.1130284972861906
IclR	326	0.2189484536082474	0.0683897579810841
LacI/GalR	326	0.0	0.0650021133013644
LysR	326	0.2363401993934795	0.1436316098479156
MarR	326	0.0	0.0975708916714487
NtrC/XylR	326	0.7185240726936551	0.1297018763475125
TetR	326	0.0533921523474786	0.0902039096366271
AraC/XylS	327	0.0	0.0728069977305752
Fur	327	0.2512420681551116	0.138326935148969
GntR	327	0.0311316872427983	0.081324856196687
IclR	327	0.0	0.126208287188499
LysR	327	0.1895269501801944	0.1077210850841663
MarR	327	0.0	0.0978127012466702
NtrC/XylR	327	0.6087068988732011	0.1819032701686074
TetR	327	0.0284754298128525	0.0801917384110527
AraC/XylS	328	0.0	0.0827621889582526
Fur	328	0.1837864008179958	0.0694545320833004
GntR	328	0.1513382899628252	0.0567728041869477
LacI/GalR	328	0.0	0.1050837172571174
LysR	328	0.1028815898974629	0.0616269560717199
MarR	328	0.0	0.0888264588359165
NtrC/XylR	328	0.5748844958767358	0.111180650818006
TetR	328	0.0272976540421968	0.1033328148242559
Fur	329	0.2136531531531531	0.1020952800328437
GntR	329	0.2894052044609665	0.1387558744848538
IclR	329	0.1226368821292775	0.0672924009175529
LysR	329	0.0818024667959474	0.1131395027080865
MarR	329	0.0	0.0776517691963269
NtrC/XylR	329	0.684112923760786	0.0982741855735962
TetR	329	0.0037840909090909	0.1188562419394845
AraC/XylS	330	0.0916822429906542	0.0949533140728581
Fur	330	0.1673677419354838	0.0380927172225101
GntR	330	0.0775662650602409	0.0853555606268186
LysR	330	0.1540072839340677	0.1287524169692208
MarR	330	0.0680817532467532	0.0955958288718483
NtrC/XylR	330	0.5449884515770973	0.1252765689932264
TetR	330	0.043469570115401	0.0836054979588976
AraC/XylS	331	0.3060472481827622	0.0960657175943654
Fur	331	0.2598488918366219	0.0456696202348376
GntR	331	0.0	0.11400065407334
IclR	331	0.0	0.1037705171060996
LacI/GalR	331	0.0	0.0679126556690928
LysR	331	0.0848591120384949	0.1165217415824771
MarR	331	0.0	0.0829035126105208
NtrC/XylR	331	0.5102597497421478	0.0810245003556569
TetR	331	0.0175559650827326	0.1030807941551204
AraC/XylS	332	0.0570550363447559	0.1680055197592175
Fur	332	0.2515891891891892	0.1290857454092748
GntR	332	0.0	0.1049922613689753
LacI/GalR	332	0.0	0.1095016925682717
LysR	332	0.1705376378925201	0.0780712561851432
MarR	332	0.0	0.0789536213685719
NtrC/XylR	332	0.5495577498227114	0.1088868891683202
TetR	332	0.0312250117751682	0.1057767487318004
AraC/XylS	333	0.0	0.0884111424455357
Fur	333	0.26558021178376	0.0766121860098086
GntR	333	0.0	0.0930112587517026
LacI/GalR	333	0.251116918429003	0.1339433870096933
LysR	333	0.2113932934574831	0.1511704769842576
MarR	333	0.0	0.0991913294682047
NtrC/XylR	333	0.5256318114745815	0.1089906125072856
TetR	333	0.0163303428473429	0.0812312582249389
AraC/XylS	334	0.4195472481827622	0.0984986280357759
Fur	334	0.3433412085497476	0.0275653082549634
GntR	334	0.1551325301204819	0.1145424887766686
IclR	334	0.0	0.0391973989751093
LacI/GalR	334	0.0	0.1125643059886823
LysR	334	0.0223399356514973	0.1273329991662841
MarR	334	0.0	0.1159296590658252
NtrC/XylR	334	0.3967395149093683	0.1576171319779134
TetR	334	0.019824532489537	0.0853169176373524
AraC/XylS	335	0.2769999999999999	0.0937366033450257
Fur	335	0.5251225287356323	0.1191359368950832
GntR	335	0.0788308022870461	0.1457374252395439
IclR	335	0.0	0.0804735855208364
LacI/GalR	335	0.1952666666666666	0.085540705909686
LysR	335	0.1249091123495183	0.1098023087022419
MarR	335	0.0	0.1094321692530256
NtrC/XylR	335	0.546665203390223	0.0881932876093
TetR	335	0.0080674584859403	0.0937651993393413
AraC/XylS	336	0.0425288753799392	0.0964736519441047
Fur	336	0.0275793103448275	0.0983619245037308
GntR	336	0.1551325301204819	0.0808270788182757
LacI/GalR	336	0.0927971014492753	0.107785179212022
LysR	336	0.0676350716072799	0.1186103197670728
MarR	336	0.0	0.0629283119388977
NtrC/XylR	336	0.6957944589002673	0.0845113066360297
TetR	336	0.0151424767135348	0.0935269895708117
AraC/XylS	337	0.2100893545100672	0.1173279421619802
Fur	337	0.226054054054054	0.2054010706846841
GntR	337	0.0	0.1063889221226966
LacI/GalR	337	0.1602713864306784	0.0953017176082968
LysR	337	0.1635309750758358	0.0678621420021838
MarR	337	0.0438201754385964	0.0814337542874568
NtrC/XylR	337	0.4683618331123649	0.1110958913186565
TetR	337	0.0111372619464378	0.1039503438791388
AraC/XylS	338	0.333	0.1744303219403313
Fur	338	0.4190666666666667	0.0795856187592882
IclR	338	0.0	0.0622999663923576
LacI/GalR	338	0.2489382352941176	0.1246550881182366
LysR	338	0.1423838089501914	0.1008683995376501
MarR	338	0.0	0.1051574369298321
NtrC/XylR	338	0.857474245115453	0.1106308818848815
TetR	338	0.0118879815453191	0.07864933968508
AraC/XylS	339	0.2265891089108911	0.1029140509392179
Fur	339	0.2385652173913043	0.0700548830468697
GntR	339	0.3156468401486989	0.1043020412621392
LacI/GalR	339	0.082013725490196	0.0850064449536343
LysR	339	0.1097042496696513	0.0987306524983284
MarR	339	0.0	0.0782827073008226
NtrC/XylR	339	0.4267107590023997	0.0877968712443476
TetR	339	0.0227092144031678	0.0849616849279619
Fur	340	0.1244120534327431	0.1394437811510982
GntR	340	0.0	0.0691280119647413
IclR	340	0.1513893783192752	0.1158171852055348
LacI/GalR	340	0.0416416666666666	0.1644860021499265
LysR	340	0.2742219443057681	0.079847182311525
MarR	340	0.0228267973856209	0.102812476125387
NtrC/XylR	340	0.4038491257226329	0.1128845626089881
TetR	340	0.0118550375019501	0.0941024255642069
AraC/XylS	341	0.442	0.1064222148346067
Fur	341	0.4709449704454431	0.1110134680803479
IclR	341	0.229660516605166	0.0860052059320001
LacI/GalR	341	0.1933111782477341	0.121196316832014
LysR	341	0.1134311074324899	0.1020069252697212
MarR	341	0.059	0.0675213746680057
NtrC/XylR	341	0.3843347272287162	0.08710353127172
TetR	341	0.017371265477167	0.1037076683894071
AraC/XylS	342	0.0916822429906542	0.1012912115271898
Fur	342	0.2168104137331034	0.1331441174541084
GntR	342	0.0	0.0818568085671645
IclR	342	0.1039793814432989	0.0674828785572701
LacI/GalR	342	0.0829794117647058	0.0773893508234198
LysR	342	0.064028989627085	0.0966613407596504
MarR	342	0.0	0.0838839899890661
NtrC/XylR	342	0.2073516873889876	0.1125024229156732
TetR	342	0.023311274157519	0.0926531200678471
Fur	343	0.2475853552354907	0.0577724810282949
GntR	343	0.1369980620155038	0.1878692191244981
IclR	343	0.0	0.1049207862414273
LysR	343	0.2027337993511606	0.1275587960544928
MarR	343	0.0786666666666666	0.1127377887217369
NtrC/XylR	343	0.391260682527608	0.0774442970239422
TetR	343	0.016531546523452	0.1041335080303913
AraC/XylS	344	0.0	0.1114341573105327
Fur	344	0.3446181285823028	0.1105434856206624
GntR	344	0.0	0.0767681163230362
LacI/GalR	344	0.0	0.0738910771450171
LysR	344	0.2885874866079298	0.0855955828395563
MarR	344	0.0	0.0794087499202625
NtrC/XylR	344	0.6918014059753954	0.1065989462563142
TetR	344	0.06683758991547	0.1094759475971615
AraC/XylS	345	0.1011428571428571	0.0898572491768136
Fur	345	0.130419147059054	0.0625650134889265
GntR	345	0.0775662650602409	0.1091183452808249
IclR	345	0.0	0.1158164638827968
LacI/GalR	345	0.0	0.1281426188176995
LysR	345	0.1571089686055046	0.1278422715299368
MarR	345	0.0	0.0792076630416981
NtrC/XylR	345	0.5388340422479921	0.122580696340765
TetR	345	0.0258324421117487	0.1196476673375576
AraC/XylS	346	0.0916822429906542	0.070090856319064
Fur	346	0.1589323138928402	0.124417211328976
GntR	346	0.0	0.170358016745589
IclR	346	0.2629219858156029	0.0976975182942428
LacI/GalR	346	0.0504146341463414	0.0534494301374832
LysR	346	0.095717403692805	0.0984981124736164
MarR	346	0.0	0.0795104334548238
NtrC/XylR	346	0.4743410947864361	0.0692618713171324
TetR	346	0.0205863350679744	0.0874082011709348
AraC/XylS	347	0.0	0.0762841365671742
Fur	347	0.2265524605874427	0.0727095557967618
GntR	347	0.0	0.0869354339083203
LacI/GalR	347	0.0	0.071037806206889
LysR	347	0.0957887880351169	0.0849506341976799
MarR	347	0.059	0.0836591328124757
NtrC/XylR	347	0.545255118243764	0.0711764386015901
TetR	347	0.0418916806637852	0.0792006190077466
AraC/XylS	348	0.6070000000000001	0.109447477361307
Fur	348	0.1354354838709677	0.0786696627507171
GntR	348	0.0	0.0658115078955994
IclR	348	0.6266846153846154	0.064452157030398
LysR	348	0.1983249698309996	0.1183696291893152
NtrC/XylR	348	0.4978810562825025	0.0735860937955933
TetR	348	0.0073557359367702	0.0960819106635704
AraC/XylS	349	0.0	0.0808173444035457
Fur	349	0.3995978022504677	0.1561109997996393
GntR	349	0.0	0.088506432401207
LacI/GalR	349	0.0	0.1684107803179427
LysR	349	0.1512599836427667	0.0867543657568816
MarR	349	0.0	0.1317770842747237
NtrC/XylR	349	0.2911733976912979	0.089356856920948
TetR	349	0.0128820359372011	0.0831828826337726
AraC/XylS	350	0.3119034267912772	0.0838925096809066
Fur	350	0.186210954735001	0.1755283496296568
GntR	350	0.0466975308641975	0.146738856990307
LysR	350	0.2859396729618291	0.0997666122930238
MarR	350	0.0	0.1058734121904697
NtrC/XylR	350	0.6543533364813527	0.0941081013338729
TetR	350	0.0386621658968291	0.0969581408385118
AraC/XylS	351	0.0	0.0738514052523802
Fur	351	0.2317066666666666	0.0780453681851632
GntR	351	0.0	0.0718400919502505
LacI/GalR	351	0.0588465447154471	0.0648954685345085
LysR	351	0.1067359986565871	0.1033807420799579
MarR	351	0.1352762430939226	0.0809925802341035
NtrC/XylR	351	0.4808337903669772	0.1413679494248888
TetR	351	0.0178381980718427	0.1136740188247408
AraC/XylS	352	0.3860550363447559	0.0918881570588326
Fur	352	0.5864343883357042	0.0675243873773285
GntR	352	0.1097472118959107	0.0665889929442457
IclR	352	0.0	0.1119545114661264
LacI/GalR	352	0.1150821114369501	0.0993999398223263
LysR	352	0.2857544271669584	0.0897370917387066
MarR	352	0.0	0.0722855466798679
NtrC/XylR	352	0.4424481455167934	0.0995381172297757
TetR	352	0.011509089343694	0.1012858042881259
AraC/XylS	353	0.0418222787497409	0.0915917471032958
Fur	353	0.3776463448378221	0.1417006417006417
GntR	353	0.0	0.1338634400817813
IclR	353	0.0	0.0979159023274436
LacI/GalR	353	0.0	0.0485337995032263
LysR	353	0.080860693400167	0.1043303023974434
MarR	353	0.0838269749518304	0.0889420125205143
NtrC/XylR	353	0.45670563876042	0.0869184294482103
TetR	353	0.0628343482387772	0.1047358076027822
AraC/XylS	354	0.0	0.1052397990297823
Fur	354	0.3310271624277454	0.1335699325355477
GntR	354	0.0	0.0893733709754857
LysR	354	0.2242994725674036	0.0835037612233003
MarR	354	0.0	0.0919967175489192
NtrC/XylR	354	0.6781498892009645	0.1112239663811321
TetR	354	0.0196719923218426	0.0810668126163814
AraC/XylS	355	0.27475	0.1133942340531815
Fur	355	0.2500269534050179	0.0559466198275893
GntR	355	0.2140148698884758	0.0727467057656078
LacI/GalR	355	0.0	0.0813119245035182
LysR	355	0.1501634898112875	0.1308227645751608
MarR	355	0.0807757575757575	0.0894333075131393
NtrC/XylR	355	0.5460737167967437	0.0777234006165356
TetR	355	0.0254813554006687	0.0977815867486984
Fur	356	0.2195936305016673	0.0382789855072463
IclR	356	0.0	0.1198131219799851
LacI/GalR	356	0.0	0.1229324016680154
LysR	356	0.1911688066930971	0.1137908705666826
MarR	356	0.0	0.0835079357993994
NtrC/XylR	356	0.6694684910948032	0.0983448484895277
TetR	356	0.0204307720108277	0.1152645563165413
AraC/XylS	357	0.0283094496365524	0.0609489170875598
Fur	357	0.5444154593844017	0.0603868539678363
GntR	357	0.093395061728395	0.1054352320321841
LysR	357	0.1252376561229684	0.1044956295064209
MarR	357	0.0	0.0797601065708796
NtrC/XylR	357	0.2866184545572146	0.1159135945014836
TetR	357	0.033294082018676	0.1147647645520685
AraC/XylS	358	0.0	0.0875853738107653
Fur	358	0.3258166366427234	0.0404805511948369
GntR	358	0.0432751937984496	0.0854866434658416
IclR	358	0.1287553191489361	0.1331286186377846
LacI/GalR	358	0.0	0.0758590662388569
LysR	358	0.0419951118541517	0.0735310477360255
MarR	358	0.0786666666666666	0.0953446299979267
NtrC/XylR	358	0.5376083741028118	0.1501639958767154
TetR	358	0.0108297650213648	0.1122685559132938
AraC/XylS	359	0.417	0.098060308747366
Fur	359	0.0	0.1013378095205723
GntR	359	0.0	0.1323704903127607
LysR	359	0.1865541422827318	0.1017916031644073
MarR	359	0.0273668571428571	0.0735947305530003
NtrC/XylR	359	0.4977188198360304	0.1266943165192428
TetR	359	0.0306148474858178	0.0898066179706199
AraC/XylS	360	0.0	0.0923884812507572
Fur	360	0.326244399767866	0.1443514927111591
GntR	360	0.0	0.0938306051442101
LacI/GalR	360	0.096655589123867	0.093976070381322
LysR	360	0.1500789080517852	0.1154778170614026
MarR	360	0.1186590476190476	0.0601715771568501
NtrC/XylR	360	0.3490347676396403	0.1185459774057335
TetR	360	0.0266721629255839	0.1073608350565798
AraC/XylS	361	0.0	0.1277023186573481
Fur	361	0.2332899774774775	0.0822895429631867
GntR	361	0.1052156133828996	0.098474230054346
IclR	361	0.1492061855670103	0.0869469594088383
LacI/GalR	361	0.3511529411764705	0.0751866575012974
LysR	361	0.2106186138065709	0.0965755951743978
NtrC/XylR	361	0.7128347978910369	0.1262317817664293
TetR	361	0.0234814872982314	0.0979561809640815
AraC/XylS	362	0.0556	0.0951507749651476
Fur	362	0.1349952175637859	0.1099089615814656
LacI/GalR	362	0.084635294117647	0.0792343522327182
LysR	362	0.1063788012117836	0.1183571667131905
MarR	362	0.0	0.0721992314585584
NtrC/XylR	362	0.0696865671641791	0.0830616114391757
TetR	362	0.0262238743440372	0.0848179726687218
AraC/XylS	363	0.0	0.0802710547237505
Fur	363	0.2048178846209845	0.0698642832263522
GntR	363	0.050716049382716	0.0997844344291154
IclR	363	0.0	0.1621843915249632
LacI/GalR	363	0.0	0.1114122921922171
LysR	363	0.1290132052883824	0.1080887756072992
MarR	363	0.0	0.1315612340141219
NtrC/XylR	363	0.6706024734982333	0.159167944745646
TetR	363	0.0102927593108454	0.086407587993463
AraC/XylS	364	0.4545	0.146652580011692
Fur	364	0.5941076188257223	0.0859689194151061
GntR	364	0.0	0.1137552719855654
IclR	364	0.0	0.1269643326491363
LacI/GalR	364	0.0	0.08735639492237
LysR	364	0.0738743505173419	0.0773572350797689
MarR	364	0.0	0.1055188400301558
NtrC/XylR	364	0.7118488576449912	0.1145653889282745
TetR	364	0.0045845880218133	0.0989578631245675
AraC/XylS	365	0.4512429906542056	0.1223453602724366
Fur	365	0.495619382831107	0.1674798379390742
GntR	365	0.0	0.0907331350053313
LacI/GalR	365	0.2489382352941176	0.120014069460884
LysR	365	0.1717093198705353	0.1152452701472016
MarR	365	0.07227	0.075196814590814
NtrC/XylR	365	0.5485718095766657	0.1107308903697689
TetR	365	0.0189573875059957	0.1153537276035717
AraC/XylS	366	0.1974	0.1202608351790744
Fur	366	0.1202085085589476	0.1320989787688508
GntR	366	0.040655737704918	0.0611324331006511
IclR	366	0.1361751824817518	0.0883681833119158
LysR	366	0.1361613045211555	0.0884820716986844
MarR	366	0.0	0.0871613883144701
NtrC/XylR	366	0.5063960086780603	0.10956970621747
TetR	366	0.0191394946106296	0.0905834392407706
AraC/XylS	367	0.24675	0.0705333013327251
Fur	367	0.2247101754385964	0.111713810728589
GntR	367	0.0	0.0691116474953582
LysR	367	0.0561281485743511	0.0851218111905919
MarR	367	0.0	0.0871102113226212
NtrC/XylR	367	0.2858247483718176	0.1013719165620315
TetR	367	0.0168040653826975	0.0963014841146822
AraC/XylS	368	0.0	0.0911365258616332
Fur	368	0.0	0.0636673585971927
IclR	368	0.3230240549828178	0.0678604531041601
LacI/GalR	368	0.124960606060606	0.130850802804754
LysR	368	0.1100966093476849	0.1078571611286635
MarR	368	0.0	0.0825923903490423
NtrC/XylR	368	0.6787536111180204	0.0968523979785937
TetR	368	0.0236673506204198	0.101808987528763
AraC/XylS	369	0.8340000000000001	0.0918465376631454
Fur	369	0.3012425225225225	0.1021855175363947
GntR	369	0.0	0.0631807099248796
LacI/GalR	369	0.0946167664670658	0.0958840435512881
LysR	369	0.1641380780072784	0.1354715277388612
MarR	369	0.1027878787878787	0.0813290710594764
NtrC/XylR	369	0.481411715324648	0.1152797640210676
TetR	369	0.0419630550176243	0.094459870220641
Fur	370	0.130731543624161	0.0869006354269512
IclR	370	0.0	0.0659146518450406
LacI/GalR	370	0.0	0.1637848496523715
LysR	370	0.0891238133808337	0.089097722663701
MarR	370	0.0786666666666666	0.1076026504532673
NtrC/XylR	370	0.4272045209594123	0.0840954255356319
TetR	370	0.0343538290671172	0.1017172205739305
Fur	371	0.5232657315329701	0.0771540948395168
GntR	371	0.1943039836614805	0.1445067884541113
IclR	371	0.0	0.1052847585409127
LacI/GalR	371	0.175059829059829	0.1446860064597482
LysR	371	0.241277245793606	0.0945838051208856
MarR	371	0.0	0.0642933427558108
NtrC/XylR	371	0.4524347399859809	0.0996475314839323
TetR	371	0.0071057944862155	0.0851315224764374
AraC/XylS	372	0.5264752475247525	0.1211616384506082
Fur	372	0.150218764817449	0.12183578832515
GntR	372	0.0	0.106429386936605
IclR	372	0.0	0.0927571098092769
LacI/GalR	372	0.0	0.1180019314679798
LysR	372	0.1173054207365164	0.0881164799569258
MarR	372	0.0	0.0652605799429794
NtrC/XylR	372	0.5800816195438802	0.0846028511508174
TetR	372	0.0173295750205853	0.1000529707221606
AraC/XylS	373	0.4246417445482865	0.1133820205836294
Fur	373	0.2857907862502632	0.0930638583982237
IclR	373	0.0	0.0875000266614254
LacI/GalR	373	0.0767113702623906	0.0621036262320029
LysR	373	0.1339140962580864	0.1290911869939279
MarR	373	0.0	0.090140007012629
NtrC/XylR	373	0.5550753353313348	0.1280327499622004
TetR	373	0.0192263265650586	0.0910206124970895
AraC/XylS	374	0.2769999999999999	0.0723270448159206
Fur	374	0.2178817022667829	0.0291005291005291
GntR	374	0.0558072289156626	0.120612931006994
IclR	374	0.0	0.0693934020817388
LacI/GalR	374	0.0595941690962099	0.0965618289891003
LysR	374	0.113697077241692	0.0793091401288908
MarR	374	0.0	0.0777994912576577
NtrC/XylR	374	0.4916375079487128	0.095321667687187
TetR	374	0.0056027568747857	0.1002365028198412
AraC/XylS	375	0.0	0.079772497633463
Fur	375	0.0982801103752759	0.0726291491255371
IclR	375	0.0	0.0872515591563606
LysR	375	0.0465535711030057	0.0959517032198367
MarR	375	0.0	0.0980782165527911
NtrC/XylR	375	0.3559062185063797	0.1067717155244377
TetR	375	0.0420606607306508	0.1165144203031233
AraC/XylS	376	0.0	0.1003386584630597
Fur	376	0.5811786472330014	0.0959991233502512
GntR	376	0.0	0.1768159912025114
LacI/GalR	376	0.3069795918367347	0.0790415953344821
LysR	376	0.2510933814889268	0.1328712312350666
MarR	376	0.0239954285714285	0.0957678416729654
NtrC/XylR	376	0.4740348114624022	0.1117980200064604
TetR	376	0.0090863450160731	0.1037278346277679
AraC/XylS	377	0.2085	0.0868043547514765
Fur	377	0.1369103016924208	0.0972317534933131
GntR	377	0.1867901234567901	0.0853586989495491
LacI/GalR	377	0.0	0.1298864045901389
LysR	377	0.0615045876248132	0.1445771230522
MarR	377	0.0933	0.0793160969609677
NtrC/XylR	377	0.5241389560473623	0.0793742227113
TetR	377	0.0122901624618568	0.0875051282128196
AraC/XylS	378	0.0	0.1766071572601674
Fur	378	0.0	0.0924026723092337
GntR	378	0.0	0.060512708291391
LysR	378	0.1689689248707377	0.1044835286314606
MarR	378	0.0	0.1025093594013934
NtrC/XylR	378	0.4805134836609729	0.0754481896044783
TetR	378	0.0101716776024705	0.1067763565131749
AraC/XylS	379	0.0398530351437699	0.140264889518942
Fur	379	0.0770020927062031	0.1151457329941883
GntR	379	0.0748267716535433	0.1107734632264411
IclR	379	0.0	0.1179225635006792
LysR	379	0.1087320584139851	0.1137942046976596
NtrC/XylR	379	0.651581091726247	0.0704353672559929
TetR	379	0.0255754222121	0.0790977018811807
AraC/XylS	380	0.0	0.1015576050562151
Fur	380	0.3548795227442207	0.0533973816396462
GntR	380	0.0775662650602409	0.0920731938740323
IclR	380	0.3133423076923077	0.1228056524420166
LacI/GalR	380	0.0	0.0644135882851813
LysR	380	0.1402546025699109	0.0858436710486271
MarR	380	0.0	0.1023576504138192
NtrC/XylR	380	0.0	0.0970702955692326
TetR	380	0.0156180984517838	0.1219631975178084
AraC/XylS	381	0.0	0.1113828929575281
Fur	381	0.4145359247004467	0.0903049848702022
GntR	381	0.0	0.0761695468732678
IclR	381	0.0	0.0724656774954927
LacI/GalR	381	0.0	0.1712035663319625
LysR	381	0.227587132784279	0.1112595594306715
MarR	381	0.0	0.1133504711555824
NtrC/XylR	381	0.6787541199094976	0.0956779385000702
TetR	381	0.0032103861285801	0.0823560065944203
Fur	382	0.2875889473684211	0.0817667516795918
GntR	382	0.1063972868217054	0.1214584261070618
IclR	382	0.0	0.1969191784265187
LysR	382	0.2231818737003725	0.0877180910630683
MarR	382	0.1352762430939226	0.0949437179726734
NtrC/XylR	382	0.2925135629927394	0.1483679658048345
TetR	382	0.0329459802224675	0.0891249141867977
AraC/XylS	383	0.4246417445482865	0.0836159074973774
Fur	383	0.13301	0.1310539900436517
IclR	383	0.0531755725190839	0.1007675655013096
LacI/GalR	383	0.1693247953062743	0.0857370518507788
LysR	383	0.0964941754508689	0.1142594350845983
MarR	383	0.0	0.1046721382480224
NtrC/XylR	383	0.7128347978910369	0.0991021302530825
TetR	383	0.032471349842385	0.0985007368058866
AraC/XylS	384	0.1101105919003115	0.1136168124364165
Fur	384	0.0986051380061336	0.1089888908516359
GntR	384	0.0634574314574314	0.1316159079011047
IclR	384	0.0	0.0988681118331479
LacI/GalR	384	0.1147915407854985	0.1040799507856629
LysR	384	0.0570171504046464	0.0837833537194507
MarR	384	0.0	0.0702016394864022
NtrC/XylR	384	0.5800816195438802	0.1297236483925591
TetR	384	0.0086892092656985	0.0876197081240793
AraC/XylS	385	0.0	0.2156088823605759
Fur	385	0.308072072072072	0.1411170528817587
GntR	385	0.115161896657261	0.1156292059677054
IclR	385	0.0	0.0950789595060859
LysR	385	0.1284046314937554	0.0978282262470086
MarR	385	0.0	0.1071508515591081
NtrC/XylR	385	0.7851545215032449	0.1253504899641112
TetR	385	0.0150256556784336	0.0979574781449409
AraC/XylS	386	0.0	0.1863029431673304
Fur	386	0.275434559890184	0.0800645565183608
GntR	386	0.0	0.1317426734110335
IclR	386	0.2088948717948718	0.0587187878419629
LysR	386	0.147596337214877	0.1052443029309374
MarR	386	0.0299942857142857	0.1115248266111277
NtrC/XylR	386	0.3862807017543859	0.0851593391746071
TetR	386	0.0106525462634365	0.0915065925438594
AraC/XylS	387	0.713721183800623	0.0790938958865355
Fur	387	0.5913274193548387	0.103774458231965
IclR	387	0.2471868852459016	0.0818685329061907
LysR	387	0.0208681672025723	0.1326353135723882
MarR	387	0.0676381215469613	0.0768694360537732
NtrC/XylR	387	0.6028581461248899	0.0770482644703038
TetR	387	0.0133669855862161	0.0844606350375569
AraC/XylS	388	0.329	0.0847460111135036
Fur	388	0.4769348263826741	0.0923620270508852
IclR	388	0.0	0.1015131973490112
LacI/GalR	388	0.2386979472140762	0.0927975097669164
LysR	388	0.1038155246001188	0.0963901279554499
NtrC/XylR	388	0.6965221312346976	0.0976085301585974
TetR	388	0.0208297468492973	0.1143978724800552
AraC/XylS	389	0.0	0.0689357174534895
Fur	389	0.3372138938938939	0.0939668416040367
GntR	389	0.1613824289405684	0.0787626949222362
LacI/GalR	389	0.2607130434782609	0.1372426329532272
LysR	389	0.0890606501725575	0.1005578394570466
MarR	389	0.0	0.0969845910750743
NtrC/XylR	389	0.4287371225577265	0.1110925161459043
TetR	389	0.0486945850256169	0.0889667717958181
AraC/XylS	390	0.0	0.0783805217554753
Fur	390	0.1634208155340771	0.1509477066163112
IclR	390	0.0	0.2133188023371799
LacI/GalR	390	0.2237751242383268	0.1044794392495176
LysR	390	0.1553943352695907	0.1292780155786905
MarR	390	0.0	0.0811291230011938
NtrC/XylR	390	0.2196423550087873	0.1521008011207828
TetR	390	0.0097114819092346	0.0799931715642775
AraC/XylS	391	0.417	0.142950155809282
Fur	391	0.3343853785620356	0.0796197744955509
GntR	391	0.0	0.1517265003153676
IclR	391	0.2189484536082474	0.1375605803699032
LacI/GalR	391	0.1892335329341317	0.2171458464199853
LysR	391	0.1789645944026915	0.1044064641894767
MarR	391	0.0	0.0844060357187973
NtrC/XylR	391	0.5792076575738767	0.0859223419227292
TetR	391	0.0233464579815455	0.0833177002552589
AraC/XylS	392	0.0	0.0976200446595697
Fur	392	0.6602025344401272	0.1234503694174683
IclR	392	0.0	0.1097203829089392
LacI/GalR	392	0.0	0.1017354510698316
LysR	392	0.0184616758031822	0.1300474673751477
MarR	392	0.0	0.1429130862327476
NtrC/XylR	392	0.7851545215032449	0.0878477424313715
TetR	392	0.0452102689155951	0.0962815436471497
AraC/XylS	393	0.0	0.1081301556522998
Fur	393	0.3731510947789647	0.1218020669806384
GntR	393	0.0168181536555142	0.1368905073086828
IclR	393	0.0	0.1480382396153495
LacI/GalR	393	0.0	0.1476871195941864
LysR	393	0.1759170629738877	0.0814231425830132
NtrC/XylR	393	0.4613319450867943	0.1443065273901764
TetR	393	0.0192531582925387	0.0889999584507666
AraC/XylS	394	0.0604914933837429	0.1137992306683018
Fur	394	0.091287185354691	0.081017374265074
GntR	394	0.1485622489959839	0.1047179565651165
IclR	394	0.1483032490974729	0.0896944208171397
LacI/GalR	394	0.2519520958083832	0.1523741446277376
LysR	394	0.2152015843506449	0.1028497510960951
MarR	394	0.0	0.09773954534685
NtrC/XylR	394	0.5281397892319141	0.1087309550764138
TetR	394	0.0047619047619047	0.0917159712454159
AraC/XylS	395	0.4155	0.0922122892533893
Fur	395	0.1147195945945946	0.0773528422348298
GntR	395	0.0	0.0952583938884889
LacI/GalR	395	0.0208208333333333	0.072917125909482
LysR	395	0.1715841516675395	0.1156355799839653
MarR	395	0.0	0.1149245213476701
NtrC/XylR	395	0.4794746587373912	0.1170668653533611
TetR	395	0.0228304156306785	0.0842887017590045
AraC/XylS	396	0.2946666666666667	0.1026601168271168
Fur	396	0.3464552677668955	0.1202984512686569
GntR	396	0.0	0.1121664258222934
LacI/GalR	396	0.0	0.0714062104320016
LysR	396	0.1122338028546359	0.0811457950439047
MarR	396	0.0	0.1030810031381247
NtrC/XylR	396	0.0737985074626865	0.0845852096102034
TetR	396	0.0083439316091155	0.1113087411523623
AraC/XylS	397	0.0	0.0754072930999238
Fur	397	0.1298477252252252	0.1002254450530312
LacI/GalR	397	0.0	0.077195412886243
LysR	397	0.1176220030819442	0.1106158914963866
MarR	397	0.0	0.0772102802431425
NtrC/XylR	397	0.5226497423106818	0.0986283960626861
TetR	397	0.0211277076268194	0.0916106394663199
AraC/XylS	398	0.0	0.0694858334734315
Fur	398	0.2758058783783784	0.0769886363636363
GntR	398	0.0	0.0944591042779122
LysR	398	0.1531794212106883	0.12906724657163
NtrC/XylR	398	0.3985195849103951	0.0774919822253807
TetR	398	0.036800801356718	0.1008421809122402
Fur	399	0.1400156210831849	0.0423267095956381
GntR	399	0.1052156133828996	0.0864968584375046
IclR	399	0.0	0.10915945948436
LacI/GalR	399	0.0	0.1205317037669573
LysR	399	0.1695903119147559	0.0820843828525878
MarR	399	0.049063973063973	0.1268195197154066
NtrC/XylR	399	0.5059183012140502	0.1101038263726965
TetR	399	0.0292459901036412	0.0974597153111079
AraC/XylS	400	0.0	0.1033804399822142
Fur	400	0.0	0.188759160039145
GntR	400	0.0775662650602409	0.101267204613546
IclR	400	0.0	0.0553077886662536
LacI/GalR	400	0.2575222222222222	0.1617132882350311
LysR	400	0.1646791113816189	0.0963936636506382
MarR	400	0.0	0.0712790982798527
NtrC/XylR	400	0.6872742894048824	0.1069788256568069
TetR	400	0.0161293446753758	0.091347691678839
AraC/XylS	401	0.417	0.1188227169721308
Fur	401	0.3912626187292883	0.0993060263350118
GntR	401	0.0	0.0842576252094056
IclR	401	0.0	0.0920640168501813
LacI/GalR	401	0.0	0.0776030042147422
LysR	401	0.0749740431131387	0.0949089007110877
MarR	401	0.0	0.0790456465230068
NtrC/XylR	401	0.0696865671641791	0.0963752810704579
TetR	401	0.0092568074790355	0.0902105197136322
AraC/XylS	402	0.0197397959183673	0.0986438917718561
Fur	402	0.1965602207505519	0.080880574452003
GntR	402	0.2191782945736434	0.1154251592944867
IclR	402	0.2504393442622951	0.1382737298058522
LysR	402	0.0692125770135425	0.0996619652907745
MarR	402	0.0	0.0813493804670465
NtrC/XylR	402	0.5386475723897857	0.1678682121437459
TetR	402	0.0086804141343492	0.1052678496579014
AraC/XylS	403	0.0	0.0952030122801003
Fur	403	0.3544225791015426	0.0376723240722188
GntR	403	0.0	0.0814779757244472
IclR	403	0.0585670103092783	0.152679033544355
LysR	403	0.1240724881627896	0.096484978522441
MarR	403	0.0	0.1220894316197044
NtrC/XylR	403	0.5187860730637285	0.0882032571424893
TetR	403	0.0314289141037546	0.1106795574958669
AraC/XylS	404	0.0	0.0732047739086464
Fur	404	0.234554054054054	0.1407533132545626
IclR	404	0.1857487468508947	0.0828917998203979
LacI/GalR	404	0.0	0.0984244461471528
LysR	404	0.1515348959976872	0.0751920548860845
MarR	404	0.0	0.0796110856734342
NtrC/XylR	404	0.4172246510051519	0.1018505682723772
TetR	404	0.0021203586610938	0.0965603661868838
AraC/XylS	405	0.329	0.1184448980361483
Fur	405	0.3522036336336336	0.0882156782659656
GntR	405	0.0	0.078600760873193
LacI/GalR	405	0.1616996508060278	0.2012594956803616
LysR	405	0.1373988240491989	0.100635636141977
MarR	405	0.0	0.0835398057169763
NtrC/XylR	405	0.4323380944157177	0.1313357948989387
TetR	405	0.0370152886371736	0.0910458925243564
AraC/XylS	406	0.0	0.0804552688026225
Fur	406	0.089097396260388	0.0910332984623284
GntR	406	0.0535037174721189	0.0958852474378714
IclR	406	0.2170535625974816	0.0730427289286501
LacI/GalR	406	0.1269529411764706	0.0986875699919685
LysR	406	0.1311822479221689	0.0991360758897014
MarR	406	0.0	0.1232117425765129
NtrC/XylR	406	0.2834641643849508	0.0815412658325254
TetR	406	0.0199405174856725	0.0959470035965416
Fur	407	0.2187882166376903	0.1008148148148148
IclR	407	0.2480842911877394	0.1156419945992702
LacI/GalR	407	0.2265025222282707	0.1091897964198323
LysR	407	0.0759017466833704	0.1169927829725375
MarR	407	0.0	0.0938155327554608
NtrC/XylR	407	0.7280294562528202	0.0887864175952122
TetR	407	0.0072313165160754	0.1043464557310605
AraC/XylS	408	0.6278208722741433	0.1124313106994861
Fur	408	0.3213684210526316	0.0918844035351546
LacI/GalR	408	0.0	0.072154444875599
LysR	408	0.2031253549491931	0.0937038601853273
MarR	408	0.0	0.113707505936927
NtrC/XylR	408	0.4569134468705114	0.104563362791939
TetR	408	0.014265086051387	0.0937139398731589
AraC/XylS	409	0.0	0.124097070486396
Fur	409	0.330951724137931	0.0783196871266174
GntR	409	0.0	0.0781029867765303
LacI/GalR	409	0.0	0.1283308957046852
LysR	409	0.1032711150061289	0.1064061629391799
MarR	409	0.0	0.0732552251692448
NtrC/XylR	409	0.5420363373596968	0.0844340336881594
TetR	409	0.0225206379615235	0.0856033677011209
AraC/XylS	410	0.0	0.101248145038103
Fur	410	0.3344618503565122	0.1316720141276923
GntR	410	0.0	0.1192299939617412
LacI/GalR	410	0.2595920310981535	0.0699628952814666
LysR	410	0.2527260288707514	0.0891990605792072
MarR	410	0.0	0.0901857295127814
NtrC/XylR	410	0.7366127256797577	0.1024745330575991
TetR	410	0.0119196016343385	0.0850546699887476
AraC/XylS	411	0.4705472481827621	0.1179097892118342
Fur	411	0.0937091722595078	0.0796995791513508
GntR	411	0.0427348066298342	0.1194106060216887
LacI/GalR	411	0.2163323699421965	0.1117052316122131
LysR	411	0.1298410048722896	0.1144872081605467
NtrC/XylR	411	0.5474235997689828	0.1613556706127282
TetR	411	0.0247002691285017	0.0937228851856659
AraC/XylS	412	0.0	0.0712682116672611
Fur	412	0.2312818791946309	0.102082069346795
GntR	412	0.0	0.0731512949125336
LacI/GalR	412	0.0	0.1477454507991922
LysR	412	0.1043774537831141	0.0921704761015008
MarR	412	0.0	0.0798403653428457
NtrC/XylR	412	0.4703971062404354	0.1005300732425996
TetR	412	0.0092899224806201	0.0971470199946847
AraC/XylS	413	0.0	0.0799680789265796
Fur	413	0.3881641331960436	0.0905385111858131
LacI/GalR	413	0.0	0.071961876850954
LysR	413	0.1560770971104732	0.1501891098981599
MarR	413	0.0637742296381536	0.1496046481587774
NtrC/XylR	413	0.6068174274571839	0.0861511390299651
TetR	413	0.0274758288984285	0.0899854289339987
AraC/XylS	414	0.3481742574257426	0.0776717082507504
Fur	414	0.2687506390593047	0.0617641648852903
GntR	414	0.0460645161290322	0.0903116488269798
LacI/GalR	414	0.235250755287009	0.1355080973883108
LysR	414	0.0764883409044508	0.1728032288742373
MarR	414	0.0	0.1409271710711071
NtrC/XylR	414	0.2529876702836088	0.0916502945714662
TetR	414	0.0131162233215821	0.1012379332393592
AraC/XylS	415	0.20775	0.1192296619471846
Fur	415	0.0	0.0890243431769924
GntR	415	0.1160522722861707	0.1815326091954557
IclR	415	0.0	0.0996049238523651
LysR	415	0.1168809418892395	0.1349661439318698
MarR	415	0.0	0.1160252771154214
NtrC/XylR	415	0.7603906534684785	0.0825932610763491
TetR	415	0.0235691576773408	0.0916724702511697
AraC/XylS	416	0.0	0.0891743268975883
Fur	416	0.2794634281733086	0.1074650162283026
LysR	416	0.1669259039854523	0.0822506138642643
MarR	416	0.0	0.076518874700935
NtrC/XylR	416	0.2663680518723212	0.0810147009547332
TetR	416	0.0350276480227737	0.1051417718019945
Fur	417	0.3213266828405586	0.100660085215776
GntR	417	0.0	0.1056156153071337
LacI/GalR	417	0.0	0.0883237535720563
LysR	417	0.1336266084989124	0.1020356989581748
MarR	417	0.1027878787878787	0.0902146354319916
NtrC/XylR	417	0.5615679690549249	0.0879789622333146
TetR	417	0.0297353440212523	0.0898322551922172
Fur	418	0.3748378378378378	0.0662910732711349
GntR	418	0.0	0.0974314648652148
IclR	418	0.0	0.0739933472284642
LacI/GalR	418	0.0	0.1195990824025068
LysR	418	0.0596193205056829	0.1264612810918441
MarR	418	0.0584269005847953	0.0890464906146185
NtrC/XylR	418	0.4581828596032549	0.0999775191046913
TetR	418	0.0158165541909073	0.0981881380258002
AraC/XylS	419	0.1645	0.0816795333372993
Fur	419	0.0	0.1259357183270227
GntR	419	0.0495207496653279	0.1200197248056161
IclR	419	0.2631809148088875	0.1265676921886473
LysR	419	0.0599927310035107	0.190768041080185
MarR	419	0.0	0.1353045868459212
NtrC/XylR	419	0.69867028317622	0.1295120006019223
TetR	419	0.0040113538588728	0.0905678593169559
AraC/XylS	420	0.4620911214953271	0.1018004006205296
Fur	420	0.1532985106410065	0.0949821257086168
GntR	420	0.1867901234567901	0.1050522478613894
LacI/GalR	420	0.1807201136820719	0.0780008069285985
LysR	420	0.0421203952392539	0.102755744399466
MarR	420	0.0	0.1009034019075534
NtrC/XylR	420	0.6862883491588367	0.1277394667637615
TetR	420	0.0062787831286179	0.0909644279094525
AraC/XylS	421	0.0	0.1276897040568465
Fur	421	0.5799119480739017	0.0673505892255892
GntR	421	0.0	0.0887870170859946
IclR	421	0.0	0.084892883938338
LacI/GalR	421	0.0	0.0783767751647357
LysR	421	0.0614344661549119	0.1424591284796382
NtrC/XylR	421	0.6922723851693607	0.109979287002618
TetR	421	0.0100165692564666	0.0896585710187692
AraC/XylS	422	0.0	0.107691214811645
Fur	422	0.2782075675675676	0.0967831304577552
GntR	422	0.0	0.0887362411556901
IclR	422	0.0	0.0727284799885349
LacI/GalR	422	0.0483277945619335	0.1248417245545201
LysR	422	0.0629681051652591	0.0910564183240904
MarR	422	0.0	0.0996449066246557
NtrC/XylR	422	0.5114706554918582	0.1211127669456139
TetR	422	0.0352015361408979	0.100501276413096
AraC/XylS	423	0.5485908595191017	0.0749634333830655
Fur	423	0.3696129604369469	0.062877904062168
GntR	423	0.0	0.0802678073390064
LacI/GalR	423	0.1597191091465488	0.1085393535632184
LysR	423	0.1489437967878045	0.1263358602367539
MarR	423	0.0	0.0776000491780677
NtrC/XylR	423	0.5454749805576263	0.1021753611259966
TetR	423	0.0377270212242017	0.0841031201730091
AraC/XylS	424	0.987	0.0945184765439384
Fur	424	0.2345803723671478	0.123538961038961
GntR	424	0.0371405622489959	0.1124316234034517
LacI/GalR	424	0.0839840319361277	0.1152190309303211
LysR	424	0.2160211595170826	0.1104679555140677
MarR	424	0.0	0.0902509374416586
NtrC/XylR	424	0.4204150142522682	0.0762923016244757
TetR	424	0.0014863875968992	0.1033934130798417
Fur	425	0.2126643434193103	0.0666075003227711
GntR	425	0.0	0.0732978428784303
LacI/GalR	425	0.0	0.0777001677280705
LysR	425	0.1462435354584894	0.0834930673436373
MarR	425	0.0	0.120238220427456
NtrC/XylR	425	0.5645233942833914	0.0689963567157559
TetR	425	0.021314086672215	0.1072250008224855
Fur	426	0.7765011711711712	0.0358696554299863
GntR	426	0.0260417536534446	0.1157870390011018
IclR	426	0.067910071942446	0.0921198816997969
LacI/GalR	426	0.2489382352941176	0.0917769896366885
LysR	426	0.1813863797797456	0.070138608329655
MarR	426	0.0	0.0914260174217828
NtrC/XylR	426	0.5376083741028118	0.0862837018582675
TetR	426	0.0162028561870639	0.091785405233552
AraC/XylS	427	0.4155	0.1208636239341771
Fur	427	0.3559502723413068	0.1006000777988028
IclR	427	0.0	0.0705736602313591
LysR	427	0.193255708875596	0.0957403435192432
MarR	427	0.0	0.0941286258079137
NtrC/XylR	427	0.5132547290583509	0.086628137168866
TetR	427	0.00549387446329	0.0903141000087442
AraC/XylS	428	0.139	0.1072434773823188
Fur	428	0.303950185498705	0.1816300847203117
GntR	428	0.0	0.0903135898314009
IclR	428	0.0	0.0674444784163301
LacI/GalR	428	0.0	0.0909264685141367
LysR	428	0.2148910915881178	0.0974982675843455
MarR	428	0.0	0.0849506390683594
NtrC/XylR	428	0.5307334057341581	0.0870599803318778
TetR	428	0.0133422251201819	0.0992103867020975
AraC/XylS	429	0.0	0.0927093328358851
Fur	429	0.4205330271988696	0.1026479448462036
GntR	429	0.0	0.131051839926531
IclR	429	0.0	0.0500263998567007
LacI/GalR	429	0.0498119658119658	0.0643018484868299
LysR	429	0.2230079772047727	0.1103913461592656
MarR	429	0.1716666666666666	0.1336028088342121
NtrC/XylR	429	0.4829789483632383	0.0992515599485164
TetR	429	0.0294257758218092	0.0752286567944702
AraC/XylS	430	0.480668743509865	0.0985028728838827
Fur	430	0.2941733981464401	0.0915686991377869
GntR	430	0.0	0.1449766471490083
LacI/GalR	430	0.115067055393586	0.1348854093328501
LysR	430	0.0819448355118921	0.0849014052115888
MarR	430	0.0	0.079863642086885
NtrC/XylR	430	0.4324950650206053	0.1228214951556823
TetR	430	0.0106975484202128	0.0978503813237875
AraC/XylS	431	0.8340000000000001	0.1066611322898392
Fur	431	0.3623014309446664	0.1293810941680616
GntR	431	0.0	0.1561779560644112
LacI/GalR	431	0.0	0.0755762828368296
LysR	431	0.0418261868115221	0.1060836227207415
MarR	431	0.0	0.0857527916315231
NtrC/XylR	431	0.7595940130170905	0.1060861081945845
TetR	431	0.0106716650453571	0.0833457777346855
AraC/XylS	432	0.0354375	0.1309088235727719
Fur	432	0.3321665835298386	0.0789838669054897
LacI/GalR	432	0.0	0.0949758504318057
LysR	432	0.1945579694613463	0.0827067172161845
MarR	432	0.0	0.0961434581141151
NtrC/XylR	432	0.7013646816796085	0.1542535598779532
TetR	432	0.0039053730694578	0.0832676788172597
AraC/XylS	433	0.0	0.0893242568035811
Fur	433	0.2846009839469891	0.0851679843942187
GntR	433	0.0	0.0977783727379237
IclR	433	0.0	0.095412544498304
LacI/GalR	433	0.1008194444444444	0.1060737640053377
LysR	433	0.0355965855892445	0.1530043869571354
MarR	433	0.0484444444444444	0.0786463601154202
NtrC/XylR	433	0.695292561586164	0.086248619853206
TetR	433	0.018547904251641	0.096817016513059
Fur	434	0.0822333333333333	0.145621078831018
GntR	434	0.0	0.0762523186574321
LacI/GalR	434	0.0	0.0743833741275098
LysR	434	0.1649639514277518	0.1402414343612648
MarR	434	0.0	0.0950145316276572
NtrC/XylR	434	0.4723548860372368	0.1327395778351418
TetR	434	0.0140860306190462	0.092173243662361
AraC/XylS	435	0.2085	0.0807405312484001
Fur	435	0.4997432432432432	0.0790837528394885
GntR	435	0.1574588235294117	0.0995175028713294
LacI/GalR	435	0.2598475073313783	0.1442360663173518
LysR	435	0.1103864597608157	0.0923351466672482
MarR	435	0.0	0.1366762637059434
NtrC/XylR	435	0.7128347978910369	0.1107955381931171
TetR	435	0.0448450237622883	0.0828529100887811
AraC/XylS	436	0.417	0.1280190283480518
Fur	436	0.1087214912280701	0.0918007456401817
GntR	436	0.0	0.0911563677028759
IclR	436	0.2535289575289575	0.0425011952594951
LacI/GalR	436	0.1057832847424684	0.0448582965826386
LysR	436	0.2901607080359441	0.0770215635624196
MarR	436	0.0	0.1187586004561643
NtrC/XylR	436	0.7229742160594311	0.0882733836154573
TetR	436	0.0208679757192286	0.1091776147139139
AraC/XylS	437	0.5071822429906542	0.1119804997226102
Fur	437	0.4184391891891891	0.0957614103341879
GntR	437	0.0	0.1159863921136239
IclR	437	0.0	0.0738376981915802
LysR	437	0.2638698511533293	0.1382685916991373
MarR	437	0.1040383291562239	0.0955348641554895
NtrC/XylR	437	0.4507029252613078	0.1068687075241109
TetR	437	0.0075166912134339	0.0918837624790709
AraC/XylS	438	0.0	0.0758344992017346
Fur	438	0.2824455187946567	0.1287121969008136
GntR	438	0.2617991803278688	0.1945342083792014
IclR	438	0.0	0.0884874217052758
LacI/GalR	438	0.079565982404692	0.0498620298509339
LysR	438	0.103456843163676	0.1063685711369094
MarR	438	0.1372	0.0743709740632754
NtrC/XylR	438	0.448048053227549	0.0936466348614479
TetR	438	0.0109503009846871	0.1051336753986799
AraC/XylS	439	0.0	0.1480252847661857
Fur	439	0.3163182477779793	0.0842207728691753
IclR	439	0.0364914089347079	0.0984079553809954
LacI/GalR	439	0.0	0.0846387367099735
LysR	439	0.1585860367813435	0.0927577269774965
MarR	439	0.0675	0.0948424040581069
NtrC/XylR	439	0.502212861180619	0.1171767077662222
TetR	439	0.0101893841515934	0.0927337140110194
AraC/XylS	440	0.0	0.0743197725895852
Fur	440	0.2128	0.0790244990797765
GntR	440	0.0	0.0870301749737579
LacI/GalR	440	0.0	0.124959602672602
LysR	440	0.1054533873124504	0.1487972746921481
MarR	440	0.0	0.0968851425534784
NtrC/XylR	440	0.52343634766883	0.0939053223559277
TetR	440	0.0091233570830931	0.0913807169988613
Fur	441	0.3634992915450661	0.0657736704624846
IclR	441	0.0	0.1173738636914497
LacI/GalR	441	0.1819120234604105	0.1596886678538935
LysR	441	0.1491756063423303	0.0906938703022654
MarR	441	0.0	0.0960749109951098
NtrC/XylR	441	0.4524837476293142	0.0913382727472326
TetR	441	0.0048444081924225	0.0846063171013393
AraC/XylS	442	0.0	0.128816714909449
Fur	442	0.1816946682623378	0.0800002433507971
LacI/GalR	442	0.0	0.0728350249726379
LysR	442	0.1153949623220143	0.1044056767427591
MarR	442	0.0	0.0969458636738043
NtrC/XylR	442	0.5186285909148812	0.1120914540043902
TetR	442	0.0167759643008281	0.0856405573286857
AraC/XylS	443	0.0387448015122873	0.1354776122988284
Fur	443	0.424150431625544	0.0482458880231088
GntR	443	0.0	0.0778592192068766
LacI/GalR	443	0.0	0.061915345747155
LysR	443	0.1917382823257318	0.089250727306817
MarR	443	0.0228417508417508	0.0908931699568711
NtrC/XylR	443	0.5914967873925933	0.1091672463762573
TetR	443	0.0292304380356467	0.1008005383127223
AraC/XylS	444	0.2769999999999999	0.1260608007007239
Fur	444	0.1357468468468468	0.1132239419940031
GntR	444	0.072755905511811	0.0975722713195827
IclR	444	0.0	0.0802155117294058
LacI/GalR	444	0.3293333333333333	0.1126783196283345
LysR	444	0.0373326786382341	0.0949712632741756
MarR	444	0.0	0.0974948155863182
NtrC/XylR	444	0.5427448121553357	0.0822416211366783
TetR	444	0.0128447726980409	0.0799763430827907
AraC/XylS	445	0.0	0.071856126116289
Fur	445	0.2237480144618302	0.0630370293657369
GntR	445	0.0	0.1086905862870321
LysR	445	0.1991729482493845	0.101846606826467
MarR	445	0.0	0.1053172423399346
NtrC/XylR	445	0.1950090419951596	0.0906179042144306
TetR	445	0.0145463679923432	0.0998961654941462
AraC/XylS	446	0.0813342612845496	0.1224506864771961
Fur	446	0.1722540740740741	0.1007678882826387
GntR	446	0.0	0.0952419587685817
IclR	446	0.1240421455938697	0.0911256756929647
LacI/GalR	446	0.1220116618075801	0.0766148956143098
LysR	446	0.1620024067362637	0.1201646095788975
MarR	446	0.0	0.0875453294506602
NtrC/XylR	446	0.589466191292118	0.1130546993442092
TetR	446	0.038901895117145	0.0808896895838005
Fur	447	0.2618181989936957	0.1592556625379046
GntR	447	0.0	0.1263980098237214
IclR	447	0.0	0.1040635895931324
LacI/GalR	447	0.1008292682926829	0.0792814354720165
LysR	447	0.1130289431114052	0.1301172283080555
MarR	447	0.0	0.0800219744399255
NtrC/XylR	447	0.4265902087214814	0.1752587423055961
TetR	447	0.0047671323010368	0.0804654877219886
Fur	448	0.0779776482617587	0.1098941340718712
GntR	448	0.1293533962690589	0.0643745833425803
LacI/GalR	448	0.0	0.0933228751719193
LysR	448	0.0774926354601473	0.1203328920384112
MarR	448	0.0	0.0660653762523359
NtrC/XylR	448	0.5891525417416094	0.1087015260480797
TetR	448	0.0173269780209105	0.0893302200140312
AraC/XylS	449	0.0	0.1538206120079834
Fur	449	0.2486346448371281	0.1146213895926624
GntR	449	0.0	0.1103446399998062
LysR	449	0.0557615783531862	0.1115502173556118
MarR	449	0.0114214285714285	0.1500812387274898
NtrC/XylR	449	0.52343634766883	0.0928718363926215
TetR	449	0.0252404682886329	0.0982660172675729
AraC/XylS	450	0.442	0.103090643130736
Fur	450	0.4877676838128451	0.1417338778945922
GntR	450	0.0	0.1136892717795185
IclR	450	0.0884331511839708	0.0900053462067216
LysR	450	0.0637341213974286	0.1165724961904152
MarR	450	0.1966151515151515	0.0932517150490904
NtrC/XylR	450	0.4865114287715477	0.0753279295589905
TetR	450	0.0184312518319549	0.0936968267253372
AraC/XylS	451	0.0	0.0849748617044776
Fur	451	0.2151448577609867	0.1218235028901209
GntR	451	0.0	0.1958816668547147
LacI/GalR	451	0.0	0.0898873998893362
LysR	451	0.1394223535707159	0.0731626040491874
MarR	451	0.0352109876162052	0.1249710779813131
NtrC/XylR	451	0.3564173989455184	0.0959824560801175
TetR	451	0.0232431150973786	0.1140376042339604
AraC/XylS	452	0.417	0.1090546325925231
Fur	452	0.2687971546421487	0.109786923707864
GntR	452	0.0	0.0852334909692012
IclR	452	0.2693058419243986	0.0726326435541697
LacI/GalR	452	0.1141362318840579	0.0861894434459583
LysR	452	0.2270096082128459	0.1238189999483106
MarR	452	0.0	0.0968068797199371
NtrC/XylR	452	0.4761446370085935	0.0759478680084731
TetR	452	0.012614713064713	0.1086473541994648
AraC/XylS	453	0.0	0.0879526707969286
Fur	453	0.3881607851627336	0.0618689874810076
GntR	453	0.0742811244979919	0.1145366707504934
LacI/GalR	453	0.1384338235294117	0.1282787908432369
LysR	453	0.0506080435512465	0.0905623425233823
MarR	453	0.0286111111111111	0.1120001076639012
NtrC/XylR	453	0.5195612764242763	0.1060348920145975
TetR	453	0.0206645967725261	0.101250185158553
AraC/XylS	454	0.417	0.0950230710883756
Fur	454	0.5327125522157155	0.1024863382502271
GntR	454	0.1551325301204819	0.060919014689805
IclR	454	0.0639424460431654	0.0596339752894502
LacI/GalR	454	0.6227611111111111	0.1519346426446958
LysR	454	0.1620971848097611	0.0732509319803471
MarR	454	0.0	0.0696008314068833
NtrC/XylR	454	0.5242300538542269	0.1017151105488997
TetR	454	0.0200299208014888	0.0957640243420425
AraC/XylS	455	0.0	0.0542051051340294
Fur	455	0.2764419005847953	0.0572842192707122
GntR	455	0.0408811475409836	0.132272945075811
IclR	455	0.0	0.0842611204671938
LacI/GalR	455	0.1149156626506024	0.0945150934750252
LysR	455	0.1647490348198301	0.1111447908099582
MarR	455	0.0	0.111605583139281
NtrC/XylR	455	0.7851545215032449	0.0830439105601124
TetR	455	0.0255841778908782	0.0849687594896518
AraC/XylS	456	0.0	0.1225022345837179
Fur	456	0.2472240695868282	0.1951533983762544
GntR	456	0.2127945736434108	0.1676785716051182
IclR	456	0.0	0.1249915156171726
LysR	456	0.1190366953430583	0.1197174820950271
MarR	456	0.0	0.1201301219359655
NtrC/XylR	456	0.4057734340668626	0.1483027826717256
TetR	456	0.007576913430588	0.0781253380829711
AraC/XylS	457	0.1751667061203748	0.0778550120362034
Fur	457	0.2420482400899254	0.1155753832598543
GntR	457	0.1951716016435802	0.113588442406144
LacI/GalR	457	0.0	0.072006704581617
LysR	457	0.0758692639937488	0.0869926345599139
MarR	457	0.0	0.109401481952174
NtrC/XylR	457	0.5301047222192619	0.088262392474525
TetR	457	0.0203260785910091	0.0915044555575598
AraC/XylS	458	0.0436564397571109	0.0703117945675184
Fur	458	0.6126276520622693	0.0926446106392867
LacI/GalR	458	0.229583081570997	0.0792898539260879
LysR	458	0.1991192455810494	0.1062232115206606
MarR	458	0.0	0.1011053104586281
NtrC/XylR	458	0.1920346820809248	0.0914857561523629
TetR	458	0.0321468499979967	0.1051317239665557
AraC/XylS	459	0.0	0.0915264863183975
Fur	459	0.0837734767025089	0.0484535766275108
GntR	459	0.0	0.0935135745603657
IclR	459	0.0	0.1218416968418362
LacI/GalR	459	0.0	0.1204368007437794
LysR	459	0.1011681105885296	0.068961162476854
MarR	459	0.0	0.1003440989514042
NtrC/XylR	459	0.4902759540771942	0.0976352771560024
TetR	459	0.0089415131305712	0.0816598302747868
AraC/XylS	460	0.0	0.0941408871897453
Fur	460	0.3166541989999222	0.1223643330712719
GntR	460	0.0	0.068600474940634
IclR	460	0.3230240549828178	0.1193473763127082
LacI/GalR	460	0.1125730994152046	0.1093875464507153
LysR	460	0.1735831120955074	0.100016713894781
MarR	460	0.07995	0.0820056685956643
NtrC/XylR	460	0.4258694255831425	0.0675546568897192
TetR	460	0.0238939009578185	0.0815703410838876
AraC/XylS	461	0.0	0.0775043378515673
Fur	461	0.1590474729033669	0.0862080681998122
GntR	461	0.0	0.147928487211802
LacI/GalR	461	0.1674373434554703	0.0860143071261905
LysR	461	0.1470276424036321	0.1273475138858511
MarR	461	0.0342085714285714	0.0669334103135352
NtrC/XylR	461	0.5716494967436353	0.0814796349332714
TetR	461	0.015250758522964	0.1067996649169982
AraC/XylS	462	0.0	0.0822958582126598
Fur	462	0.3930977561970701	0.120017925847364
GntR	462	0.0	0.0820004333009835
LysR	462	0.0702858929767377	0.0937838699608102
MarR	462	0.0	0.1450652964795395
NtrC/XylR	462	0.4007296868583941	0.1112821843581281
TetR	462	0.0428454153126427	0.1060156315979109
AraC/XylS	463	0.1415472481827621	0.1120001125282063
Fur	463	0.1920820161883738	0.086477565607504
LacI/GalR	463	0.107560422960725	0.0661723055405947
LysR	463	0.1222255446754469	0.087643442717279
MarR	463	0.0	0.089429101308279
NtrC/XylR	463	0.2257369730295889	0.0994378964611402
TetR	463	0.0215973075476456	0.093967111828537
AraC/XylS	464	0.0916822429906542	0.097917383612484
Fur	464	0.2201081081081081	0.0825485093991465
GntR	464	0.1665984435797665	0.0669323037629001
IclR	464	0.1458247422680412	0.1454836754997477
LacI/GalR	464	0.3293333333333333	0.0727867047966737
LysR	464	0.1775554301982799	0.0791325779125933
MarR	464	0.0	0.0845922872249357
NtrC/XylR	464	0.5694760346971706	0.1611503641711209
TetR	464	0.020539169267821	0.0826638235615421
AraC/XylS	465	0.056	0.0988712174132184
Fur	465	0.2786843649623732	0.1606221775922109
GntR	465	0.0	0.1501716944210365
LacI/GalR	465	0.0996239316239316	0.0823446929177672
LysR	465	0.1246733654858795	0.0919083428612127
MarR	465	0.0467368421052631	0.1308810073359483
NtrC/XylR	465	0.6770666710137637	0.1429463073924006
TetR	465	0.0100605663830866	0.0970452630212176
AraC/XylS	466	0.4935	0.0898732530273249
Fur	466	0.5303056090515166	0.0979024249438657
GntR	466	0.0742811244979919	0.1116315644956823
LacI/GalR	466	0.2449017341040462	0.0612772256170683
LysR	466	0.1335348436942041	0.1261964758988775
MarR	466	0.0983075757575757	0.0807210409693692
NtrC/XylR	466	0.3708978542068674	0.0973136114748716
TetR	466	0.0112366590167921	0.0910365539609917
AraC/XylS	467	0.0	0.1162196339270492
Fur	467	0.5862853656742042	0.0595484607984607
GntR	467	0.0387831325301204	0.1136478922411214
IclR	467	0.0	0.0802685899510059
LysR	467	0.2200509255078058	0.1188029646964151
MarR	467	0.0350526315789473	0.1108636708230398
NtrC/XylR	467	0.481411715324648	0.0842784559572894
TetR	467	0.0221401376131848	0.0819632463857478
AraC/XylS	468	0.0	0.0978610249509271
Fur	468	0.3598630608744984	0.2131526251526251
GntR	468	0.1485622489959839	0.1493854817760883
IclR	468	0.0	0.1092881611524733
LacI/GalR	468	0.0	0.0668182577831242
LysR	468	0.0297034680238825	0.1101889695133621
MarR	468	0.0	0.1013347996988823
NtrC/XylR	468	0.5580057059813045	0.0733478429215658
TetR	468	0.0392756707211522	0.0860297967139626
AraC/XylS	469	0.0	0.1222425026672774
Fur	469	0.1897154654654654	0.0575855632263351
GntR	469	0.0	0.0690914299889889
IclR	469	0.0	0.0769347076729169
LacI/GalR	469	0.0	0.0783294762368594
LysR	469	0.1364115029090498	0.1075836108378509
MarR	469	0.0	0.0788506861270586
NtrC/XylR	469	0.3864365021404707	0.0910897810015649
TetR	469	0.0095363968982088	0.1056739707847006
AraC/XylS	470	0.3568605919003115	0.0999513680409535
Fur	470	0.2235861488304578	0.0466256115152728
GntR	470	0.0	0.0907314090766769
IclR	470	0.0	0.1086514862579648
LacI/GalR	470	0.2106774193548387	0.1057183043244141
LysR	470	0.0796587632819333	0.067899177317037
NtrC/XylR	470	0.5580057059813045	0.1000081387151453
TetR	470	0.0302826837513476	0.0888667916266981
AraC/XylS	471	0.0	0.0500059991542434
Fur	471	0.1608974379476928	0.0554396599692009
GntR	471	0.0	0.1187820454429308
IclR	471	0.0	0.0842982975130485
LacI/GalR	471	0.0	0.0647291583137401
LysR	471	0.1131863665709387	0.1046863010723706
MarR	471	0.0	0.1080957556088467
NtrC/XylR	471	0.584074672468752	0.1081131547307434
TetR	471	0.0181515200824112	0.112884663492674
AraC/XylS	472	0.0	0.0673016064373033
Fur	472	0.2908737843804069	0.0741429060549158
GntR	472	0.0577002583979328	0.1281872210522228
IclR	472	0.2199763668167776	0.066788590863838
LacI/GalR	472	0.0710204904922694	0.0969587967404341
LysR	472	0.1040294865712958	0.1298203410281651
MarR	472	0.0	0.0879169948873417
NtrC/XylR	472	0.584074672468752	0.0898310033675966
TetR	472	0.0153981085151704	0.102015551989001
AraC/XylS	473	0.8340000000000001	0.0871638542844726
Fur	473	0.1954408602150537	0.1317391834956931
GntR	473	0.0	0.0763746999654591
IclR	473	0.2723247232472324	0.0661027969857985
LysR	473	0.1651723351951581	0.0705896678333966
MarR	473	0.0	0.0813945484348431
TetR	473	0.0095823660721566	0.0786720588608473
AraC/XylS	474	0.1331468531468531	0.1037639523546685
Fur	474	0.0	0.0878319969985156
GntR	474	0.0	0.100588432400079
IclR	474	0.0	0.0733844247734528
LacI/GalR	474	0.0	0.1250774550899475
LysR	474	0.1633576635574673	0.0908348189549644
MarR	474	0.0	0.1048503822242494
NtrC/XylR	474	0.5600614246142159	0.1060821245607034
TetR	474	0.0340315760970158	0.1012827936241745
AraC/XylS	475	0.333	0.1333369044783723
Fur	475	0.428018567840182	0.0837549245233974
GntR	475	0.1867901234567901	0.1087286566409933
LacI/GalR	475	0.0837636363636363	0.0685978560572099
LysR	475	0.0603012977166017	0.1191460504197366
MarR	475	0.0	0.1025139259003317
NtrC/XylR	475	0.6352507190700591	0.1043881316314011
TetR	475	0.0501631748367461	0.0925356353244592
AraC/XylS	476	0.0	0.1224541759299581
Fur	476	0.7717852348993289	0.0748227205888496
GntR	476	0.0	0.0980810769221524
IclR	476	0.0	0.0640446564885242
LacI/GalR	476	0.1460514513495004	0.1557129506545067
LysR	476	0.1617174068247174	0.1154119456192444
MarR	476	0.0	0.0844986786969448
NtrC/XylR	476	0.5073154374068098	0.1020077376454943
TetR	476	0.0229037378209339	0.0931387162885968
AraC/XylS	477	0.0	0.1415196840138816
Fur	477	0.1843730555555555	0.0848456348456348
GntR	477	0.093395061728395	0.0766884604217007
IclR	477	0.0	0.070127721776773
LacI/GalR	477	0.1890990853658536	0.0840109506790321
LysR	477	0.2258475351149856	0.1168673556816176
MarR	477	0.0	0.1029699078540685
NtrC/XylR	477	0.3235668519355537	0.0979263395864045
TetR	477	0.0420894073959364	0.0927201344976023
AraC/XylS	478	0.2772450495049505	0.1125395346100989
Fur	478	0.2760650555624505	0.0831086490922556
GntR	478	0.1763999999999999	0.0977486814410428
LysR	478	0.1328992020829919	0.1097965705753073
MarR	478	0.0	0.1128038879308794
NtrC/XylR	478	0.3881029146500716	0.1170775784080262
TetR	478	0.0100657924289925	0.0961132815839534
AraC/XylS	479	0.0	0.101567256871758
Fur	479	0.1899447852760736	0.0799273713972747
GntR	479	0.0371405622489959	0.0663913280806166
LacI/GalR	479	0.1244691176470588	0.052348070107778
LysR	479	0.148401750824167	0.1403680496999465
MarR	479	0.0513939393939393	0.0916497907144392
NtrC/XylR	479	0.5384069704501968	0.0696986463537928
TetR	479	0.0242858664441718	0.1038548858895261
AraC/XylS	480	0.0	0.0758440569606883
Fur	480	0.1064	0.0960754438842299
GntR	480	0.0	0.1479352164427634
IclR	480	0.0	0.1214039921219562
LysR	480	0.0909940143999207	0.0784699819124558
MarR	480	0.0	0.073748393143819
NtrC/XylR	480	0.5765711778621122	0.0940964247477268
TetR	480	0.0224555770731225	0.0709297807835088
Fur	481	0.0875190701478036	0.0694722206678728
GntR	481	0.0	0.1010319693844153
IclR	481	0.8480072202166065	0.0920671239832993
LacI/GalR	481	0.0	0.0942547802202722
LysR	481	0.2453976749860932	0.1309621736035428
MarR	481	0.0	0.0830379936305901
NtrC/XylR	481	0.3194880915362148	0.0989832047942002
TetR	481	0.0144472170611492	0.0948902730534198
AraC/XylS	482	0.3265630500257615	0.101728585958904
Fur	482	0.4165590286746646	0.1149943898472783
GntR	482	0.0785367965367965	0.090126150513075
LacI/GalR	482	0.1025072886297376	0.0780758422117185
LysR	482	0.0498163665649569	0.0848524163312906
MarR	482	0.0	0.0947283080306587
NtrC/XylR	482	0.1336902954262543	0.1108390322830343
TetR	482	0.0074445631641086	0.0974480665833533
AraC/XylS	483	0.1656541010683895	0.1039319792560449
Fur	483	0.1469078947368421	0.0742685264904137
GntR	483	0.0	0.0947483717034612
IclR	483	0.0	0.0629529981709043
LacI/GalR	483	0.0138805555555555	0.1466042251682177
LysR	483	0.2009152777092941	0.1451177655820844
MarR	483	0.0	0.0715962461162431
NtrC/XylR	483	0.4873450287495205	0.1734767614888676
TetR	483	0.0169637176191129	0.0761467022177371
AraC/XylS	484	0.329	0.078426267676888
Fur	484	0.087015015015015	0.1490887010610426
GntR	484	0.0	0.0732027192246542
LacI/GalR	484	0.0	0.0976714756502419
LysR	484	0.0782802797887636	0.0954535923477061
MarR	484	0.0	0.0907039758366385
NtrC/XylR	484	0.5233070358080457	0.0848264836085358
TetR	484	0.0104522832388769	0.0798290083779012
AraC/XylS	485	0.1250412772585669	0.1231746268691771
Fur	485	0.3967577412635964	0.0415257970838733
GntR	485	0.0	0.0913006910313928
IclR	485	0.0	0.0693493547312824
LysR	485	0.1077833185717196	0.1016920011204542
MarR	485	0.0	0.1111104362165874
NtrC/XylR	485	0.7400145550502009	0.1118140064456985
TetR	485	0.0295813180514602	0.0870788721118863
AraC/XylS	486	0.0899164032435404	0.0830388160912156
Fur	486	0.2343398198198198	0.1753487524407774
GntR	486	0.0	0.0808062920230391
IclR	486	0.2189484536082474	0.1158206376803804
LacI/GalR	486	0.2109090909090909	0.0788921515176692
LysR	486	0.1302053131049041	0.0855038996086536
MarR	486	0.0442674050632911	0.0782475054929908
NtrC/XylR	486	0.6132699141306693	0.1074430220127802
TetR	486	0.0224270346417117	0.0975359940068343
AraC/XylS	487	0.1645	0.1074080950655228
Fur	487	0.1498220524366794	0.0864022881880024
GntR	487	0.076074074074074	0.0949583581539137
IclR	487	0.0	0.0719236692118349
LacI/GalR	487	0.2564248554913294	0.1286017602461618
LysR	487	0.2117009503988805	0.0833245453685336
MarR	487	0.0731500623370735	0.1202336948554989
NtrC/XylR	487	0.4154025245236245	0.1083245244097769
TetR	487	0.0268221878902417	0.0830259110986794
AraC/XylS	488	0.3970194333050333	0.1344004749600491
Fur	488	0.3951276466767698	0.0697640867231307
GntR	488	0.0	0.1958269145462308
IclR	488	0.0	0.0760431534737169
LacI/GalR	488	0.2016585365853658	0.0748397677275147
LysR	488	0.1516107753435084	0.1037117283699461
MarR	488	0.0343	0.1248777303466786
NtrC/XylR	488	0.6134922483415788	0.0686060657408043
TetR	488	0.0074019095370172	0.0903715028689492
AraC/XylS	489	0.3527899659863945	0.0951800337826547
Fur	489	0.5156898386376486	0.1120245690927622
GntR	489	0.0853045757834487	0.0543464485057859
IclR	489	0.1235934426229508	0.0770858579184486
LacI/GalR	489	0.0	0.0753098676978966
LysR	489	0.1360102648203885	0.1444018697926155
MarR	489	0.0	0.0910741695724834
NtrC/XylR	489	0.4576170742701937	0.1311177703706671
TetR	489	0.0155623916466659	0.0945539302349943
AraC/XylS	490	0.0	0.0908688241731876
Fur	490	0.2711371757663703	0.1047644326682167
GntR	490	0.0	0.0629326104649388
LacI/GalR	490	0.241664739884393	0.0914267661252855
LysR	490	0.2219876477905465	0.1219192278470682
MarR	490	0.0470643333333333	0.0851192413616482
NtrC/XylR	490	0.6027950453805307	0.0989772559863111
TetR	490	0.0066624016875023	0.0937649790292247
AraC/XylS	491	0.2769999999999999	0.1286174113967012
Fur	491	0.1960122699386503	0.2093181170658057
GntR	491	0.0	0.0806126602013875
IclR	491	0.0	0.1108386917003941
LacI/GalR	491	0.0	0.0751183680148957
LysR	491	0.2122228771949677	0.1144878242104659
MarR	491	0.0	0.0741512047196949
NtrC/XylR	491	0.6651766279135507	0.0948566270749884
TetR	491	0.0380198671410538	0.0975574268064976
AraC/XylS	492	0.220221183800623	0.0750630945973444
Fur	492	0.3596466666666667	0.1169334685188343
GntR	492	0.0173085501858736	0.1036473285883749
LysR	492	0.0626718884765829	0.1172922450096557
MarR	492	0.0	0.1020042432148028
NtrC/XylR	492	0.330856890459364	0.1090967937322704
TetR	492	0.0114082500397926	0.1013700098918485
AraC/XylS	493	0.831	0.1075838341656765
Fur	493	0.0	0.2375089326320292
GntR	493	0.0	0.0613166662856186
LacI/GalR	493	0.1015419161676646	0.1039708303334881
LysR	493	0.0195972563190902	0.076425209977123
MarR	493	0.0354139240506329	0.133733289292993
NtrC/XylR	493	0.5196946097576096	0.0723107656797694
TetR	493	0.0281869462829229	0.0952202393541523
AraC/XylS	494	0.0	0.0834712862654816
Fur	494	0.2837131384015595	0.055854667207243
GntR	494	0.2127945736434108	0.0934056549006021
LysR	494	0.050499490723173	0.1030651334386158
NtrC/XylR	494	0.5508957509474041	0.1197171751116393
TetR	494	0.0173700207484103	0.1023220254059417
AraC/XylS	495	0.0465935727788279	0.1097604727810956
Fur	495	0.2647344825786051	0.0582133687878232
GntR	495	0.0	0.0687394804871593
IclR	495	0.4085255474452555	0.08362995627742
LacI/GalR	495	0.0	0.0822559803843102
LysR	495	0.0486459318927673	0.137319366032991
MarR	495	0.0	0.175201490014751
NtrC/XylR	495	0.3916458152226724	0.1051151622284791
TetR	495	0.0236142120614988	0.0973244589347943
AraC/XylS	496	0.0	0.1032080826555619
Fur	496	0.2185953675454595	0.0952947845804988
GntR	496	0.0	0.1451798747993811
LysR	496	0.2006424186147748	0.0999683964487647
MarR	496	0.0	0.0939307540561439
NtrC/XylR	496	0.5147223167535673	0.1368139343076227
TetR	496	0.0234328245042566	0.0836482060717626
AraC/XylS	497	0.1402657906291162	0.0729056372437966
Fur	497	0.3295855197132616	0.0769382361682169
GntR	497	0.0	0.0930426818540938
IclR	497	0.2564545454545454	0.1162985073980028
LacI/GalR	497	0.0816339113680154	0.0910192980620378
LysR	497	0.1031549145239592	0.1458156965048807
MarR	497	0.0	0.0829306821752818
NtrC/XylR	497	0.2786266329248626	0.1071337740392071
TetR	497	0.0199693951465658	0.084458984554323
AraC/XylS	498	0.1887871235721703	0.1414225905133292
Fur	498	0.2224786628733997	0.1147715157414782
GntR	498	0.0	0.1213366111264092
IclR	498	0.1252250922509225	0.1085556931388499
LacI/GalR	498	0.0	0.0565404324284475
LysR	498	0.0924304415384353	0.1025476738655155
MarR	498	0.0	0.077153894561957
NtrC/XylR	498	0.3564173989455184	0.0882163491406412
TetR	498	0.0098087335766922	0.1009417586243942
AraC/XylS	499	0.0361825938566552	0.1284837695870445
Fur	499	0.3984012912912913	0.0743644341205316
GntR	499	0.0	0.0773230933804734
IclR	499	0.0	0.0792269438542469
LacI/GalR	499	0.0	0.0907598516614361
LysR	499	0.0884883611584884	0.0797775158711854
MarR	499	0.0	0.069543320499526
NtrC/XylR	499	0.3656275500525585	0.0484612106854202
TetR	499	0.0213966530940089	0.0929532790509458
