split	fold	query_id	candidate_hash	TP_rank	TL_rank	Dstar_rank	B_rank	F_rank	outer_fold	query_ligand_id	held_out_protein_id	availability_stratum
Random-edge	0	C(/C(=C\C(=O)O)/C(=O)O)C(=O)O	75fea6b22da78a37d576fa9fa4872c5b	3021.0	1.0	1.0	1.0	1.0	0	C(/C(=C\C(=O)O)/C(=O)O)C(=O)O	75fea6b22da78a37d576fa9fa4872c5b	ligand_only
Random-edge	0	C(=C\C(=O)[O-])\C=C/C(=O)[O-]	44a72d5b9c3b9279cd3b67c3c5596f0a	3.0	2021.0	79.0	1.0	2.0	0	C(=C\C(=O)[O-])\C=C/C(=O)[O-]	44a72d5b9c3b9279cd3b67c3c5596f0a	protein_only
Random-edge	0	C(=O)(N)N	50e5a5685dac1273a7bb776d17d13a18	2065.0	2332.0	5929.0	5966.0	5966.0	0	C(=O)(N)N	50e5a5685dac1273a7bb776d17d13a18	neither
Random-edge	0	C(=O)(O)[O-].[Na+]	822ab385fea96c34acef4c74619d7227	3336.0	3521.0	2726.0	2670.0	2670.0	0	C(=O)(O)[O-].[Na+]	822ab385fea96c34acef4c74619d7227	neither
Random-edge	0	C(C(=O)O)P(=O)(O)O	74ef57b0dc25299082210b267ccd358b	2996.0	3204.0	332.0	278.0	281.0	0	C(C(=O)O)P(=O)(O)O	74ef57b0dc25299082210b267ccd358b	neither
Random-edge	0	C(C(=O)[C@H]([C@@H]([C@H](C(=O)[O-])O)O)O)O	75a2facc22cbb3aaaff061320cf7a8a6	3009.0	3216.0	78.0	70.0	71.0	0	C(C(=O)[C@H]([C@@H]([C@H](C(=O)[O-])O)O)O)O	75a2facc22cbb3aaaff061320cf7a8a6	neither
Random-edge	0	C(C(=O)[O-])O	3393553806422365e2c79d33fa1fba35	30.0	4.0	18.0	112.0	95.0	0	C(C(=O)[O-])O	3393553806422365e2c79d33fa1fba35	both
Random-edge	0	C(C(C(C(C(=O)C(=O)O)O)O)O)O	557c6d697d503ea7d351216d2441ba93	2195.0	2457.0	2660.0	2585.0	2585.0	0	C(C(C(C(C(=O)C(=O)O)O)O)O)O	557c6d697d503ea7d351216d2441ba93	neither
Random-edge	0	C(C(C1C(=C(C(=O)O1)O)O)O)OP(=O)(O)O	fa6722683dbb832b1c9f0e37fbd9c1a0	6323.0	6331.0	1614.0	1518.0	1518.0	0	C(C(C1C(=C(C(=O)O1)O)O)O)OP(=O)(O)O	fa6722683dbb832b1c9f0e37fbd9c1a0	neither
Random-edge	0	C(C(COP(=O)(O)O)O)O	c8dcc87318ab75c2006480f939687cbe	5118.0	3.0	3167.0	3.0	8.0	0	C(C(COP(=O)(O)O)O)O	c8dcc87318ab75c2006480f939687cbe	ligand_only
Random-edge	0	C(C1C(C(C(C(O1)O)O)O)O)O	d3aabd2bfef2d44bcfe52a4c266a95fb	5379.0	5439.0	2353.0	2314.0	2314.0	0	C(C1C(C(C(C(O1)O)O)O)O)O	d3aabd2bfef2d44bcfe52a4c266a95fb	neither
Random-edge	0	C(C1C(C(C(C(O1)OC2C(OC(C(C2O)O)OC(C(CO)O)C(C(C=O)O)O)CO)O)O)O)O	56b536cd02ed8a727acb9142344361a3	2228.0	2489.0	1952.0	1935.0	1935.0	0	C(C1C(C(C(C(O1)OC2C(OC(C(C2O)O)OC(C(CO)O)C(C(C=O)O)O)CO)O)O)O)O	56b536cd02ed8a727acb9142344361a3	neither
Random-edge	0	C(CC(=O)N)[C@@H](C(=O)O)N	df609c1139f536c8b197bf2d8db4dee9	5677.0	5721.0	2368.0	2277.0	2277.0	0	C(CC(=O)N)[C@@H](C(=O)O)N	df609c1139f536c8b197bf2d8db4dee9	neither
Random-edge	0	C(CC(=O)O)C=O	90ab4a747ef3f993ae17656b8bedbae5	3689.0	8.0	5.0	9.0	4.0	0	C(CC(=O)O)C=O	90ab4a747ef3f993ae17656b8bedbae5	ligand_only
Random-edge	0	C(CC(=O)O)[C@@H](C(=O)O)NC=O	6b4ed5ac602337882e9882a02b6c5d11	2770.0	1.0	29.0	1.0	2.0	0	C(CC(=O)O)[C@@H](C(=O)O)NC=O	6b4ed5ac602337882e9882a02b6c5d11	ligand_only
Random-edge	0	C(CC(=O)[O-])C(=O)C(=O)[O-]	b89f9e3e1edd2952544c7ac34de0a408	4699.0	4801.0	221.0	197.0	200.0	0	C(CC(=O)[O-])C(=O)C(=O)[O-]	b89f9e3e1edd2952544c7ac34de0a408	neither
Random-edge	0	C(CCCN)CCN	a42feb659a77b1874d2c6c72f1beeefc	4170.0	2.0	2.0	2.0	2.0	0	C(CCCN)CCN	a42feb659a77b1874d2c6c72f1beeefc	ligand_only
Random-edge	0	C(CCN)C[C@@H](C(=O)O)N	c1ef8f5a845c0fb35c0194373e4721e1	1.0	8.0	10.0	14.0	1.0	0	C(CCN)C[C@@H](C(=O)O)N	c1ef8f5a845c0fb35c0194373e4721e1	both
Random-edge	0	C(CCNCCCN)CN	27b0da11f38786744438730486bd8d65	1131.0	1.0	1.0	12.0	1.0	0	C(CCNCCCN)CN	27b0da11f38786744438730486bd8d65	both
Random-edge	0	C(CO)C(=O)O	158a09672340197c4885c72b961b040c	568.0	76.0	515.0	111.0	111.0	0	C(CO)C(=O)O	158a09672340197c4885c72b961b040c	both
Random-edge	0	C([C@@H]1[C@@H]([C@@H]([C@H](C(O1)O)O)O)O)O	4042f243e2a7c9208bd3e6cfe340be7b	8.0	18.0	245.0	11.0	12.0	0	C([C@@H]1[C@@H]([C@@H]([C@H](C(O1)O)O)O)O)O	4042f243e2a7c9208bd3e6cfe340be7b	both
Random-edge	0	C([C@@H]1[C@H]([C@@H]([C@H]([C@@H](O1)O[C@@H]2[C@H](OC([C@@H]([C@H]2O)O)O)CO)O)O)O)O	efe82a7f59e28ad1298b2d21ff8e8bac	6080.0	6097.0	1039.0	5906.0	5906.0	0	C([C@@H]1[C@H]([C@@H]([C@H]([C@@H](O1)O[C@@H]2[C@H](OC([C@@H]([C@H]2O)O)O)CO)O)O)O)O	efe82a7f59e28ad1298b2d21ff8e8bac	protein_only
Random-edge	0	C([C@@H]1[C@H]([C@@H]([C@H]([C@H](O1)O[C@@H]2[C@@H]([C@H]([C@@H]([C@H](O2)CO)O)O)O)O)O)O)O	4bc4e2950a34015dc197c68f8d50b94b	1938.0	9.0	8.0	33.0	13.0	0	C([C@@H]1[C@H]([C@@H]([C@H]([C@H](O1)O[C@@H]2[C@@H]([C@H]([C@@H]([C@H](O2)CO)O)O)O)O)O)O)O	4bc4e2950a34015dc197c68f8d50b94b	both
Random-edge	0	C([C@@H]1[C@H]([C@@H]([C@H]([C@H](O1)O[C@]2([C@H]([C@@H]([C@H](O2)CO)O)O)CO)O)O)O)O	3290228581f3ded46603a65c7dbe2a87	9.0	1610.0	648.0	13.0	28.0	0	C([C@@H]1[C@H]([C@@H]([C@H]([C@H](O1)O[C@]2([C@H]([C@@H]([C@H](O2)CO)O)O)CO)O)O)O)O	3290228581f3ded46603a65c7dbe2a87	protein_only
Random-edge	0	C([C@@H]1[C@H]([C@@H]([C@H]([C@H](O1)O[C@]2([C@H]([C@@H]([C@H](O2)CO)O)O)CO)O)O)O)O	f2eaf8b842625d5e7da52db26065f933	6161.0	6154.0	435.0	5977.0	5975.0	0	C([C@@H]1[C@H]([C@@H]([C@H]([C@H](O1)O[C@]2([C@H]([C@@H]([C@H](O2)CO)O)O)CO)O)O)O)O	f2eaf8b842625d5e7da52db26065f933	protein_only
Random-edge	0	C([C@@H]1[C@H]([C@@H]([C@H]([C@H](O1)O[C@]2([C@H]([C@@H]([C@H](O2)CO)O)O)CO[C@]3([C@H]([C@@H]([C@H](O3)CO)O)O)CO)O)O)O)O	1dbda059dbd2b4ffe5bba3779b03412b	758.0	1.0	1.0	1.0	1.0	0	C([C@@H]1[C@H]([C@@H]([C@H]([C@H](O1)O[C@]2([C@H]([C@@H]([C@H](O2)CO)O)O)CO[C@]3([C@H]([C@@H]([C@H](O3)CO)O)O)CO)O)O)O)O	1dbda059dbd2b4ffe5bba3779b03412b	ligand_only
Random-edge	0	C([C@@H]1[C@H]([C@H]([C@@H](O1)O)O)O)O	dc1e91f836209d60e254769b84a92a0f	5650.0	5646.0	759.0	5499.0	5500.0	0	C([C@@H]1[C@H]([C@H]([C@@H](O1)O)O)O)O	dc1e91f836209d60e254769b84a92a0f	protein_only
Random-edge	0	C([C@H]([C@H]([C@@H](C(=O)C(=O)O)O)O)O)O	557c6d697d503ea7d351216d2441ba93	2195.0	2457.0	3908.0	3799.0	3800.0	0	C([C@H]([C@H]([C@@H](C(=O)C(=O)O)O)O)O)O	557c6d697d503ea7d351216d2441ba93	neither
Random-edge	0	C([C@H]([C@H]([C@@H](C(=O)C(=O)O)O)O)O)O	eb59456351057b30713da8a926007643	5944.0	5976.0	2230.0	2062.0	2062.0	0	C([C@H]([C@H]([C@@H](C(=O)C(=O)O)O)O)O)O	eb59456351057b30713da8a926007643	neither
Random-edge	0	C([C@H]([C@H]([C@@H](C(=O)COP(=O)(O)O)O)O)O)O	b69733282dba9d9c66611dcc06e86583	1.0	1.0	1.0	2.0	1.0	0	C([C@H]([C@H]([C@@H](C(=O)COP(=O)(O)O)O)O)O)O	b69733282dba9d9c66611dcc06e86583	both
Random-edge	0	C([C@H]([C@H]([C@@H]([C@H](C(=O)O)O)O)O)O)OP(=O)(O)[O-]	44128bc565504ce2d9e47edbf6104302	15.0	1.0	34.0	37.0	15.0	0	C([C@H]([C@H]([C@@H]([C@H](C(=O)O)O)O)O)O)OP(=O)(O)[O-]	44128bc565504ce2d9e47edbf6104302	both
Random-edge	0	C([C@H]([C@H]([C@@H]([C@H](C(=O)[O-])O)O)O)O)O	3bc30c6e0efeb551e706ffa51cd07ed6	32.0	19.0	1322.0	60.0	57.0	0	C([C@H]([C@H]([C@@H]([C@H](C(=O)[O-])O)O)O)O)O	3bc30c6e0efeb551e706ffa51cd07ed6	both
Random-edge	0	C1(C(C(OC(C1O)O)C(=O)O)O)O	022fb3f73dae00ef40aaa4e42ab852b8	61.0	1.0	5030.0	1.0	2.0	0	C1(C(C(OC(C1O)O)C(=O)O)O)O	022fb3f73dae00ef40aaa4e42ab852b8	ligand_only
Random-edge	0	C1=C(NC=N1)C[C@@H](C(=O)O)N	2c530e8494ce33e8b8ffa87e78598fa9	1157.0	1483.0	244.0	1287.0	1287.0	0	C1=C(NC=N1)C[C@@H](C(=O)O)N	2c530e8494ce33e8b8ffa87e78598fa9	protein_only
Random-edge	0	C1=CC(=C(C(=C1)O)C(=O)C2=CC(=C(N2)Cl)Cl)O	e5238492f31999a8bb36ce0a6d874016	3.0	5834.0	320.0	3.0	3.0	0	C1=CC(=C(C(=C1)O)C(=O)C2=CC(=C(N2)Cl)Cl)O	e5238492f31999a8bb36ce0a6d874016	protein_only
Random-edge	0	C1=CC(=C(C(=C1)[O-])C(=O)O)O	0d8c0668d82c7bc12abcaf125fb5457d	342.0	727.0	221.0	113.0	116.0	0	C1=CC(=C(C(=C1)[O-])C(=O)O)O	0d8c0668d82c7bc12abcaf125fb5457d	neither
Random-edge	0	C1=CC(=C(C=C1C2=C(C(=O)C3=C(C=C(C=C3O2)O)O)O)O)O	fba2943fbe8a3bfb6e3ae4a552ca7e17	4.0	6352.0	79.0	4.0	12.0	0	C1=CC(=C(C=C1C2=C(C(=O)C3=C(C=C(C=C3O2)O)O)O)O)O	fba2943fbe8a3bfb6e3ae4a552ca7e17	protein_only
Random-edge	0	C1=CC(=C(C=C1C2=CC(=O)C3=C(C=C(C=C3O2)O)O)O)O	89db38f5d27836a8aa2d7b3061fe21d3	3.0	10.0	5.0	9.0	7.0	0	C1=CC(=C(C=C1C2=CC(=O)C3=C(C=C(C=C3O2)O)O)O)O	89db38f5d27836a8aa2d7b3061fe21d3	both
Random-edge	0	C1=CC(=C(C=C1CCN)O)O	45870494002d99357634c95d958f92e5	1753.0	2046.0	1213.0	1066.0	1066.0	0	C1=CC(=C(C=C1CCN)O)O	45870494002d99357634c95d958f92e5	neither
Random-edge	0	C1=CC(=CC(=C1)Cl)O	d71a5f0ba47b0a0edf233917ad3c036d	5479.0	9.0	1.0	9.0	7.0	0	C1=CC(=CC(=C1)Cl)O	d71a5f0ba47b0a0edf233917ad3c036d	ligand_only
Random-edge	0	C1=CC(=CC(=C1)[O-])C(=O)O	33f0d6ab60f41030462812b293488bb3	1317.0	33.0	26.0	272.0	247.0	0	C1=CC(=CC(=C1)[O-])C(=O)O	33f0d6ab60f41030462812b293488bb3	ligand_only
Random-edge	0	C1=CC(=CC=C1C(=O)O)O	5dc429b5717736abbd44c40bf1cf317c	2391.0	2633.0	3711.0	2442.0	2442.0	0	C1=CC(=CC=C1C(=O)O)O	5dc429b5717736abbd44c40bf1cf317c	protein_only
Random-edge	0	C1=CC(=CC=C1C(=O)O)[O-]	ec3d822b62cf0c4398f20bc111373d53	5972.0	3.0	1786.0	3.0	11.0	0	C1=CC(=CC=C1C(=O)O)[O-]	ec3d822b62cf0c4398f20bc111373d53	ligand_only
Random-edge	0	C1=CC(=CC=C1C(=O)[O-])[N+](=O)[O-]	d903094136aa1d8e7c298f2acca4b2b2	5519.0	5567.0	1825.0	1656.0	1656.0	0	C1=CC(=CC=C1C(=O)[O-])[N+](=O)[O-]	d903094136aa1d8e7c298f2acca4b2b2	neither
Random-edge	0	C1=CC(=CC=C1C2=C(C(=O)C3=C(C=C(C=C3O2)O)O)O)O	ebdb40cd5cac5f76be85b39316c47894	7.0	8.0	6.0	5.0	5.0	0	C1=CC(=CC=C1C2=C(C(=O)C3=C(C=C(C=C3O2)O)O)O)O	ebdb40cd5cac5f76be85b39316c47894	both
Random-edge	0	C1=CC(=CC=C1C2=CC=C(O2)C3=CC=C(C=C3)C(=N)N)C(=N)N	506feb33435607c1483aefbbb4983a16	2056.0	1.0	1.0	1.0	1.0	0	C1=CC(=CC=C1C2=CC=C(O2)C3=CC=C(C=C3)C(=N)N)C(=N)N	506feb33435607c1483aefbbb4983a16	ligand_only
Random-edge	0	C1=CC(=CC=C1C2=COC3=CC(=CC(=C3C2=O)O)O)O	a1500955e1f419ecc05fc0cc2ab4a5d1	10.0	4235.0	69.0	9.0	13.0	0	C1=CC(=CC=C1C2=COC3=CC(=CC(=C3C2=O)O)O)O	a1500955e1f419ecc05fc0cc2ab4a5d1	protein_only
Random-edge	0	C1=CC(=CC=C1CC(=O)O)O	28995a05778b7991174ba659d0c59eee	1049.0	2.0	10.0	3.0	2.0	0	C1=CC(=CC=C1CC(=O)O)O	28995a05778b7991174ba659d0c59eee	ligand_only
Random-edge	0	C1=CC(=CC=C1CCC(=O)C2=C(C=C(C=C2O)O)O)O	565138dd35eebdf76237e9c0b48f4152	2.0	27.0	7.0	9.0	4.0	0	C1=CC(=CC=C1CCC(=O)C2=C(C=C(C=C2O)O)O)O	565138dd35eebdf76237e9c0b48f4152	both
Random-edge	0	C1=CC(=CN=C1)C(=O)O	cf1ac1423df53baa207595f5ca539e78	5261.0	118.0	1767.0	136.0	136.0	0	C1=CC(=CN=C1)C(=O)O	cf1ac1423df53baa207595f5ca539e78	both
Random-edge	0	C1=CC2=C(C=C1O)OC3=C2C(=O)OC4=C3C=CC(=C4)O	565138dd35eebdf76237e9c0b48f4152	2218.0	10.0	20.0	12.0	9.0	0	C1=CC2=C(C=C1O)OC3=C2C(=O)OC4=C3C=CC(=C4)O	565138dd35eebdf76237e9c0b48f4152	ligand_only
Random-edge	0	C1=CC=C(C(=C1)C(=O)O)[O-]	34ded561ec6698344bffa193f5e47deb	1420.0	73.0	267.0	172.0	176.0	0	C1=CC=C(C(=C1)C(=O)O)[O-]	34ded561ec6698344bffa193f5e47deb	both
Random-edge	0	C1=CC=C(C(=C1)O)Cl	d71a5f0ba47b0a0edf233917ad3c036d	5479.0	4.0	2.0	4.0	3.0	0	C1=CC=C(C(=C1)O)Cl	d71a5f0ba47b0a0edf233917ad3c036d	ligand_only
Random-edge	0	C1=CC=C(C=C1)C(=O)O	d193f6905753f1c78f731671041151ae	5320.0	16.0	1.0	26.0	10.0	0	C1=CC=C(C=C1)C(=O)O	d193f6905753f1c78f731671041151ae	ligand_only
Random-edge	0	C1=CC=C(C=C1)C2=CC(=O)C3=C(O2)C=C(C=C3)O	de22dd68ad2a20975814057d3b412b56	2.0	2.0	1.0	2.0	2.0	0	C1=CC=C(C=C1)C2=CC(=O)C3=C(O2)C=C(C=C3)O	de22dd68ad2a20975814057d3b412b56	both
Random-edge	0	C1=CC=C2C(=C1)C(=CC=C2)CC3=CC(N5C(=C3C4CC4)SCC5C(O)=O)=O	47351510103424e59337fdeef71184e0	1809.0	2097.0	119.0	31.0	31.0	0	C1=CC=C2C(=C1)C(=CC=C2)CC3=CC(N5C(=C3C4CC4)SCC5C(O)=O)=O	47351510103424e59337fdeef71184e0	neither
Random-edge	0	C1=CC=C2C(=C1)C(=CN2)CC(=O)O	7d2ae900d7f26d0eb7637a8a86d42a48	3216.0	2.0	28.0	10.0	9.0	0	C1=CC=C2C(=C1)C(=CN2)CC(=O)O	7d2ae900d7f26d0eb7637a8a86d42a48	both
Random-edge	0	C1=CC=C2C(=C1)C(=CN2)CCCC(=O)O	d193f6905753f1c78f731671041151ae	5320.0	1.0	1.0	1.0	1.0	0	C1=CC=C2C(=C1)C(=CN2)CCCC(=O)O	d193f6905753f1c78f731671041151ae	ligand_only
Random-edge	0	C1=CC=C2C(=C1)C=CC=C2O	565138dd35eebdf76237e9c0b48f4152	2229.0	82.0	27.0	98.0	98.0	0	C1=CC=C2C(=C1)C=CC=C2O	565138dd35eebdf76237e9c0b48f4152	both
Random-edge	0	C1=CC=C2C(=C1)C=CN2	32496ea0e675803cfa92f30984af8179	1283.0	1608.0	87.0	53.0	58.0	0	C1=CC=C2C(=C1)C=CN2	32496ea0e675803cfa92f30984af8179	neither
Random-edge	0	C1=CC=C2C(=C1)C=CN2	676eab037c878bfed933ed17ce320e00	2659.0	4.0	26.0	4.0	8.0	0	C1=CC=C2C(=C1)C=CN2	676eab037c878bfed933ed17ce320e00	ligand_only
Random-edge	0	C1=CC=C2C(=C1)N=C3C=CC=C(C3=N2)C(=O)O	395c51cb61677d4d71404cdb78580b80	1564.0	1763.0	467.0	1672.0	1671.0	0	C1=CC=C2C(=C1)N=C3C=CC=C(C3=N2)C(=O)O	395c51cb61677d4d71404cdb78580b80	protein_only
Random-edge	0	C1=CC=NC(=C1)C2=CC=CC=N2	bc065e0b1cf7ff5683bfa06a591c9fc5	4776.0	4874.0	1709.0	1637.0	1637.0	0	C1=CC=NC(=C1)C2=CC=CC=N2	bc065e0b1cf7ff5683bfa06a591c9fc5	neither
Random-edge	0	C1=CN(C(=O)N=C1N)[C@H]2[C@@H]([C@@H]([C@H](O2)CO)O)O	c829c282ec820dc3a5445a74e559a7d9	5103.0	5177.0	569.0	434.0	434.0	0	C1=CN(C(=O)N=C1N)[C@H]2[C@@H]([C@@H]([C@H](O2)CO)O)O	c829c282ec820dc3a5445a74e559a7d9	neither
Random-edge	0	C1=CNC(=O)NC1=O	eb9b9a05110a11a2cf9ed5fbe3e01cdb	5951.0	5982.0	547.0	419.0	420.0	0	C1=CNC(=O)NC1=O	eb9b9a05110a11a2cf9ed5fbe3e01cdb	neither
Random-edge	0	C1=NC(=C2C(=N1)N(C=N2)[C@H]3[C@@H]([C@@H]([C@H](O3)CSCC[C@@H](C(=O)O)N)O)O)N	06203f9343fb400ec3ae5290492b9912	164.0	557.0	1684.0	1572.0	1573.0	0	C1=NC(=C2C(=N1)N(C=N2)[C@H]3[C@@H]([C@@H]([C@H](O3)CSCC[C@@H](C(=O)O)N)O)O)N	06203f9343fb400ec3ae5290492b9912	neither
Random-edge	0	C1=NC2=C(N1)C(=O)NC(=N2)N	8772cb040f2b5d7253f583d2f328de82	3463.0	1.0	3.0	1.0	1.0	0	C1=NC2=C(N1)C(=O)NC(=N2)N	8772cb040f2b5d7253f583d2f328de82	ligand_only
Random-edge	0	C1=NC2=C(N1[C@H]3[C@@H]([C@@H]([C@H](O3)CO)O)O)NC(=O)NC2=O	a349e53e7e641c59727a480c8e6f1826	4150.0	4284.0	111.0	97.0	98.0	0	C1=NC2=C(N1[C@H]3[C@@H]([C@@H]([C@H](O3)CO)O)O)NC(=O)NC2=O	a349e53e7e641c59727a480c8e6f1826	neither
Random-edge	0	C1C(C(C(C(O1)O)OP(=O)(O)OC2C(OC(C2O)(CO)OC3C(C(C(C(O3)COP(=O)(O)O)O)O)O)O)O)O	ed4b57ebe9bbf30f4281dee9b3475e2b	6002.0	6027.0	799.0	806.0	806.0	0	C1C(C(C(C(O1)O)OP(=O)(O)OC2C(OC(C2O)(CO)OC3C(C(C(C(O3)COP(=O)(O)O)O)O)O)O)O)O	ed4b57ebe9bbf30f4281dee9b3475e2b	neither
Random-edge	0	C1C2C(C(C(O2)N3C=NC4=C(N=CN=C43)N)O)OP(=O)(OCC5C(C(C(O5)N6C=NC7=C(N=CN=C76)N)O)OP(=O)(O1)O)O	b400dc39150ffad0b9cf186add4c38e6	4582.0	2.0	1.0	2.0	2.0	0	C1C2C(C(C(O2)N3C=NC4=C(N=CN=C43)N)O)OP(=O)(OCC5C(C(C(O5)N6C=NC7=C(N=CN=C76)N)O)OP(=O)(O1)O)O	b400dc39150ffad0b9cf186add4c38e6	ligand_only
Random-edge	0	C1CCC(C1)CNC(=O)N2CCCC2	e937c04535573a9dbeacf5ab972b0e8d	5901.0	18.0	1446.0	107.0	108.0	0	C1CCC(C1)CNC(=O)N2CCCC2	e937c04535573a9dbeacf5ab972b0e8d	ligand_only
Random-edge	0	C1[C@@H]2[C@H]([C@H]([C@@H](O2)N3C=NC4=C(N=CN=C43)N)O)OP(=O)(O1)O	d913cf1a8f4296daab521d724340c0d0	15.0	5568.0	1.0	15.0	24.0	0	C1[C@@H]2[C@H]([C@H]([C@@H](O2)N3C=NC4=C(N=CN=C43)N)O)OP(=O)(O1)O	d913cf1a8f4296daab521d724340c0d0	protein_only
Random-edge	0	C1[C@@H]2[C@H]([C@H]([C@@H](O2)N3C=NC4=C(N=CN=C43)N)O)OP(=O)(OC[C@@H]5[C@H]([C@H]([C@@H](O5)N6C=NC7=C(N=CN=C76)N)O)OP(=O)(O1)O)O	4e1ccb72005313492c8aa8aec3ed2185	2253.0	2250.0	5524.0	2310.0	2310.0	0	C1[C@@H]2[C@H]([C@H]([C@@H](O2)N3C=NC4=C(N=CN=C43)N)O)OP(=O)(OC[C@@H]5[C@H]([C@H]([C@@H](O5)N6C=NC7=C(N=CN=C76)N)O)OP(=O)(O1)O)O	4e1ccb72005313492c8aa8aec3ed2185	protein_only
Random-edge	0	C1[C@H](OC2=CC(=CC(=C2C1=O)O)O)C3=CC(=C(C=C3)O)O	1eefa48ccd3af3b811d7897b3b377942	6.0	11.0	17.0	7.0	9.0	0	C1[C@H](OC2=CC(=CC(=C2C1=O)O)O)C3=CC(=C(C=C3)O)O	1eefa48ccd3af3b811d7897b3b377942	both
Random-edge	0	C1[C@H](OC2=CC(=CC(=C2C1=O)O)O)C3=CC(=C(C=C3)O)O	65286cb7c8215f289fd210bb395278d4	4.0	12.0	4.0	6.0	7.0	0	C1[C@H](OC2=CC(=CC(=C2C1=O)O)O)C3=CC(=C(C=C3)O)O	65286cb7c8215f289fd210bb395278d4	both
Random-edge	0	C1[C@H](OC2=CC(=CC(=C2C1=O)O)O)C3=CC(=C(C=C3)O)O	b5067d80fc68300b0cfb7b531b558d42	5.0	6.0	10.0	5.0	5.0	0	C1[C@H](OC2=CC(=CC(=C2C1=O)O)O)C3=CC(=C(C=C3)O)O	b5067d80fc68300b0cfb7b531b558d42	both
Random-edge	0	C1[C@H]([C@@H]([C@H](C(O1)O)O)O)O	93ab9e1f3f3661afec99264baf8caf3f	8.0	3910.0	1055.0	13.0	17.0	0	C1[C@H]([C@@H]([C@H](C(O1)O)O)O)O	93ab9e1f3f3661afec99264baf8caf3f	protein_only
Random-edge	0	C1[C@H]([C@@H]([C@H]([C@H](O1)O)O)O)O	00a82d6c6e0d7f1ab456ff684a37cabf	15.0	1.0	469.0	1.0	2.0	0	C1[C@H]([C@@H]([C@H]([C@H](O1)O)O)O)O	00a82d6c6e0d7f1ab456ff684a37cabf	ligand_only
Random-edge	0	C=O	42aa88b8937af3dbc7154b9a93528a6f	1699.0	1980.0	4429.0	1791.0	1791.0	0	C=O	42aa88b8937af3dbc7154b9a93528a6f	protein_only
Random-edge	0	CC(=O)C(=O)[C@H](COP(=O)(O)O)O	3c73933c9d6e747ef6c5b84b70ff8e1b	1543.0	1848.0	716.0	617.0	619.0	0	CC(=O)C(=O)[C@H](COP(=O)(O)O)O	3c73933c9d6e747ef6c5b84b70ff8e1b	neither
Random-edge	0	CC(=O)C(=O)[O-]	1717022bae5763ebfa317e2ebce04a07	1055.0	64.0	110.0	571.0	570.0	0	CC(=O)C(=O)[O-]	1717022bae5763ebfa317e2ebce04a07	both
Random-edge	0	CC(=O)N[C@@H](CO)C(=O)O	14303662561815729cd506cb95d39cd6	502.0	1.0	5.0	1.0	1.0	0	CC(=O)N[C@@H](CO)C(=O)O	14303662561815729cd506cb95d39cd6	ligand_only
Random-edge	0	CC(=O)OP(=O)(O)O	82382896a78e2676c7a39d4494c2d6b4	3337.0	3522.0	5479.0	5448.0	5448.0	0	CC(=O)OP(=O)(O)O	82382896a78e2676c7a39d4494c2d6b4	neither
Random-edge	0	CC(=O)[C@@](C)(C(=O)O)O	06ca4eea8ba87c5d3718a5b9e34adfe7	173.0	1.0	4.0	1.0	1.0	0	CC(=O)[C@@](C)(C(=O)O)O	06ca4eea8ba87c5d3718a5b9e34adfe7	ligand_only
Random-edge	0	CC(C(=O)O)C(=O)O	49211f7755ebb7ddb1ce617d4b2f5b04	1852.0	36.0	2929.0	453.0	456.0	0	CC(C(=O)O)C(=O)O	49211f7755ebb7ddb1ce617d4b2f5b04	ligand_only
Random-edge	0	CC(C(=O)O)C(=O)O	87627c4de0d29158e410c01923d8e394	3461.0	3639.0	891.0	777.0	777.0	0	CC(C(=O)O)C(=O)O	87627c4de0d29158e410c01923d8e394	neither
Random-edge	0	CC(C(=O)O)P(=O)(O)O	74ef57b0dc25299082210b267ccd358b	2996.0	3204.0	406.0	334.0	338.0	0	CC(C(=O)O)P(=O)(O)O	74ef57b0dc25299082210b267ccd358b	neither
Random-edge	0	CC(C)(COP(=O)(O)OP(=O)(O)OC[C@@H]1[C@H]([C@H]([C@@H](O1)N2C=NC3=C(N=CN=C32)N)O)OP(=O)(O)O)[C@H](C(=O)NCCC(=O)NCCSC(=O)C4=CC(=CC=C4)O)O	2acbee4a13230ef7a3a27aad51803c15	1110.0	1445.0	25.0	35.0	35.0	0	CC(C)(COP(=O)(O)OP(=O)(O)OC[C@@H]1[C@H]([C@H]([C@@H](O1)N2C=NC3=C(N=CN=C32)N)O)OP(=O)(O)O)[C@H](C(=O)NCCC(=O)NCCSC(=O)C4=CC(=CC=C4)O)O	2acbee4a13230ef7a3a27aad51803c15	neither
Random-edge	0	CC(C)(COP(=O)(O)OP(=O)(O)OC[C@@H]1[C@H]([C@H]([C@@H](O1)N2C=NC3=C(N=CN=C32)N)O)OP(=O)(O)O)[C@H](C(=O)NCCC(=O)NCCSC(=O)C=CC4=CC(=C(C=C4)O)OC)O	1517250df12c2b4acb423f2d253e3c7a	528.0	898.0	80.0	696.0	696.0	0	CC(C)(COP(=O)(O)OP(=O)(O)OC[C@@H]1[C@H]([C@H]([C@@H](O1)N2C=NC3=C(N=CN=C32)N)O)OP(=O)(O)O)[C@H](C(=O)NCCC(=O)NCCSC(=O)C=CC4=CC(=C(C=C4)O)OC)O	1517250df12c2b4acb423f2d253e3c7a	protein_only
Random-edge	0	CC(C)(COP(=O)(O)OP(=O)(O)OC[C@@H]1[C@H]([C@H]([C@@H](O1)N2C=NC3=C(N=CN=C32)N)O)OP(=O)(O)O)[C@H](C(=O)NCCC(=O)NCCSC(=O)CC(=O)O)O	7d0296898f8a50c8bda0d23590e612af	3205.0	3398.0	2399.0	2268.0	2268.0	0	CC(C)(COP(=O)(O)OP(=O)(O)OC[C@@H]1[C@H]([C@H]([C@@H](O1)N2C=NC3=C(N=CN=C32)N)O)OP(=O)(O)O)[C@H](C(=O)NCCC(=O)NCCSC(=O)CC(=O)O)O	7d0296898f8a50c8bda0d23590e612af	neither
Random-edge	0	CC(C)C1=CC=C(C=C1)C(=O)[O-]	fc2545aa55f7b1c37bc93547229bd58e	6366.0	1.0	45.0	1.0	7.0	0	CC(C)C1=CC=C(C=C1)C(=O)[O-]	fc2545aa55f7b1c37bc93547229bd58e	ligand_only
Random-edge	0	CC(C)C[C@@H](C(=O)O)N	27b2ccde0d42cfb4b497c3cf099b146f	4.0	1.0	1.0	3.0	1.0	0	CC(C)C[C@@H](C(=O)O)N	27b2ccde0d42cfb4b497c3cf099b146f	both
Random-edge	0	CC(CO)C(=O)[O-]	158a09672340197c4885c72b961b040c	534.0	3.0	6.0	3.0	2.0	0	CC(CO)C(=O)[O-]	158a09672340197c4885c72b961b040c	ligand_only
Random-edge	0	CC12CCC(=O)C=C1CCC3C2C(CC4(C3CCC4(C(=O)CO)O)C)O	96dfd42f15b450646d33d7e3f78edcf9	3830.0	1.0	1.0	1.0	1.0	0	CC12CCC(=O)C=C1CCC3C2C(CC4(C3CCC4(C(=O)CO)O)C)O	96dfd42f15b450646d33d7e3f78edcf9	ligand_only
Random-edge	0	CC1=C(C(=CC=C1)O)C	19fc1510d7eed99f825243ece76746a7	2.0	2.0	3.0	2.0	2.0	0	CC1=C(C(=CC=C1)O)C	19fc1510d7eed99f825243ece76746a7	both
Random-edge	0	CC1=C(C2=CC3=NC(=CC4=C(C(=C([N-]4)C=C5C(=C(C(=N5)C=C1[N-]2)C)C=C)C)C=C)C(=C3CCC(=O)O)C)CCC(=O)O.[Cl-].[Fe+3]	98e9d86069f1a559f71448b145e83fa5	3886.0	4037.0	2587.0	2458.0	2461.0	0	CC1=C(C2=CC3=NC(=CC4=C(C(=C([N-]4)C=C5C(=C(C(=N5)C=C1[N-]2)C)C=C)C)C=C)C(=C3CCC(=O)O)C)CCC(=O)O.[Cl-].[Fe+3]	98e9d86069f1a559f71448b145e83fa5	neither
Random-edge	0	CC1=C(C=CC2=C1OC(=O)C(=C2O)NC(=O)C3=CC(=C(C=C3)O)CC=C(C)C)O[C@H]4[C@@H]([C@@H]([C@H](C(O4)(C)C)OC)OC(=O)N)O	c43348e5ebfdac23b79acb2a008a473f	5023.0	43.0	37.0	129.0	122.0	0	CC1=C(C=CC2=C1OC(=O)C(=C2O)NC(=O)C3=CC(=C(C=C3)O)CC=C(C)C)O[C@H]4[C@@H]([C@@H]([C@H](C(O4)(C)C)OC)OC(=O)N)O	c43348e5ebfdac23b79acb2a008a473f	both
Random-edge	0	CC1=C(C=CC2=C1OC(=O)C(=C2O)NC(=O)C3=CC(=C(C=C3)O)CC=C(C)C)O[C@H]4[C@@H]([C@@H]([C@H](C(O4)(C)C)OC)OC(=O)N)O	d82c5a5f5ddc7a9f4152dbe6f3d1354b	5515.0	162.0	16.0	240.0	229.0	0	CC1=C(C=CC2=C1OC(=O)C(=C2O)NC(=O)C3=CC(=C(C=C3)O)CC=C(C)C)O[C@H]4[C@@H]([C@@H]([C@H](C(O4)(C)C)OC)OC(=O)N)O	d82c5a5f5ddc7a9f4152dbe6f3d1354b	both
Random-edge	0	CC1=CC(=C(C=C1)C)O	d71a5f0ba47b0a0edf233917ad3c036d	1.0	1.0	1.0	1.0	1.0	0	CC1=CC(=C(C=C1)C)O	d71a5f0ba47b0a0edf233917ad3c036d	both
Random-edge	0	CC1=CC(=CC=C1)C(=O)[O-]	d34c92c109c7d573654f25487ec0a7a3	2.0	2.0	1.0	1.0	2.0	0	CC1=CC(=CC=C1)C(=O)[O-]	d34c92c109c7d573654f25487ec0a7a3	both
Random-edge	0	CC1=CC(=CC=C1)C(=O)[O-]	e8b9a7cf73b430bac3688dfbe705d433	1.0	3.0	2.0	2.0	4.0	0	CC1=CC(=CC=C1)C(=O)[O-]	e8b9a7cf73b430bac3688dfbe705d433	both
Random-edge	0	CC1=CC(=CC=C1)O	d71a5f0ba47b0a0edf233917ad3c036d	1.0	4.0	1.0	1.0	1.0	0	CC1=CC(=CC=C1)O	d71a5f0ba47b0a0edf233917ad3c036d	both
Random-edge	0	CC1=CC(=O)C2C3=C(C(=O)C[C@@]2(C1)O)C(=C4C(=C3)C=CC=C4O)O	9c5fd62ba29878bbc4dbf4fdc944e4d4	3969.0	1.0	6.0	5.0	1.0	0	CC1=CC(=O)C2C3=C(C(=O)C[C@@]2(C1)O)C(=C4C(=C3)C=CC=C4O)O	9c5fd62ba29878bbc4dbf4fdc944e4d4	ligand_only
Random-edge	0	CC1=CC=C(C=C1)[N+](=O)[O-]	676eab037c878bfed933ed17ce320e00	2659.0	66.0	48.0	974.0	953.0	0	CC1=CC=C(C=C1)[N+](=O)[O-]	676eab037c878bfed933ed17ce320e00	ligand_only
Random-edge	0	CC1=CC=CC=C1	676eab037c878bfed933ed17ce320e00	1.0	34.0	10.0	1.0	1.0	0	CC1=CC=CC=C1	676eab037c878bfed933ed17ce320e00	both
Random-edge	0	CCC(C)C1C(=O)NC(C(=O)NC(=C)C(=O)NC(C(=O)NC23CCC(=NC2C4=CSC(=N4)C(C(OC(=O)C5=NC6=C(C=CC(C6O)N1)C(=C5)C(C)O)C)NC(=O)C7=CSC(=N7)C(NC(=O)C8CSC(=N8)/C(=C\C)/NC(=O)C(NC(=O)C9=CSC3=N9)C(C)O)C(C)(C(C)O)O)C1=NC(=CS1)C(=O)NC(=C)C(=O)NC(=C)C(=O)N)C)C	1042fb45135c548468d283c26863636e	424.0	801.0	96.0	49.0	52.0	0	CCC(C)C1C(=O)NC(C(=O)NC(=C)C(=O)NC(C(=O)NC23CCC(=NC2C4=CSC(=N4)C(C(OC(=O)C5=NC6=C(C=CC(C6O)N1)C(=C5)C(C)O)C)NC(=O)C7=CSC(=N7)C(NC(=O)C8CSC(=N8)/C(=C\C)/NC(=O)C(NC(=O)C9=CSC3=N9)C(C)O)C(C)(C(C)O)O)C1=NC(=CS1)C(=O)NC(=C)C(=O)NC(=C)C(=O)N)C)C	1042fb45135c548468d283c26863636e	neither
Random-edge	0	CCC1C(=O)N2CCCC2C(=O)N(C(C(=O)N3CCC(=O)CC3C(=O)NC(C(=O)OC(C(C(=O)N1)NC(=O)C4=C(C=CC=N4)O)C)C5=CC=CC=C5)CC6=CC=C(C=C6)N(C)C)C	b89053d58d59e37cbd4fe3dbb61fcf6c	4697.0	4799.0	3.0	2.0	3.0	0	CCC1C(=O)N2CCCC2C(=O)N(C(C(=O)N3CCC(=O)CC3C(=O)NC(C(=O)OC(C(C(=O)N1)NC(=O)C4=C(C=CC=N4)O)C)C5=CC=CC=C5)CC6=CC=C(C=C6)N(C)C)C	b89053d58d59e37cbd4fe3dbb61fcf6c	neither
Random-edge	0	CCCC(=O)CC(=O)N[C@H]1CCOC1=O	ed936ddffac7b5b0fc2b3cc71cb34561	5.0	3.0	10.0	3.0	2.0	0	CCCC(=O)CC(=O)N[C@H]1CCOC1=O	ed936ddffac7b5b0fc2b3cc71cb34561	both
Random-edge	0	CCCC(=O)CC(=O)N[C@H]1CCOC1=O	ffc0b33f8f2158296f7718b02422de03	2.0	6449.0	5.0	1.0	7.0	0	CCCC(=O)CC(=O)N[C@H]1CCOC1=O	ffc0b33f8f2158296f7718b02422de03	protein_only
Random-edge	0	CCCC(=O)OCCC1=CC=CC=C1	e937c04535573a9dbeacf5ab972b0e8d	5901.0	169.0	237.0	2717.0	2696.0	0	CCCC(=O)OCCC1=CC=CC=C1	e937c04535573a9dbeacf5ab972b0e8d	ligand_only
Random-edge	0	CCCCC1=CN=C(C=C1)C(=O)O	34ded561ec6698344bffa193f5e47deb	1338.0	108.0	79.0	1708.0	1684.0	0	CCCCC1=CN=C(C=C1)C(=O)O	34ded561ec6698344bffa193f5e47deb	ligand_only
Random-edge	0	CCCCC1=CN=C(C=C1)C(=O)O	5b13d97c4fdfb6269ae9b78be3217833	2330.0	2585.0	1958.0	1808.0	1808.0	0	CCCCC1=CN=C(C=C1)C(=O)O	5b13d97c4fdfb6269ae9b78be3217833	neither
Random-edge	0	CCCCCC(=O)CC(=O)N[C@H]1CCOC1=O	315246e1592c61520cdd5bb5c328acd2	1263.0	370.0	13.0	6409.0	6388.0	0	CCCCCC(=O)CC(=O)N[C@H]1CCOC1=O	315246e1592c61520cdd5bb5c328acd2	neither
Random-edge	0	CCCCCCCCC=CCCCCCCCC(=O)SCCNC(=O)CCNC(=O)C(C(C)(C)COP(=O)(O)OP(=O)(O)OCC1C(C(C(O1)N2C=NC3=C(N=CN=C32)N)O)OP(=O)(O)O)O	48835af5c3e5c8f2b7aba321dfbe6aff	1841.0	2127.0	358.0	305.0	305.0	0	CCCCCCCCC=CCCCCCCCC(=O)SCCNC(=O)CCNC(=O)C(C(C)(C)COP(=O)(O)OP(=O)(O)OCC1C(C(C(O1)N2C=NC3=C(N=CN=C32)N)O)OP(=O)(O)O)O	48835af5c3e5c8f2b7aba321dfbe6aff	neither
Random-edge	0	CCCCCCCCCC(=O)CC(=O)N[C@H]1CCOC1=O	997c6c9d59fff099b44ac00dcd232cd6	4.0	1.0	3.0	1.0	1.0	0	CCCCCCCCCC(=O)CC(=O)N[C@H]1CCOC1=O	997c6c9d59fff099b44ac00dcd232cd6	both
Random-edge	0	CCCCCCCCCCCC(=O)CC(=O)N[C@H]1CCOC1=O	b8f67a1cefbd62e670965230089a1624	4706.0	3.0	1.0	3.0	3.0	0	CCCCCCCCCCCC(=O)CC(=O)N[C@H]1CCOC1=O	b8f67a1cefbd62e670965230089a1624	ligand_only
Random-edge	0	CCCCCCCCCCCCCC(=O)O	926d1f4405dc0193cea5c601961b432d	3728.0	2.0	3.0	2.0	1.0	0	CCCCCCCCCCCCCC(=O)O	926d1f4405dc0193cea5c601961b432d	ligand_only
Random-edge	0	CCCCCCCCCCCCCC(=O)SCCNC(=O)CCNC(=O)C(C(C)(C)COP(=O)(O)OP(=O)(O)OC[C@@H]1[C@H]([C@H]([C@@H](O1)N2C=NC3=C(N=CN=C32)N)O)OP(=O)(O)O)O	11d03f3cb920c326a6a1589e89b80b51	458.0	2.0	442.0	2.0	3.0	0	CCCCCCCCCCCCCC(=O)SCCNC(=O)CCNC(=O)C(C(C)(C)COP(=O)(O)OP(=O)(O)OC[C@@H]1[C@H]([C@H]([C@@H](O1)N2C=NC3=C(N=CN=C32)N)O)OP(=O)(O)O)O	11d03f3cb920c326a6a1589e89b80b51	ligand_only
Random-edge	0	CCCCCCCCCCCCCCCC(=O)O	65f2fed2a71933ce807698e07b3ebd0c	2707.0	2854.0	111.0	2742.0	2736.0	0	CCCCCCCCCCCCCCCC(=O)O	65f2fed2a71933ce807698e07b3ebd0c	protein_only
Random-edge	0	CCCCCCCCCCCCCCCC(=O)SCCNC(=O)CCNC(=O)[C@@H](C(C)(C)COP(=O)(O)OP(=O)(O)OC[C@@H]1[C@H]([C@H]([C@@H](O1)N2C=NC3=C(N=CN=C32)N)O)OP(=O)(O)O)O	a2f6386037598bff7ebd47be6cd449cc	4227.0	4270.0	31.0	4162.0	4155.0	0	CCCCCCCCCCCCCCCC(=O)SCCNC(=O)CCNC(=O)[C@@H](C(C)(C)COP(=O)(O)OP(=O)(O)OC[C@@H]1[C@H]([C@H]([C@@H](O1)N2C=NC3=C(N=CN=C32)N)O)OP(=O)(O)O)O	a2f6386037598bff7ebd47be6cd449cc	protein_only
Random-edge	0	CCCCCCCCCCCCCCCCCC(=O)N[C@H]1CCOC1=O	b8f67a1cefbd62e670965230089a1624	4706.0	1.0	1.0	1.0	1.0	0	CCCCCCCCCCCCCCCCCC(=O)N[C@H]1CCOC1=O	b8f67a1cefbd62e670965230089a1624	ligand_only
Random-edge	0	CCCCCCCCCCCCCCCCCC(=O)SCCNC(=O)CCNC(=O)[C@@H](C(C)(C)COP(=O)(O)OP(=O)(O)OC[C@@H]1[C@H]([C@H]([C@@H](O1)N2C=NC3=C(N=CN=C32)N)O)OP(=O)(O)O)O	11d03f3cb920c326a6a1589e89b80b51	458.0	2.0	459.0	2.0	5.0	0	CCCCCCCCCCCCCCCCCC(=O)SCCNC(=O)CCNC(=O)[C@@H](C(C)(C)COP(=O)(O)OP(=O)(O)OC[C@@H]1[C@H]([C@H]([C@@H](O1)N2C=NC3=C(N=CN=C32)N)O)OP(=O)(O)O)O	11d03f3cb920c326a6a1589e89b80b51	ligand_only
Random-edge	0	CCCCCCCCCCCCCCCCCC(=O)SCCNC(=O)CCNC(=O)[C@@H](C(C)(C)COP(=O)(O)OP(=O)(O)OC[C@@H]1[C@H]([C@H]([C@@H](O1)N2C=NC3=C(N=CN=C32)N)O)OP(=O)(O)O)O	4b1c49336f542caa28c1c038b9989699	1900.0	3.0	1.0	3.0	1.0	0	CCCCCCCCCCCCCCCCCC(=O)SCCNC(=O)CCNC(=O)[C@@H](C(C)(C)COP(=O)(O)OP(=O)(O)OC[C@@H]1[C@H]([C@H]([C@@H](O1)N2C=NC3=C(N=CN=C32)N)O)OP(=O)(O)O)O	4b1c49336f542caa28c1c038b9989699	ligand_only
Random-edge	0	CCCCCCCCCCCCCCCCCCCC(=O)SCCNC(=O)CCNC(=O)[C@@H](C(C)(C)COP(=O)(O)OP(=O)(O)OC[C@@H]1[C@H]([C@H]([C@@H](O1)N2C=NC3=C(N=CN=C32)N)O)OP(=O)(O)O)O	6b8725b175b4b4e68a377000f7c5a649	2773.0	4.0	2.0	4.0	2.0	0	CCCCCCCCCCCCCCCCCCCC(=O)SCCNC(=O)CCNC(=O)[C@@H](C(C)(C)COP(=O)(O)OP(=O)(O)OC[C@@H]1[C@H]([C@H]([C@@H](O1)N2C=NC3=C(N=CN=C32)N)O)OP(=O)(O)O)O	6b8725b175b4b4e68a377000f7c5a649	ligand_only
Random-edge	0	CCCCOC(=O)C1=CC=C(C=C1)O	05974c9d02bd051c5aaf05641e13261a	3.0	1.0	2.0	5.0	2.0	0	CCCCOC(=O)C1=CC=C(C=C1)O	05974c9d02bd051c5aaf05641e13261a	both
Random-edge	0	CCN1C(=O)C=CC1=O	7ef72b0bab2aa4fe67742c1012ed305f	7.0	53.0	1.0	10.0	5.0	0	CCN1C(=O)C=CC1=O	7ef72b0bab2aa4fe67742c1012ed305f	both
Random-edge	0	CC[C@H](C)[C@H]1C(=O)O[C@@H]2N1C3=C(C4=C2C=C(C=C4O)C)C(=O)C5=C(C3=O)C(=CC=C5)O	74bb8bb9d9b2e45649417fb382053772	2992.0	2.0	6.0	9.0	6.0	0	CC[C@H](C)[C@H]1C(=O)O[C@@H]2N1C3=C(C4=C2C=C(C=C4O)C)C(=O)C5=C(C3=O)C(=CC=C5)O	74bb8bb9d9b2e45649417fb382053772	both
Random-edge	0	CC[NH+]=C1C=CC(=C(C2=CC=C(C=C2)N(C)C)C3=CC=C(C=C3)N(C)C)C4=CC=CC=C14.[Cl-]	e86e5da6075a4bbfc5e5edec5737181f	5880.0	2.0	8.0	2.0	2.0	0	CC[NH+]=C1C=CC(=C(C2=CC=C(C=C2)N(C)C)C3=CC=C(C=C3)N(C)C)C4=CC=CC=C14.[Cl-]	e86e5da6075a4bbfc5e5edec5737181f	ligand_only
Random-edge	0	CN	04a46556d9b4b8291ba57078efeace03	123.0	521.0	6362.0	6373.0	6373.0	0	CN	04a46556d9b4b8291ba57078efeace03	neither
Random-edge	0	CN(C)C1=CC2=C(C=C1)C=C3C=CC(=CC3=N2)N(C)C	e86e5da6075a4bbfc5e5edec5737181f	5880.0	1.0	4.0	1.0	1.0	0	CN(C)C1=CC2=C(C=C1)C=C3C=CC(=CC3=N2)N(C)C	e86e5da6075a4bbfc5e5edec5737181f	ligand_only
Random-edge	0	CN(C)C1=CC=C(C=C1)C(=C2C=CC(=[N+](C)C)C=C2)C3=CC=C(C=C3)N(C)C.[Cl-]	e86e5da6075a4bbfc5e5edec5737181f	5885.0	1.0	6.0	1.0	1.0	0	CN(C)C1=CC=C(C=C1)C(=C2C=CC(=[N+](C)C)C=C2)C3=CC=C(C=C3)N(C)C.[Cl-]	e86e5da6075a4bbfc5e5edec5737181f	both
Random-edge	0	CN(C)C1=CC=C(C=C1)C(=C2C=CC(=[N+](C)C)C=C2)C3=CC=C(C=C3)[N+](C)(C)C.[Cl-].[Cl-]	506feb33435607c1483aefbbb4983a16	2056.0	2.0	1.0	2.0	1.0	0	CN(C)C1=CC=C(C=C1)C(=C2C=CC(=[N+](C)C)C=C2)C3=CC=C(C=C3)[N+](C)(C)C.[Cl-].[Cl-]	506feb33435607c1483aefbbb4983a16	ligand_only
Random-edge	0	CN1CCC[C@@H]1C2=CNC(=O)C=C2	0a168f2ff90058bcf29cb817d2adf30c	252.0	640.0	346.0	193.0	196.0	0	CN1CCC[C@@H]1C2=CNC(=O)C=C2	0a168f2ff90058bcf29cb817d2adf30c	neither
Random-edge	0	CN1CCC[C@H]1C2=CNC(=O)C=C2	0a168f2ff90058bcf29cb817d2adf30c	252.0	640.0	390.0	232.0	234.0	0	CN1CCC[C@H]1C2=CNC(=O)C=C2	0a168f2ff90058bcf29cb817d2adf30c	neither
Random-edge	0	CN1[C@@H](CS[C@@H]1[C@H]2CSC(=N2)C3=CC=CC=C3O)C(=O)O	c28af269655c9cc260abb5c342803b73	4961.0	5047.0	330.0	201.0	201.0	0	CN1[C@@H](CS[C@@H]1[C@H]2CSC(=N2)C3=CC=CC=C3O)C(=O)O	c28af269655c9cc260abb5c342803b73	neither
Random-edge	0	CN[C@H]1C[C@H]([C@@H]([C@H]([C@@H]1O)O[C@H]2[C@@H]3[C@H]([C@H]([C@H](O2)CO)O)OC4(O3)[C@@H]([C@H]([C@H]([C@H](O4)[C@H](CO)N)O)O)O)O)N	1042fb45135c548468d283c26863636e	424.0	801.0	385.0	342.0	342.0	0	CN[C@H]1C[C@H]([C@@H]([C@H]([C@@H]1O)O[C@H]2[C@@H]3[C@H]([C@H]([C@H](O2)CO)O)OC4(O3)[C@@H]([C@H]([C@H]([C@H](O4)[C@H](CO)N)O)O)O)O)N	1042fb45135c548468d283c26863636e	neither
Random-edge	0	COC1=C(C=C(C=C1)CC2C3=CC(=C(C=C3CCN2)OC)OC)OC	c412e6cf933336b1ad044029b58ce440	4996.0	5078.0	53.0	10.0	11.0	0	COC1=C(C=C(C=C1)CC2C3=CC(=C(C=C3CCN2)OC)OC)OC	c412e6cf933336b1ad044029b58ce440	neither
Random-edge	0	COC1=C(C=CC(=C1)/C=C/C(=O)O)O	4cf873e869300db146397fcfc316f1c1	1944.0	1.0	48.0	1.0	2.0	0	COC1=C(C=CC(=C1)/C=C/C(=O)O)O	4cf873e869300db146397fcfc316f1c1	ligand_only
Random-edge	0	COC1=C(C=CC(=C1)C=O)O	7d2ae900d7f26d0eb7637a8a86d42a48	3210.0	91.0	27.0	1042.0	1018.0	0	COC1=C(C=CC(=C1)C=O)O	7d2ae900d7f26d0eb7637a8a86d42a48	ligand_only
Random-edge	0	COC1=C(C=CC(=C1)O)C(=O)C=CC2=CC=C(C=C2)O	de22dd68ad2a20975814057d3b412b56	1.0	19.0	1.0	1.0	1.0	0	COC1=C(C=CC(=C1)O)C(=O)C=CC2=CC=C(C=C2)O	de22dd68ad2a20975814057d3b412b56	both
Random-edge	0	C[C@@H]1C(=O)C2=CC3=C(C([C@]24[C@@]([C@]1(C(=O)O4)O)(CCC(C)C)O)O)C(=CC=C3)O	2bf69a7a6a90b2cc689272d71f048617	1141.0	1475.0	353.0	227.0	231.0	0	C[C@@H]1C(=O)C2=CC3=C(C([C@]24[C@@]([C@]1(C(=O)O4)O)(CCC(C)C)O)O)C(=CC=C3)O	2bf69a7a6a90b2cc689272d71f048617	neither
Random-edge	0	C[C@@H]1C[C@@H]([C@H]([C@@H](O1)O[C@H]2[C@H](C[C@@]3(CO3)C(=O)[C@@H]([C@H]([C@H]([C@H](OC(=O)[C@@H]([C@H]([C@@H]2C)O[C@H]4C[C@@H]([C@H]([C@@H](O4)C)O)OC)C)C)C)O)C)C)O)N(C)C	38d9e4b6e4429043cb49e5bb5debcca6	1437.0	1.0	6.0	1.0	1.0	0	C[C@@H]1C[C@@H]([C@H]([C@@H](O1)O[C@H]2[C@H](C[C@@]3(CO3)C(=O)[C@@H]([C@H]([C@H]([C@H](OC(=O)[C@@H]([C@H]([C@@H]2C)O[C@H]4C[C@@H]([C@H]([C@@H](O4)C)O)OC)C)C)C)O)C)C)O)N(C)C	38d9e4b6e4429043cb49e5bb5debcca6	ligand_only
Random-edge	0	C[C@@]1([C@H]2C[C@H]3[C@@H](C(=O)C(=C([C@]3(C(=O)C2=C(C4=C1C=CC=C4O)O)O)O)C(=O)N)N(C)C)O	a1b78bf1da02a669460d250b9e2860a5	128.0	4245.0	7.0	122.0	122.0	0	C[C@@]1([C@H]2C[C@H]3[C@@H](C(=O)C(=C([C@]3(C(=O)C2=C(C4=C1C=CC=C4O)O)O)O)C(=O)N)N(C)C)O	a1b78bf1da02a669460d250b9e2860a5	protein_only
Random-edge	0	C[C@H](C(=O)O)O	ef767719190a377cb66febd578a950d8	6061.0	6083.0	1362.0	1222.0	1222.0	0	C[C@H](C(=O)O)O	ef767719190a377cb66febd578a950d8	neither
Random-edge	0	C[C@H](CCC(=O)NCCS(=O)(=O)O)[C@H]1CC[C@@H]2[C@@]1([C@H](C[C@H]3[C@H]2[C@@H](C[C@H]4[C@@]3(CC[C@H](C4)O)C)O)O)C	7d2ae900d7f26d0eb7637a8a86d42a48	3210.0	319.0	5.0	4945.0	4924.0	0	C[C@H](CCC(=O)NCCS(=O)(=O)O)[C@H]1CC[C@@H]2[C@@]1([C@H](C[C@H]3[C@H]2[C@@H](C[C@H]4[C@@]3(CC[C@H](C4)O)C)O)O)C	7d2ae900d7f26d0eb7637a8a86d42a48	ligand_only
Random-edge	0	C[C@H]1[C@@H]([C@H]([C@H](C(O1)O)O)O)O	3625995567cf62d5b6d1056aa156bfb8	5.0	1687.0	45.0	5.0	13.0	0	C[C@H]1[C@@H]([C@H]([C@H](C(O1)O)O)O)O	3625995567cf62d5b6d1056aa156bfb8	protein_only
Random-edge	0	C[C@]12CCC(=O)[C@H]([C@@H]1CCC2=O)CCC(=O)SCCNC(=O)CCNC(=O)[C@@H](C(C)(C)COP(=O)(O)OP(=O)(O)OC[C@@H]3[C@H]([C@H]([C@@H](O3)N4C=NC5=C(N=CN=C54)N)O)OP(=O)(O)O)O	5a7661b185de78d3e54e00d8b597baff	2308.0	2565.0	26.0	35.0	35.0	0	C[C@]12CCC(=O)[C@H]([C@@H]1CCC2=O)CCC(=O)SCCNC(=O)CCNC(=O)[C@@H](C(C)(C)COP(=O)(O)OP(=O)(O)OC[C@@H]3[C@H]([C@H]([C@@H](O3)N4C=NC5=C(N=CN=C54)N)O)OP(=O)(O)O)O	5a7661b185de78d3e54e00d8b597baff	neither
Random-edge	0	C[C@]12CC[C@H]3[C@H]([C@@H]1CCC2=O)CCC4=C3C=CC(=C4)O	0db1736ea1c8a87b60aa3c351f3a74de	345.0	1.0	102.0	1.0	3.0	0	C[C@]12CC[C@H]3[C@H]([C@@H]1CCC2=O)CCC4=C3C=CC(=C4)O	0db1736ea1c8a87b60aa3c351f3a74de	ligand_only
Random-edge	0	C[C@]12CC[C@H]3[C@H]([C@@H]1CC[C@@H]2O)CCC4=CC(=O)CC[C@]34C	471c70c900552b5e9081db33b52a5ab4	1804.0	1.0	1.0	1.0	1.0	0	C[C@]12CC[C@H]3[C@H]([C@@H]1CC[C@@H]2O)CCC4=CC(=O)CC[C@]34C	471c70c900552b5e9081db33b52a5ab4	ligand_only
Random-edge	0	C[N+](C)(C)CCO	2115970d6fc6e17c960a5dd6f7042705	850.0	1204.0	3537.0	3466.0	3466.0	0	C[N+](C)(C)CCO	2115970d6fc6e17c960a5dd6f7042705	neither
Random-edge	0	OC[C@H]1O[C@H](O[C@@H]2[C@@H](CO)O[C@@H](O)[C@H](O)[C@H]2O)[C@H](O)[C@@H](O)[C@@H]1O	6069bcdfe2911ee08ca4b7c84b669f89	2461.0	4.0	19.0	4.0	3.0	0	OC[C@H]1O[C@H](O[C@@H]2[C@@H](CO)O[C@@H](O)[C@H](O)[C@H]2O)[C@H](O)[C@@H](O)[C@@H]1O	6069bcdfe2911ee08ca4b7c84b669f89	ligand_only
Random-edge	0	OO	01f7ef453121c0bb818ead6a5da9a2b6	24.0	457.0	2937.0	23.0	23.0	0	OO	01f7ef453121c0bb818ead6a5da9a2b6	protein_only
Random-edge	0	OO	a2bf43953c23e519be78b790aba3f8e2	31.0	4268.0	1895.0	30.0	30.0	0	OO	a2bf43953c23e519be78b790aba3f8e2	protein_only
Random-edge	0	O[C@@H]([C@H](O)[C@@H](O)C([O-])=O)[C@H](O)C([O-])=O	6351cec6a6c59d9787fee4e6e170bf47	2540.0	2783.0	160.0	115.0	116.0	0	O[C@@H]([C@H](O)[C@@H](O)C([O-])=O)[C@H](O)C([O-])=O	6351cec6a6c59d9787fee4e6e170bf47	neither
Random-edge	0	[Hg+2]	c008ccce1bd6e8a32d23880da312bfd7	4876.0	4970.0	706.0	576.0	576.0	0	[Hg+2]	c008ccce1bd6e8a32d23880da312bfd7	neither
Random-edge	0	[NH3+][C@@H](Cc1ccccc1)C([O-])=O	028fc7adc877846414472f8579bb35ab	28.0	469.0	134.0	28.0	30.0	0	[NH3+][C@@H](Cc1ccccc1)C([O-])=O	028fc7adc877846414472f8579bb35ab	protein_only
Random-edge	0	[O-]C(=O)C(=O)c1ccccc1	a80c3f43b30e48586b08ffd9e634feb6	4278.0	4404.0	370.0	250.0	250.0	0	[O-]C(=O)C(=O)c1ccccc1	a80c3f43b30e48586b08ffd9e634feb6	neither
Random-edge	0	[O-]C(=O)\C=C/C=C(/Cl)C([O-])=O	06e56bbb2f80fefc53848194b5f8fbf1	176.0	1.0	12.0	1.0	1.0	0	[O-]C(=O)\C=C/C=C(/Cl)C([O-])=O	06e56bbb2f80fefc53848194b5f8fbf1	ligand_only
Random-edge	0	[O-]S(=O)(=O)[O-]	24ab95281ff7c21f52271287e6f849aa	933.0	5.0	160.0	19.0	16.0	0	[O-]S(=O)(=O)[O-]	24ab95281ff7c21f52271287e6f849aa	ligand_only
Random-edge	0	[O-]S(=O)(=O)[O-]	73f2bf2e5befbed27cc49032931c27fd	2968.0	6.0	150.0	20.0	18.0	0	[O-]S(=O)(=O)[O-]	73f2bf2e5befbed27cc49032931c27fd	ligand_only
Random-edge	0	[O-]S(=O)(=O)[O-]	a5b252bfc3d0b31dc236b5878691cc8c	4207.0	4.0	17.0	4.0	4.0	0	[O-]S(=O)(=O)[O-]	a5b252bfc3d0b31dc236b5878691cc8c	ligand_only
Random-edge	0	ion:Co_unspecified	00c184046f2f5e22bb743559242f2727	135.0	19.0	1.0	135.0	133.0	0	ion:Co_unspecified	00c184046f2f5e22bb743559242f2727	protein_only
Random-edge	0	ion:Cu_unspecified	00c184046f2f5e22bb743559242f2727	82.0	19.0	1.0	82.0	81.0	0	ion:Cu_unspecified	00c184046f2f5e22bb743559242f2727	protein_only
Random-edge	0	ion:Fe2+	26604a123431d44923df375904dd81c4	4.0	982.0	197.0	4.0	4.0	0	ion:Fe2+	26604a123431d44923df375904dd81c4	protein_only
Random-edge	0	ion:Fe2+	9ce297ea72aa9557d4370fa5649f7ee7	15.0	3982.0	170.0	15.0	15.0	0	ion:Fe2+	9ce297ea72aa9557d4370fa5649f7ee7	protein_only
Random-edge	0	ion:Fe2+	dd3fa42d5879f8a1fd0ccf19e42eed43	5639.0	5613.0	933.0	5639.0	5639.0	0	ion:Fe2+	dd3fa42d5879f8a1fd0ccf19e42eed43	protein_only
Random-edge	0	ion:Fe_unspecified	0fc4f1cf0a34ed8f04cb6c9bbb28ae2b	37.0	406.0	322.0	37.0	37.0	0	ion:Fe_unspecified	0fc4f1cf0a34ed8f04cb6c9bbb28ae2b	protein_only
Random-edge	0	ion:Mn2+	867c9236eedce402d1dd6f9ddc1c5730	110.0	3436.0	418.0	110.0	110.0	0	ion:Mn2+	867c9236eedce402d1dd6f9ddc1c5730	protein_only
Random-edge	0	ion:Mn_unspecified	4ae279357a01a64ddaee38c79158a3e5	16.0	1894.0	869.0	16.0	16.0	0	ion:Mn_unspecified	4ae279357a01a64ddaee38c79158a3e5	protein_only
Random-edge	0	ion:Mn_unspecified	867c9236eedce402d1dd6f9ddc1c5730	185.0	3435.0	1150.0	185.0	185.0	0	ion:Mn_unspecified	867c9236eedce402d1dd6f9ddc1c5730	protein_only
Random-edge	0	ion:Ni2+	9349b0c023e13e5b28da19a2c598a33c	3771.0	3749.0	14.0	3771.0	3753.0	0	ion:Ni2+	9349b0c023e13e5b28da19a2c598a33c	protein_only
Random-edge	0	ion:Zn_unspecified	00c184046f2f5e22bb743559242f2727	235.0	19.0	1.0	235.0	219.0	0	ion:Zn_unspecified	00c184046f2f5e22bb743559242f2727	protein_only
Random-edge	0	ion:[2Fe-2S]_cluster	de6f99239b4941ac1360cd737b466eb9	5656.0	5656.0	3003.0	3003.0	3003.0	0	ion:[2Fe-2S]_cluster	de6f99239b4941ac1360cd737b466eb9	neither
Random-edge	0	ion:antimonite	5476ba71ab630fd81d8d88f6bc00a531	2172.0	2172.0	2440.0	2440.0	2440.0	0	ion:antimonite	5476ba71ab630fd81d8d88f6bc00a531	neither
Random-edge	0	ion:molybdate_or_molybdenum_unspecified	30e9ef219a6a0264811cda06b034d5a3	13.0	1253.0	257.0	13.0	13.0	0	ion:molybdate_or_molybdenum_unspecified	30e9ef219a6a0264811cda06b034d5a3	protein_only
Random-edge	1	C(=O)C(=O)O	1717022bae5763ebfa317e2ebce04a07	2.0	50.0	2.0	2.0	2.0	1	C(=O)C(=O)O	1717022bae5763ebfa317e2ebce04a07	both
Random-edge	1	C(=O)[O-]	d42a2c28fa2ed71c23f39232438062f5	5402.0	5465.0	3005.0	2876.0	2876.0	1	C(=O)[O-]	d42a2c28fa2ed71c23f39232438062f5	neither
Random-edge	1	C(C(=O)[O-])C(CC(=O)[O-])(C(=O)[O-])O	75fea6b22da78a37d576fa9fa4872c5b	3279.0	71.0	8.0	539.0	537.0	1	C(C(=O)[O-])C(CC(=O)[O-])(C(=O)[O-])O	75fea6b22da78a37d576fa9fa4872c5b	both
Random-edge	1	C(C(C(=O)O)N)C(=O)N	8aa5523875d6f43ba583137b1e8cb515	3540.0	3714.0	90.0	84.0	85.0	1	C(C(C(=O)O)N)C(=O)N	8aa5523875d6f43ba583137b1e8cb515	neither
Random-edge	1	C(C(C(CO)O)O)C(=O)C(=O)O	1b3556074b989210c95b1e400285236d	690.0	1059.0	1043.0	937.0	937.0	1	C(C(C(CO)O)O)C(=O)C(=O)O	1b3556074b989210c95b1e400285236d	neither
Random-edge	1	C(C(C(CO)O)O)C(=O)C(=O)O	84c138ebe5872e926f82fc8713da4eee	3396.0	3579.0	617.0	534.0	534.0	1	C(C(C(CO)O)O)C(=O)C(=O)O	84c138ebe5872e926f82fc8713da4eee	neither
Random-edge	1	C(C1C(C(C(C(O1)OCC2C(C(C(C(O2)OC3(C(C(C(O3)CO)O)O)CO)O)O)O)O)O)O)O	e908cfac6a8247ad7deee126b806863f	5897.0	5935.0	527.0	5736.0	5736.0	1	C(C1C(C(C(C(O1)OCC2C(C(C(C(O2)OC3(C(C(C(O3)CO)O)O)CO)O)O)O)O)O)O)O	e908cfac6a8247ad7deee126b806863f	protein_only
Random-edge	1	C(C1C(C(C(O1)(COP(=O)(O)O)O)O)O)O	b69733282dba9d9c66611dcc06e86583	4653.0	39.0	16.0	59.0	44.0	1	C(C1C(C(C(O1)(COP(=O)(O)O)O)O)O)O	b69733282dba9d9c66611dcc06e86583	ligand_only
Random-edge	1	C(CC(=O)O)CN	a62e1da6d2161478febb0f9c49401e21	4225.0	250.0	455.0	3691.0	3688.0	1	C(CC(=O)O)CN	a62e1da6d2161478febb0f9c49401e21	ligand_only
Random-edge	1	C(CCC(=O)O)CC(=O)O	6fd6e7e8a06f72623e4c00b3318ab2b7	2878.0	1.0	1.0	1.0	1.0	1	C(CCC(=O)O)CC(=O)O	6fd6e7e8a06f72623e4c00b3318ab2b7	ligand_only
Random-edge	1	C(CCCN)CCCN	a42feb659a77b1874d2c6c72f1beeefc	4170.0	2.0	1.0	2.0	2.0	1	C(CCCN)CCCN	a42feb659a77b1874d2c6c72f1beeefc	ligand_only
Random-edge	1	C(CCN)CCN	a42feb659a77b1874d2c6c72f1beeefc	4216.0	1.0	2.0	18.0	10.0	1	C(CCN)CCN	a42feb659a77b1874d2c6c72f1beeefc	both
Random-edge	1	C(CCN)C[C@@H](C(=O)O)N	83bddd0a987410c35d7911df4a93d36f	4.0	4.0	1.0	4.0	3.0	1	C(CCN)C[C@@H](C(=O)O)N	83bddd0a987410c35d7911df4a93d36f	both
Random-edge	1	C(CCN=C(N)N)CN	57aa6cc206b2b758684b0474cd073997	2251.0	2513.0	166.0	115.0	115.0	1	C(CCN=C(N)N)CN	57aa6cc206b2b758684b0474cd073997	neither
Random-edge	1	C(CCNCCCN)CN	27e8f13d77a01af2c9129bf6c6703e9a	1033.0	1.0	2.0	4.0	4.0	1	C(CCNCCCN)CN	27e8f13d77a01af2c9129bf6c6703e9a	both
Random-edge	1	C(CS)[C@@H](C(=O)O)N	108ea9246dea8243279e6ac3401991a7	554.0	808.0	892.0	726.0	726.0	1	C(CS)[C@@H](C(=O)O)N	108ea9246dea8243279e6ac3401991a7	protein_only
Random-edge	1	C(CS)[C@@H](C(=O)O)N	67d8c6fb034ee63a05d25161df201b8a	2.0	2901.0	4.0	2.0	2.0	1	C(CS)[C@@H](C(=O)O)N	67d8c6fb034ee63a05d25161df201b8a	protein_only
Random-edge	1	C(C[C@@H](C(=O)O)N[C@H](CCC(=O)O)C(=O)O)CN=C(N)N	39aabab2188498c67876bbf95ee61c25	1456.0	1771.0	157.0	134.0	134.0	1	C(C[C@@H](C(=O)O)N[C@H](CCC(=O)O)C(=O)O)CN=C(N)N	39aabab2188498c67876bbf95ee61c25	neither
Random-edge	1	C([C@@H](C(=O)O)N)S	cf1ac1423df53baa207595f5ca539e78	5258.0	140.0	483.0	1871.0	1869.0	1	C([C@@H](C(=O)O)N)S	cf1ac1423df53baa207595f5ca539e78	ligand_only
Random-edge	1	C([C@@H]1[C@@H]([C@@H]([C@H](C(O1)O)O)O)O)O	5ecc3e5982945c7eb445da4c620dac51	8.0	2663.0	373.0	10.0	20.0	1	C([C@@H]1[C@@H]([C@@H]([C@H](C(O1)O)O)O)O)O	5ecc3e5982945c7eb445da4c620dac51	protein_only
Random-edge	1	C([C@@H]1[C@H]([C@@H]([C@@H](C(O1)O)O)O)O)O	118c15447cdf32c3d20c7708eae08b8b	22.0	1.0	32.0	4.0	2.0	1	C([C@@H]1[C@H]([C@@H]([C@@H](C(O1)O)O)O)O)O	118c15447cdf32c3d20c7708eae08b8b	both
Random-edge	1	C([C@@H]1[C@H]([C@@H]([C@H](C(O1)O)O)O)O)O	bbc43d541907e6425facc1f0f542e0c5	27.0	4868.0	34.0	29.0	30.0	1	C([C@@H]1[C@H]([C@@H]([C@H](C(O1)O)O)O)O)O	bbc43d541907e6425facc1f0f542e0c5	protein_only
Random-edge	1	C([C@@H]1[C@H]([C@@H]([C@H]([C@@H](O1)OC[C@@H]2[C@H]([C@@H]([C@H](C(O2)O)O)O)O)O)O)O)O	5a89349df4f1cd48c072ad220d7539b0	2312.0	5.0	4.0	5.0	3.0	1	C([C@@H]1[C@H]([C@@H]([C@H]([C@@H](O1)OC[C@@H]2[C@H]([C@@H]([C@H](C(O2)O)O)O)O)O)O)O)O	5a89349df4f1cd48c072ad220d7539b0	ligand_only
Random-edge	1	C([C@@H]1[C@H]([C@@H]([C@H]([C@@H](O1)O[C@@H]2[C@H](OC([C@@H]([C@H]2O)O)O)CO)O)O)O)O	209c58caea967db6379ffeff55385961	1267.0	1195.0	5328.0	1406.0	1406.0	1	C([C@@H]1[C@H]([C@@H]([C@H]([C@@H](O1)O[C@@H]2[C@H](OC([C@@H]([C@H]2O)O)O)CO)O)O)O)O	209c58caea967db6379ffeff55385961	protein_only
Random-edge	1	C([C@@H]1[C@H]([C@@H]([C@H]([C@H](O1)O[C@@H]2[C@@H]([C@H]([C@@H]([C@H](O2)COP(=O)(O)O)O)O)O)O)O)O)O	4bc4e2950a34015dc197c68f8d50b94b	2050.0	1.0	2.0	82.0	63.0	1	C([C@@H]1[C@H]([C@@H]([C@H]([C@H](O1)O[C@@H]2[C@@H]([C@H]([C@@H]([C@H](O2)COP(=O)(O)O)O)O)O)O)O)O)O	4bc4e2950a34015dc197c68f8d50b94b	both
Random-edge	1	C([C@@H]1[C@H]([C@@H]([C@H]([C@H](O1)O[C@@H]2[C@H](OC([C@@H]([C@H]2O)O)O)CO)O)O)O)O	6069bcdfe2911ee08ca4b7c84b669f89	2492.0	3.0	9.0	49.0	47.0	1	C([C@@H]1[C@H]([C@@H]([C@H]([C@H](O1)O[C@@H]2[C@H](OC([C@@H]([C@H]2O)O)O)CO)O)O)O)O	6069bcdfe2911ee08ca4b7c84b669f89	both
Random-edge	1	C([C@@H]1[C@H]([C@@H]([C@H]([C@H](O1)O[C@H]2[C@@H]([C@H](O[C@@]2(CO)O[C@@H]3[C@@H]([C@H]([C@@H]([C@H](O3)CO)O)O)O)CO)O)O)O)O)O	93ad22b3acb7ccbb633d005d70b30ea7	3760.0	3922.0	500.0	480.0	480.0	1	C([C@@H]1[C@H]([C@@H]([C@H]([C@H](O1)O[C@H]2[C@@H]([C@H](O[C@@]2(CO)O[C@@H]3[C@@H]([C@H]([C@@H]([C@H](O3)CO)O)O)O)CO)O)O)O)O)O	93ad22b3acb7ccbb633d005d70b30ea7	neither
Random-edge	1	C([C@@H]1[C@H]([C@@H]([C@H]([C@H](O1)O[C@]2([C@H]([C@@H]([C@H](O2)CO)O)O)CO)O)O)O)O	1dbda059dbd2b4ffe5bba3779b03412b	1319.0	3.0	43.0	20.0	12.0	1	C([C@@H]1[C@H]([C@@H]([C@H]([C@H](O1)O[C@]2([C@H]([C@@H]([C@H](O2)CO)O)O)CO)O)O)O)O	1dbda059dbd2b4ffe5bba3779b03412b	both
Random-edge	1	C([C@H](C(=O)O)N)O	c38fa069b5c0c42353215cd2ad1e7c5d	4985.0	5072.0	1278.0	1141.0	1141.0	1	C([C@H](C(=O)O)N)O	c38fa069b5c0c42353215cd2ad1e7c5d	neither
Random-edge	1	C([C@H](C(=O)O)N)O	d3b9228449ee9e03d8e9ce514e12606e	5381.0	5445.0	1131.0	991.0	992.0	1	C([C@H](C(=O)O)N)O	d3b9228449ee9e03d8e9ce514e12606e	neither
Random-edge	1	C([C@H]([C@H]([C@@H]([C@H](C(=O)[O-])O)O)O)O)O	44128bc565504ce2d9e47edbf6104302	21.0	21.0	1563.0	28.0	22.0	1	C([C@H]([C@H]([C@@H]([C@H](C(=O)[O-])O)O)O)O)O	44128bc565504ce2d9e47edbf6104302	both
Random-edge	1	C1(=C(C(=C(C(=C1Cl)Cl)Cl)Cl)Cl)O	ed9cae1a10e942672ea732b0227b21f7	6019.0	1.0	2.0	1.0	1.0	1	C1(=C(C(=C(C(=C1Cl)Cl)Cl)Cl)Cl)O	ed9cae1a10e942672ea732b0227b21f7	ligand_only
Random-edge	1	C1(=O)NC(=O)NC(=O)N1	7c40f32152f07d08cb79c0f1c0ba1142	3187.0	3386.0	5915.0	5925.0	5925.0	1	C1(=O)NC(=O)NC(=O)N1	7c40f32152f07d08cb79c0f1c0ba1142	neither
Random-edge	1	C1=C(C(=O)NC1=O)[C@H]2[C@@H]([C@@H]([C@H](O2)CO)O)O	7ef72b0bab2aa4fe67742c1012ed305f	3250.0	141.0	1533.0	2056.0	2060.0	1	C1=C(C(=O)NC1=O)[C@H]2[C@@H]([C@@H]([C@H](O2)CO)O)O	7ef72b0bab2aa4fe67742c1012ed305f	ligand_only
Random-edge	1	C1=C(NC=N1)/C=C/C(=O)O	1faa12aef898babe93227117c0fad338	810.0	1172.0	271.0	140.0	141.0	1	C1=C(NC=N1)/C=C/C(=O)O	1faa12aef898babe93227117c0fad338	neither
Random-edge	1	C1=C(NC=N1)/C=C/C(=O)O	6b4ed5ac602337882e9882a02b6c5d11	2770.0	62.0	195.0	939.0	931.0	1	C1=C(NC=N1)/C=C/C(=O)O	6b4ed5ac602337882e9882a02b6c5d11	ligand_only
Random-edge	1	C1=CC(=C(C=C1C(=O)O)O)O	519ee1f5eed3aa2e420d4ea8959ee359	2082.0	2352.0	17.0	6.0	16.0	1	C1=CC(=C(C=C1C(=O)O)O)O	519ee1f5eed3aa2e420d4ea8959ee359	neither
Random-edge	1	C1=CC(=C(C=C1C(=O)O)O)O	f9632f91e6d80ce1bb9fc39c94f65309	6292.0	14.0	6.0	32.0	8.0	1	C1=CC(=C(C=C1C(=O)O)O)O	f9632f91e6d80ce1bb9fc39c94f65309	ligand_only
Random-edge	1	C1=CC(=C(C=C1C2=C(C(=O)C3=C(C=C(C=C3O2)O)O)O)O)O	05974c9d02bd051c5aaf05641e13261a	4.0	15.0	32.0	3.0	1.0	1	C1=CC(=C(C=C1C2=C(C(=O)C3=C(C=C(C=C3O2)O)O)O)O)O	05974c9d02bd051c5aaf05641e13261a	both
Random-edge	1	C1=CC(=C(C=C1C2=C(C(=O)C3=C(O2)C=C(C=C3)O)O)O)O	3d8ba3e9d65112249c95e52019e5bc49	1576.0	3.0	1678.0	3.0	13.0	1	C1=CC(=C(C=C1C2=C(C(=O)C3=C(O2)C=C(C=C3)O)O)O)O	3d8ba3e9d65112249c95e52019e5bc49	ligand_only
Random-edge	1	C1=CC(=C(C=C1CC(=O)[O-])Cl)O	933b3a62c8c7a29f5a10a9efdad85827	3748.0	3913.0	3955.0	3848.0	3848.0	1	C1=CC(=C(C=C1CC(=O)[O-])Cl)O	933b3a62c8c7a29f5a10a9efdad85827	neither
Random-edge	1	C1=CC(=C(C=C1Cl)O)OC2=C(C=C(C=C2)Cl)Cl	c3fe75f91a7aefc078b78fcdb03a3ece	29.0	5080.0	72.0	25.0	30.0	1	C1=CC(=C(C=C1Cl)O)OC2=C(C=C(C=C2)Cl)Cl	c3fe75f91a7aefc078b78fcdb03a3ece	protein_only
Random-edge	1	C1=CC(=C(C=C1O)O)C2=C(C(=O)C3=C(C=C(C=C3O2)O)O)O	05974c9d02bd051c5aaf05641e13261a	150.0	16.0	72.0	16.0	17.0	1	C1=CC(=C(C=C1O)O)C2=C(C(=O)C3=C(C=C(C=C3O2)O)O)O	05974c9d02bd051c5aaf05641e13261a	ligand_only
Random-edge	1	C1=CC(=CC(=C1)C(=O)[O-])C(=O)[O-]	1d4c056e2397ed1fb1214832260c7479	748.0	1113.0	87.0	32.0	34.0	1	C1=CC(=CC(=C1)C(=O)[O-])C(=O)[O-]	1d4c056e2397ed1fb1214832260c7479	neither
Random-edge	1	C1=CC(=CC(=C1)I)C(=O)[O-]	7778980e5ac87e0bb8e6c8cfea5ef5af	3065.0	1.0	6.0	1.0	3.0	1	C1=CC(=CC(=C1)I)C(=O)[O-]	7778980e5ac87e0bb8e6c8cfea5ef5af	ligand_only
Random-edge	1	C1=CC(=CC2=NC3=C(C=CC(=C3)N)C=C21)N	27e8f13d77a01af2c9129bf6c6703e9a	33.0	4.0	155.0	43.0	43.0	1	C1=CC(=CC2=NC3=C(C=CC(=C3)N)C=C21)N	27e8f13d77a01af2c9129bf6c6703e9a	both
Random-edge	1	C1=CC(=CC=C1/C=C/C2=CC(=CC(=C2)O)O)O	706ea653ec20b9b1cdd43aac78d1c31c	2894.0	1.0	1.0	1.0	1.0	1	C1=CC(=CC=C1/C=C/C2=CC(=CC(=C2)O)O)O	706ea653ec20b9b1cdd43aac78d1c31c	ligand_only
Random-edge	1	C1=CC(=CC=C1C2=C(C(=O)C3=C(C=C(C=C3O2)O)O)O)O	1eefa48ccd3af3b811d7897b3b377942	7.0	15.0	22.0	7.0	7.0	1	C1=CC(=CC=C1C2=C(C(=O)C3=C(C=C(C=C3O2)O)O)O)O	1eefa48ccd3af3b811d7897b3b377942	both
Random-edge	1	C1=CC(=CC=C1C2=C(C(=O)C3=C(C=C(C=C3O2)O)O)O)O	6d5bc4e93aca428adc951d2a01b6c9c4	8.0	16.0	14.0	8.0	8.0	1	C1=CC(=CC=C1C2=C(C(=O)C3=C(C=C(C=C3O2)O)O)O)O	6d5bc4e93aca428adc951d2a01b6c9c4	both
Random-edge	1	C1=CC(=CC=C1CCO)O	7d2ae900d7f26d0eb7637a8a86d42a48	3210.0	15.0	4.0	16.0	7.0	1	C1=CC(=CC=C1CCO)O	7d2ae900d7f26d0eb7637a8a86d42a48	ligand_only
Random-edge	1	C1=CC(=CC=C1NN=C(C#N)C#N)OC(F)(F)F	fb6e88c6713a37167434ab00fcd8dc48	6347.0	1.0	6.0	1.0	1.0	1	C1=CC(=CC=C1NN=C(C#N)C#N)OC(F)(F)F	fb6e88c6713a37167434ab00fcd8dc48	ligand_only
Random-edge	1	C1=CC(=CC=C1O)Cl	d71a5f0ba47b0a0edf233917ad3c036d	5479.0	3.0	2.0	3.0	3.0	1	C1=CC(=CC=C1O)Cl	d71a5f0ba47b0a0edf233917ad3c036d	ligand_only
Random-edge	1	C1=CC(=CN=C1)C(=O)O	fae62ea385f53f8563fddd6b88bfc8e5	11.0	6342.0	5932.0	11.0	14.0	1	C1=CC(=CN=C1)C(=O)O	fae62ea385f53f8563fddd6b88bfc8e5	protein_only
Random-edge	1	C1=CC(=O)NC=C1O	c837f70c025d3538b4ea20efaa592b7d	5107.0	5183.0	6.0	12.0	16.0	1	C1=CC(=O)NC=C1O	c837f70c025d3538b4ea20efaa592b7d	neither
Random-edge	1	C1=CC=C(C(=C1)C(=O)O)N	68606451d2c61cc31249dbf6a09de070	2684.0	2918.0	677.0	485.0	487.0	1	C1=CC=C(C(=C1)C(=O)O)N	68606451d2c61cc31249dbf6a09de070	neither
Random-edge	1	C1=CC=C(C(=C1)C(=O)O)O	d193f6905753f1c78f731671041151ae	5320.0	8.0	1.0	23.0	5.0	1	C1=CC=C(C(=C1)C(=O)O)O	d193f6905753f1c78f731671041151ae	ligand_only
Random-edge	1	C1=CC=C(C(=C1)O)O	46855e252d1d27ea0be99dc990c5979b	1784.0	2072.0	84.0	1873.0	1873.0	1	C1=CC=C(C(=C1)O)O	46855e252d1d27ea0be99dc990c5979b	protein_only
Random-edge	1	C1=CC=C(C=C1)C(=O)[O-]	6d3a50a15a34f501c0c0a2a14a7bf341	2.0	3039.0	1.0	2.0	3.0	1	C1=CC=C(C=C1)C(=O)[O-]	6d3a50a15a34f501c0c0a2a14a7bf341	protein_only
Random-edge	1	C1=CC=C(C=C1)C(=O)[O-]	b146a40cae7d61009ca2a001971a3d27	4554.0	287.0	53.0	6335.0	6335.0	1	C1=CC=C(C=C1)C(=O)[O-]	b146a40cae7d61009ca2a001971a3d27	both
Random-edge	1	C1=CC=C(C=C1)CC(=O)O	d193f6905753f1c78f731671041151ae	5320.0	2.0	1.0	16.0	2.0	1	C1=CC=C(C=C1)CC(=O)O	d193f6905753f1c78f731671041151ae	ligand_only
Random-edge	1	C1=CC=C(C=C1)CCC(=O)[O-]	de66fefae2695402d2b9a57258e15605	5654.0	5704.0	1069.0	902.0	902.0	1	C1=CC=C(C=C1)CCC(=O)[O-]	de66fefae2695402d2b9a57258e15605	neither
Random-edge	1	C1=CC=C(C=C1)CO	fbd2e3540d73868a25cd309b410b2bd7	6360.0	1.0	3.0	1.0	1.0	1	C1=CC=C(C=C1)CO	fbd2e3540d73868a25cd309b410b2bd7	ligand_only
Random-edge	1	C1=CC=C(C=C1)O	cb3da3a785085a564f37f469702e6526	5173.0	11.0	1.0	11.0	6.0	1	C1=CC=C(C=C1)O	cb3da3a785085a564f37f469702e6526	ligand_only
Random-edge	1	C1=CC=C(C=C1)O	d71a5f0ba47b0a0edf233917ad3c036d	5479.0	8.0	2.0	8.0	3.0	1	C1=CC=C(C=C1)O	d71a5f0ba47b0a0edf233917ad3c036d	ligand_only
Random-edge	1	C1=CC=C(C=C1)[As+](C2=CC=CC=C2)(C3=CC=CC=C3)C4=CC=CC=C4	506feb33435607c1483aefbbb4983a16	2056.0	52.0	3.0	148.0	120.0	1	C1=CC=C(C=C1)[As+](C2=CC=CC=C2)(C3=CC=CC=C3)C4=CC=CC=C4	506feb33435607c1483aefbbb4983a16	ligand_only
Random-edge	1	C1=NC(=C2C(=N1)N(C=N2)[C@H]3[C@@H]([C@@H]([C@H](O3)COP(=O)(O)OS(=O)(=O)O)O)O)N	fef30d4c9e0272bdb7e00d090bbb769b	6433.0	1.0	2.0	5.0	5.0	1	C1=NC(=C2C(=N1)N(C=N2)[C@H]3[C@@H]([C@@H]([C@H](O3)COP(=O)(O)OS(=O)(=O)O)O)O)N	fef30d4c9e0272bdb7e00d090bbb769b	both
Random-edge	1	C1=NC2=C(N1[C@H]3[C@@H]([C@@H]([C@H](O3)COP(=O)(O)OP(=O)(O)OP(=O)(O)O)O)O)N=C(NC2=O)N	c1f65f3709f35c8b3405eb592fe006ea	4947.0	1.0	8.0	17.0	15.0	1	C1=NC2=C(N1[C@H]3[C@@H]([C@@H]([C@H](O3)COP(=O)(O)OP(=O)(O)OP(=O)(O)O)O)O)N=C(NC2=O)N	c1f65f3709f35c8b3405eb592fe006ea	both
Random-edge	1	C1CN(CCC1C2=NC(=NO2)C3=CC=CS3)C(=O)CC#N	e937c04535573a9dbeacf5ab972b0e8d	5901.0	5.0	5.0	218.0	188.0	1	C1CN(CCC1C2=NC(=NO2)C3=CC=CS3)C(=O)CC#N	e937c04535573a9dbeacf5ab972b0e8d	ligand_only
Random-edge	1	C1C[C@H](NC1)C(=O)O	702e8d7c8276c258a03073321c251e61	2.0	3104.0	1.0	1.0	2.0	1	C1C[C@H](NC1)C(=O)O	702e8d7c8276c258a03073321c251e61	protein_only
Random-edge	1	C1C[C@H](NC1)C(=O)O	9098f33bb7a1698ecd0f1b4487a6d4f6	3685.0	3855.0	1062.0	3653.0	3653.0	1	C1C[C@H](NC1)C(=O)O	9098f33bb7a1698ecd0f1b4487a6d4f6	protein_only
Random-edge	1	C1[C@@H]2[C@H]([C@H]([C@@H](O2)N3C=NC4=C(N=CN=C43)N)O)OP(=O)(OC[C@@H]5[C@H]([C@H]([C@@H](O5)N6C=NC7=C(N=CN=C76)N)O)OP(=O)(O1)O)O	c3fdfbe4fdc14cf6ada926bbb5b37079	5029.0	5078.0	4826.0	4910.0	4910.0	1	C1[C@@H]2[C@H]([C@H]([C@@H](O2)N3C=NC4=C(N=CN=C43)N)O)OP(=O)(OC[C@@H]5[C@H]([C@H]([C@@H](O5)N6C=NC7=C(N=CN=C76)N)O)OP(=O)(O1)O)O	c3fdfbe4fdc14cf6ada926bbb5b37079	protein_only
Random-edge	1	C1[C@H]([C@@H]([C@H](C(O1)O)O)O)O	498b98f640ba8c76d12e0155a79c0d44	1.0	2143.0	1853.0	1.0	4.0	1	C1[C@H]([C@@H]([C@H](C(O1)O)O)O)O	498b98f640ba8c76d12e0155a79c0d44	protein_only
Random-edge	1	C1[C@H]([C@@H]([C@H](C(O1)O)O)O)O	b0279e6a20e9982d955ee96deb30527a	16.0	4592.0	3666.0	21.0	23.0	1	C1[C@H]([C@@H]([C@H](C(O1)O)O)O)O	b0279e6a20e9982d955ee96deb30527a	protein_only
Random-edge	1	C1[C@H]([C@@H]([C@H]([C@@H]([C@H]1N)O[C@@H]2[C@@H]([C@H]([C@@H]([C@H](O2)CN)O)O)O)O)O[C@@H]3[C@@H]([C@H]([C@@H]([C@H](O3)CO)O)N)O)N	bd2c0c3b229e8225d739a3a5570c8f77	4805.0	242.0	502.0	3783.0	3777.0	1	C1[C@H]([C@@H]([C@H]([C@@H]([C@H]1N)O[C@@H]2[C@@H]([C@H]([C@@H]([C@H](O2)CN)O)O)O)O)O[C@@H]3[C@@H]([C@H]([C@@H]([C@H](O3)CO)O)N)O)N	bd2c0c3b229e8225d739a3a5570c8f77	ligand_only
Random-edge	1	C=CC(=O)[O-]	e38967547f0b7f76c104d21489da98fa	5764.0	5808.0	675.0	546.0	548.0	1	C=CC(=O)[O-]	e38967547f0b7f76c104d21489da98fa	neither
Random-edge	1	CC(=O)C(=O)O	46a9878e5f5f0a1f25c26a908baa14ab	1785.0	2.0	987.0	2.0	3.0	1	CC(=O)C(=O)O	46a9878e5f5f0a1f25c26a908baa14ab	ligand_only
Random-edge	1	CC(=O)NC(CO)C(=O)O	14303662561815729cd506cb95d39cd6	1.0	1.0	1.0	1.0	1.0	1	CC(=O)NC(CO)C(=O)O	14303662561815729cd506cb95d39cd6	both
Random-edge	1	CC(C)(COP(=O)(O)OP(=O)(O)OC[C@@H]1[C@H]([C@H]([C@@H](O1)N2C=NC3=C(N=CN=C32)N)O)OP(=O)(O)O)[C@H](C(=O)NCCC(=O)NCCSC(=O)CC4=CC=CC=C4)O	3da2121b5847053679784f94001b1750	1.0	1888.0	11.0	1.0	1.0	1	CC(C)(COP(=O)(O)OP(=O)(O)OC[C@@H]1[C@H]([C@H]([C@@H](O1)N2C=NC3=C(N=CN=C32)N)O)OP(=O)(O)O)[C@H](C(=O)NCCC(=O)NCCSC(=O)CC4=CC=CC=C4)O	3da2121b5847053679784f94001b1750	protein_only
Random-edge	1	CC(C)(COP(=O)(O)OP(=O)(O)OC[C@@H]1[C@H]([C@H]([C@@H](O1)N2C=NC3=C(N=CN=C32)N)O)OP(=O)(O)O)[C@H](C(=O)NCCC(=O)NCCSC(=O)CC4=CC=CC=C4)O	42b56c8a82dbae0e894d35c8a371c3b9	1685.0	1986.0	864.0	1776.0	1776.0	1	CC(C)(COP(=O)(O)OP(=O)(O)OC[C@@H]1[C@H]([C@H]([C@@H](O1)N2C=NC3=C(N=CN=C32)N)O)OP(=O)(O)O)[C@H](C(=O)NCCC(=O)NCCSC(=O)CC4=CC=CC=C4)O	42b56c8a82dbae0e894d35c8a371c3b9	protein_only
Random-edge	1	CC(C)C1=C(C=C(C=C1O)/C=C/C2=CC=CC=C2)O	0f7e9651ea0a8186e72af9439ecea12c	399.0	781.0	107.0	29.0	29.0	1	CC(C)C1=C(C=C(C=C1O)/C=C/C2=CC=CC=C2)O	0f7e9651ea0a8186e72af9439ecea12c	neither
Random-edge	1	CC(C)C1=CC=C(C=C1)C(=O)O	fc2545aa55f7b1c37bc93547229bd58e	6366.0	1.0	15.0	1.0	1.0	1	CC(C)C1=CC=C(C=C1)C(=O)O	fc2545aa55f7b1c37bc93547229bd58e	ligand_only
Random-edge	1	CC(C)C[C@H](C(=O)O)N	27b2ccde0d42cfb4b497c3cf099b146f	1025.0	1.0	1.0	1.0	1.0	1	CC(C)C[C@H](C(=O)O)N	27b2ccde0d42cfb4b497c3cf099b146f	ligand_only
Random-edge	1	CC(C)S[C@H]1[C@@H]([C@H]([C@H]([C@H](O1)CO)O)O)O	228e7a41278dfe231a49f0de7c32ff11	887.0	15.0	168.0	16.0	17.0	1	CC(C)S[C@H]1[C@@H]([C@H]([C@H]([C@H](O1)CO)O)O)O	228e7a41278dfe231a49f0de7c32ff11	ligand_only
Random-edge	1	CC(C)[C@@H](C(=O)O)N	7fb8755092b49f3938ef0f81c3f41ba5	12.0	106.0	8.0	23.0	9.0	1	CC(C)[C@@H](C(=O)O)N	7fb8755092b49f3938ef0f81c3f41ba5	both
Random-edge	1	CC12CCC(=O)C=C1CCC3C2C(CC4(C3CCC4C(=O)CO)C=O)O	96dfd42f15b450646d33d7e3f78edcf9	3830.0	1.0	1.0	1.0	1.0	1	CC12CCC(=O)C=C1CCC3C2C(CC4(C3CCC4C(=O)CO)C=O)O	96dfd42f15b450646d33d7e3f78edcf9	ligand_only
Random-edge	1	CC1=C(C(=CC(=C1)CCCC(C)C)O)C(C)C	0f7e9651ea0a8186e72af9439ecea12c	399.0	781.0	26.0	15.0	17.0	1	CC1=C(C(=CC(=C1)CCCC(C)C)O)C(C)C	0f7e9651ea0a8186e72af9439ecea12c	neither
Random-edge	1	CC1=C(C(=CC=C1)C(=O)[O-])C	e8b9a7cf73b430bac3688dfbe705d433	1.0	5.0	1.0	1.0	1.0	1	CC1=C(C(=CC=C1)C(=O)[O-])C	e8b9a7cf73b430bac3688dfbe705d433	both
Random-edge	1	CC1=C(C(=CC=C1)C)O	d71a5f0ba47b0a0edf233917ad3c036d	5479.0	2.0	1.0	2.0	2.0	1	CC1=C(C(=CC=C1)C)O	d71a5f0ba47b0a0edf233917ad3c036d	ligand_only
Random-edge	1	CC1=C(SC=[N+]1CC2=CN=C(N=C2N)C)CCO	cf1ac1423df53baa207595f5ca539e78	5258.0	1.0	5.0	1.0	1.0	1	CC1=C(SC=[N+]1CC2=CN=C(N=C2N)C)CCO	cf1ac1423df53baa207595f5ca539e78	ligand_only
Random-edge	1	CC1=CC(=C(C=C1)C)O	19fc1510d7eed99f825243ece76746a7	2.0	2.0	3.0	2.0	2.0	1	CC1=CC(=C(C=C1)C)O	19fc1510d7eed99f825243ece76746a7	both
Random-edge	1	CC1=CC(=C(C=C1)O)C	19fc1510d7eed99f825243ece76746a7	2.0	3.0	3.0	2.0	2.0	1	CC1=CC(=C(C=C1)O)C	19fc1510d7eed99f825243ece76746a7	both
Random-edge	1	CC1=CC(=CC=C1)CO	fbd2e3540d73868a25cd309b410b2bd7	1.0	7.0	3.0	1.0	1.0	1	CC1=CC(=CC=C1)CO	fbd2e3540d73868a25cd309b410b2bd7	both
Random-edge	1	CC1=CC(=CC=C1)O	cb3da3a785085a564f37f469702e6526	1.0	6.0	1.0	1.0	1.0	1	CC1=CC(=CC=C1)O	cb3da3a785085a564f37f469702e6526	both
Random-edge	1	CC1=CC=C(C=C1)C(=O)[O-]	d34c92c109c7d573654f25487ec0a7a3	5369.0	4.0	2.0	6.0	2.0	1	CC1=CC=C(C=C1)C(=O)[O-]	d34c92c109c7d573654f25487ec0a7a3	ligand_only
Random-edge	1	CC1=CC=CC=C1	3bedc06e27234fab30b562790f83d82e	1.0	1841.0	1.0	1.0	1.0	1	CC1=CC=CC=C1	3bedc06e27234fab30b562790f83d82e	protein_only
Random-edge	1	CC1=CC=CC=C1C(=O)[O-]	d34c92c109c7d573654f25487ec0a7a3	5369.0	4.0	12.0	11.0	2.0	1	CC1=CC=CC=C1C(=O)[O-]	d34c92c109c7d573654f25487ec0a7a3	ligand_only
Random-edge	1	CC1=CC=CC=C1O	19fc1510d7eed99f825243ece76746a7	2.0	1.0	2.0	2.0	2.0	1	CC1=CC=CC=C1O	19fc1510d7eed99f825243ece76746a7	both
Random-edge	1	CC1=CC=CC=C1O	d71a5f0ba47b0a0edf233917ad3c036d	1.0	3.0	1.0	1.0	1.0	1	CC1=CC=CC=C1O	d71a5f0ba47b0a0edf233917ad3c036d	both
Random-edge	1	CCC#CC(C)C1(C(=O)NC(=O)N(C1=O)C)CC=C	3ad8d1ac9fa33321ec719e1144338f5c	1491.0	1.0	5.0	1.0	1.0	1	CCC#CC(C)C1(C(=O)NC(=O)N(C1=O)C)CC=C	3ad8d1ac9fa33321ec719e1144338f5c	ligand_only
Random-edge	1	CCC(C(=O)C)(C(=O)O)O	06ca4eea8ba87c5d3718a5b9e34adfe7	173.0	1.0	3.0	2.0	1.0	1	CCC(C(=O)C)(C(=O)O)O	06ca4eea8ba87c5d3718a5b9e34adfe7	ligand_only
Random-edge	1	CCC(C)C1C(=O)OC2N1C3=C(C4=C2C=C(C=C4O)C)C(=O)C5=C(C3=O)C(=CC=C5)OC6CC(C(C(O6)C)O)O	00aa3b70d1ba14e5539a7f104dddf959	1.0	74.0	8.0	1.0	1.0	1	CCC(C)C1C(=O)OC2N1C3=C(C4=C2C=C(C=C4O)C)C(=O)C5=C(C3=O)C(=CC=C5)OC6CC(C(C(O6)C)O)O	00aa3b70d1ba14e5539a7f104dddf959	both
Random-edge	1	CCC1=CC(=CC=C1)O	676eab037c878bfed933ed17ce320e00	2810.0	24.0	18.0	289.0	289.0	1	CCC1=CC(=CC=C1)O	676eab037c878bfed933ed17ce320e00	both
Random-edge	1	CCC1=CC=CC=C1O	d71a5f0ba47b0a0edf233917ad3c036d	5479.0	4.0	1.0	5.0	3.0	1	CCC1=CC=CC=C1O	d71a5f0ba47b0a0edf233917ad3c036d	ligand_only
Random-edge	1	CCCC(=O)CC(=O)NC1CCOC1=O	3949f4c0d0e39ba4803f50639fea56ba	1.0	1764.0	12.0	1.0	2.0	1	CCCC(=O)CC(=O)NC1CCOC1=O	3949f4c0d0e39ba4803f50639fea56ba	protein_only
Random-edge	1	CCCC(CC(=O)NC1CCOC1=O)O	9cdb9b555d9118fe7ff1bb7b25ef46e8	3986.0	4135.0	11.0	12.0	12.0	1	CCCC(CC(=O)NC1CCOC1=O)O	9cdb9b555d9118fe7ff1bb7b25ef46e8	neither
Random-edge	1	CCCCCC/C=C\CCCCCCCC(=O)O	d89f157e6e8c06b77e414468ebe1fdf6	5510.0	5568.0	748.0	589.0	589.0	1	CCCCCC/C=C\CCCCCCCC(=O)O	d89f157e6e8c06b77e414468ebe1fdf6	neither
Random-edge	1	CCCCCC/C=C\CCCCCCCC(=O)SCCNC(=O)CCNC(=O)[C@@H](C(C)(C)COP(=O)([O-])OP(=O)([O-])OC[C@@H]1[C@H]([C@H]([C@@H](O1)N2C=NC3=C(N=CN=C32)N)O)OP(=O)([O-])[O-])O	4b1c49336f542caa28c1c038b9989699	1900.0	4.0	1004.0	4.0	12.0	1	CCCCCC/C=C\CCCCCCCC(=O)SCCNC(=O)CCNC(=O)[C@@H](C(C)(C)COP(=O)([O-])OP(=O)([O-])OC[C@@H]1[C@H]([C@H]([C@@H](O1)N2C=NC3=C(N=CN=C32)N)O)OP(=O)([O-])[O-])O	4b1c49336f542caa28c1c038b9989699	ligand_only
Random-edge	1	CCCCCCCC/C=C\CCCCCCCC(=O)O	d89f157e6e8c06b77e414468ebe1fdf6	5524.0	5567.0	1134.0	5385.0	5386.0	1	CCCCCCCC/C=C\CCCCCCCC(=O)O	d89f157e6e8c06b77e414468ebe1fdf6	protein_only
Random-edge	1	CCCCCCCC/C=C\CCCCCCCC(=O)SCCNC(=O)CCNC(=O)[C@@H](C(C)(C)COP(=O)(O)OP(=O)(O)OC[C@@H]1[C@H]([C@H]([C@@H](O1)N2C=NC3=C(N=CN=C32)N)O)OP(=O)(O)O)O	0eb295c878e6bffb4fb1cd21912e321a	447.0	752.0	62.0	615.0	608.0	1	CCCCCCCC/C=C\CCCCCCCC(=O)SCCNC(=O)CCNC(=O)[C@@H](C(C)(C)COP(=O)(O)OP(=O)(O)OC[C@@H]1[C@H]([C@H]([C@@H](O1)N2C=NC3=C(N=CN=C32)N)O)OP(=O)(O)O)O	0eb295c878e6bffb4fb1cd21912e321a	protein_only
Random-edge	1	CCCCCCCC/C=C\CCCCCCCC(=O)SCCNC(=O)CCNC(=O)[C@@H](C(C)(C)COP(=O)(O)OP(=O)(O)OC[C@@H]1[C@H]([C@H]([C@@H](O1)N2C=NC3=C(N=CN=C32)N)O)OP(=O)(O)O)O	4b1c49336f542caa28c1c038b9989699	1956.0	2.0	505.0	72.0	64.0	1	CCCCCCCC/C=C\CCCCCCCC(=O)SCCNC(=O)CCNC(=O)[C@@H](C(C)(C)COP(=O)(O)OP(=O)(O)OC[C@@H]1[C@H]([C@H]([C@@H](O1)N2C=NC3=C(N=CN=C32)N)O)OP(=O)(O)O)O	4b1c49336f542caa28c1c038b9989699	both
Random-edge	1	CCCCCCCCCCCC(=O)O	926d1f4405dc0193cea5c601961b432d	3728.0	3.0	2.0	3.0	1.0	1	CCCCCCCCCCCC(=O)O	926d1f4405dc0193cea5c601961b432d	ligand_only
Random-edge	1	CCCCCCCCCCCC(=O)SCCNC(=O)CCNC(=O)[C@@H](C(C)(C)COP(=O)([O-])OP(=O)([O-])OC[C@@H]1[C@H]([C@H]([C@@H](O1)N2C=NC3=C(N=CN=C32)N)O)OP(=O)([O-])[O-])O	d4c9e0637e95d569fcb6bfd8d4ba9d3c	5423.0	5486.0	2599.0	2450.0	2451.0	1	CCCCCCCCCCCC(=O)SCCNC(=O)CCNC(=O)[C@@H](C(C)(C)COP(=O)([O-])OP(=O)([O-])OC[C@@H]1[C@H]([C@H]([C@@H](O1)N2C=NC3=C(N=CN=C32)N)O)OP(=O)([O-])[O-])O	d4c9e0637e95d569fcb6bfd8d4ba9d3c	neither
Random-edge	1	CCCCCCCCCCCCCCC(=O)N[C@H]1CCOC1=O	b8f67a1cefbd62e670965230089a1624	4706.0	1.0	1.0	1.0	1.0	1	CCCCCCCCCCCCCCC(=O)N[C@H]1CCOC1=O	b8f67a1cefbd62e670965230089a1624	ligand_only
Random-edge	1	CCCCCCCCCCCCCCCC(=O)SCCNC(=O)CCNC(=O)[C@@H](C(C)(C)COP(=O)(O)OP(=O)(O)OC[C@@H]1[C@H]([C@H]([C@@H](O1)N2C=NC3=C(N=CN=C32)N)O)OP(=O)(O)O)O	0eb295c878e6bffb4fb1cd21912e321a	539.0	750.0	91.0	697.0	693.0	1	CCCCCCCCCCCCCCCC(=O)SCCNC(=O)CCNC(=O)[C@@H](C(C)(C)COP(=O)(O)OP(=O)(O)OC[C@@H]1[C@H]([C@H]([C@@H](O1)N2C=NC3=C(N=CN=C32)N)O)OP(=O)(O)O)O	0eb295c878e6bffb4fb1cd21912e321a	protein_only
Random-edge	1	CCCCCCCCCCCCCCCCCCCCCC(=O)SCCNC(=O)CCNC(=O)[C@@H](C(C)(C)COP(=O)(O)OP(=O)(O)OC[C@@H]1[C@H]([C@H]([C@@H](O1)N2C=NC3=C(N=CN=C32)N)O)OP(=O)(O)O)O	6b8725b175b4b4e68a377000f7c5a649	2773.0	3.0	14.0	3.0	2.0	1	CCCCCCCCCCCCCCCCCCCCCC(=O)SCCNC(=O)CCNC(=O)[C@@H](C(C)(C)COP(=O)(O)OP(=O)(O)OC[C@@H]1[C@H]([C@H]([C@@H](O1)N2C=NC3=C(N=CN=C32)N)O)OP(=O)(O)O)O	6b8725b175b4b4e68a377000f7c5a649	ligand_only
Random-edge	1	CCCCCCCCCCCCCC[N+](C)(C)Cc1ccccc1	7dea004b49679ea5fbe2e64036264388	3227.0	3423.0	45.0	16.0	16.0	1	CCCCCCCCCCCCCC[N+](C)(C)Cc1ccccc1	7dea004b49679ea5fbe2e64036264388	neither
Random-edge	1	CCCCCS(=O)(=O)[O-]	a5b252bfc3d0b31dc236b5878691cc8c	4207.0	9.0	4.0	9.0	4.0	1	CCCCCS(=O)(=O)[O-]	a5b252bfc3d0b31dc236b5878691cc8c	ligand_only
Random-edge	1	CCNC1=C(C)C=C2C(OC3=CC(=NCC)C(C)=CC3=C2C2=CC=CC=C2C(=O)OCC)=C1	f22c0d98570603151db155bf02418a01	6124.0	6140.0	69.0	28.0	28.0	1	CCNC1=C(C)C=C2C(OC3=CC(=NCC)C(C)=CC3=C2C2=CC=CC=C2C(=O)OCC)=C1	f22c0d98570603151db155bf02418a01	neither
Random-edge	1	CC[C@H](C)[C@H]([NH3+])C([O-])=O	27b2ccde0d42cfb4b497c3cf099b146f	1025.0	31.0	13.0	163.0	142.0	1	CC[C@H](C)[C@H]([NH3+])C([O-])=O	27b2ccde0d42cfb4b497c3cf099b146f	ligand_only
Random-edge	1	CC[N+]1=C2C=C(C=CC2=C3C=CC(=CC3=C1C4=CC=CC=C4)N)N	7dea004b49679ea5fbe2e64036264388	21.0	3417.0	35.0	20.0	22.0	1	CC[N+]1=C2C=C(C=CC2=C3C=CC(=CC3=C1C4=CC=CC=C4)N)N	7dea004b49679ea5fbe2e64036264388	protein_only
Random-edge	1	CC[N+]1=C2C=C(C=CC2=C3C=CC(=CC3=C1C4=CC=CC=C4)N)N.[Br-]	27e8f13d77a01af2c9129bf6c6703e9a	36.0	2.0	179.0	16.0	1.0	1	CC[N+]1=C2C=C(C=CC2=C3C=CC(=CC3=C1C4=CC=CC=C4)N)N.[Br-]	27e8f13d77a01af2c9129bf6c6703e9a	both
Random-edge	1	CN(C)C(=O)/N=N/C(=O)N(C)C	fba40db4bf1e9e73b0680ad472baccd2	6351.0	6356.0	184.0	73.0	73.0	1	CN(C)C(=O)/N=N/C(=O)N(C)C	fba40db4bf1e9e73b0680ad472baccd2	neither
Random-edge	1	CN(C)C1=CC2=C(C=C1)N=C3C=CC(=[N+](C)C)C=C3S2.[Cl-]	8f4196da191608b11dd0dd3b2f4e22ea	3651.0	4.0	4.0	4.0	3.0	1	CN(C)C1=CC2=C(C=C1)N=C3C=CC(=[N+](C)C)C=C3S2.[Cl-]	8f4196da191608b11dd0dd3b2f4e22ea	ligand_only
Random-edge	1	CN(C)C1=CC2=C(C=C1)N=C3C=CC(=[N+](C)C)C=C3S2.[Cl-]	e86e5da6075a4bbfc5e5edec5737181f	5880.0	2.0	2.0	2.0	2.0	1	CN(C)C1=CC2=C(C=C1)N=C3C=CC(=[N+](C)C)C=C3S2.[Cl-]	e86e5da6075a4bbfc5e5edec5737181f	ligand_only
Random-edge	1	COC(=O)C1=CC=C(C=C1)O	05974c9d02bd051c5aaf05641e13261a	150.0	1.0	36.0	1.0	3.0	1	COC(=O)C1=CC=C(C=C1)O	05974c9d02bd051c5aaf05641e13261a	ligand_only
Random-edge	1	COC1=C(C2=C[N+]3=C(C=C2C=C1)C4=CC5=C(C=C4CC3)OCO5)OC	33173afe48219fc9da31d27e924406ce	1345.0	22.0	368.0	73.0	78.0	1	COC1=C(C2=C[N+]3=C(C=C2C=C1)C4=CC5=C(C=C4CC3)OCO5)OC	33173afe48219fc9da31d27e924406ce	both
Random-edge	1	COC1=C(C=CC(=C1)C(=O)O)[O-]	20f7afe8014b794a285cfe0fbe4ad4a1	849.0	1208.0	3216.0	1005.0	1005.0	1	COC1=C(C=CC(=C1)C(=O)O)[O-]	20f7afe8014b794a285cfe0fbe4ad4a1	protein_only
Random-edge	1	COC1=C(C=CC(=C1)C(=O)O)[O-]	b4e301d8a40e48e7f382b63841ebf6b5	4607.0	4718.0	348.0	4518.0	4518.0	1	COC1=C(C=CC(=C1)C(=O)O)[O-]	b4e301d8a40e48e7f382b63841ebf6b5	protein_only
Random-edge	1	COC1=C(C=CC(=C1)C2=CC(=O)C3=C(C=C(C=C3O2)O)O)O	de22dd68ad2a20975814057d3b412b56	1.0	4.0	2.0	1.0	1.0	1	COC1=C(C=CC(=C1)C2=CC(=O)C3=C(C=C(C=C3O2)O)O)O	de22dd68ad2a20975814057d3b412b56	both
Random-edge	1	COC1=CC(=CC(=C1[O-])OC)C(=O)O	f7262ba5c02b7189d8a11221ff70edc2	6246.0	6259.0	232.0	6055.0	6055.0	1	COC1=CC(=CC(=C1[O-])OC)C(=O)O	f7262ba5c02b7189d8a11221ff70edc2	protein_only
Random-edge	1	C[C@@H](C(=O)O)N	60feb0dfbdfa96c198c39b45781a4348	1.0	6.0	3.0	1.0	1.0	1	C[C@@H](C(=O)O)N	60feb0dfbdfa96c198c39b45781a4348	both
Random-edge	1	C[C@@H](C(=O)[O-])O	ea9fc0943b77b21ed777b870e6597352	5924.0	2.0	12.0	2.0	2.0	1	C[C@@H](C(=O)[O-])O	ea9fc0943b77b21ed777b870e6597352	ligand_only
Random-edge	1	C[C@@H]1CCC2(C(CC([C@H](O2)C(C)C(=O)C3=CC=CN3)C)C)O[C@@H]1CC4=NC5=C(C=CC=C5O4)C(=O)O	53c420ca7bd1d18f9465981edcfd856a	2149.0	1.0	2.0	1.0	1.0	1	C[C@@H]1CCC2(C(CC([C@H](O2)C(C)C(=O)C3=CC=CN3)C)C)O[C@@H]1CC4=NC5=C(C=CC=C5O4)C(=O)O	53c420ca7bd1d18f9465981edcfd856a	ligand_only
Random-edge	1	C[C@@]1([C@H]2C[C@H]3[C@@H](C(=O)C(=C([C@]3(C(=O)C2=C(C4=C(C=CC(=C41)Cl)O)O)O)O)C(=O)N)N(C)C)O	48093dd13f4e8f02aba518dd7f2420fb	1829.0	4.0	64.0	4.0	3.0	1	C[C@@]1([C@H]2C[C@H]3[C@@H](C(=O)C(=C([C@]3(C(=O)C2=C(C4=C(C=CC(=C41)Cl)O)O)O)O)C(=O)N)N(C)C)O	48093dd13f4e8f02aba518dd7f2420fb	ligand_only
Random-edge	1	C[C@@]1([C@H]2C[C@H]3[C@@H](C(=O)C(=C([C@]3(C(=O)C2=C(C4=C1C=CC=C4O)O)O)O)C(=O)N)N(C)C)O	ca6fe1e81549cc622fa0e903e32acaba	89.0	5229.0	64.0	85.0	89.0	1	C[C@@]1([C@H]2C[C@H]3[C@@H](C(=O)C(=C([C@]3(C(=O)C2=C(C4=C1C=CC=C4O)O)O)O)C(=O)N)N(C)C)O	ca6fe1e81549cc622fa0e903e32acaba	protein_only
Random-edge	1	C[C@H](C(=O)[O-])[C@@](CC(=O)[O-])(C(=O)[O-])O	2ac1fc3edc70d832fcf553664d8e3ee7	1109.0	1452.0	2875.0	2810.0	2811.0	1	C[C@H](C(=O)[O-])[C@@](CC(=O)[O-])(C(=O)[O-])O	2ac1fc3edc70d832fcf553664d8e3ee7	neither
Random-edge	1	C[C@H](CCC(=O)NCC(=O)O)[C@H]1CC[C@@H]2[C@@]1([C@H](C[C@H]3[C@H]2CC[C@H]4[C@@]3(CC[C@H](C4)O)C)O)C	6a237bfc0e1d23e9ad904ab88ad2c93f	2729.0	1.0	7.0	1.0	1.0	1	C[C@H](CCC(=O)NCC(=O)O)[C@H]1CC[C@@H]2[C@@]1([C@H](C[C@H]3[C@H]2CC[C@H]4[C@@]3(CC[C@H](C4)O)C)O)C	6a237bfc0e1d23e9ad904ab88ad2c93f	ligand_only
Random-edge	1	C[C@H](CCC(=O)NCCS(=O)(=O)O)[C@H]1CC[C@@H]2[C@@]1(CC[C@H]3[C@H]2[C@@H](C[C@H]4[C@@]3(CC[C@H](C4)O)C)O)C	6a237bfc0e1d23e9ad904ab88ad2c93f	2729.0	5.0	19.0	5.0	5.0	1	C[C@H](CCC(=O)NCCS(=O)(=O)O)[C@H]1CC[C@@H]2[C@@]1(CC[C@H]3[C@H]2[C@@H](C[C@H]4[C@@]3(CC[C@H](C4)O)C)O)C	6a237bfc0e1d23e9ad904ab88ad2c93f	ligand_only
Random-edge	1	C[C@H](CCC(=O)O)[C@H]1CC[C@@H]2[C@@]1(CC[C@H]3[C@H]2CC[C@H]4[C@@]3(CC[C@H](C4)O)C)C	6a237bfc0e1d23e9ad904ab88ad2c93f	2729.0	1.0	6.0	1.0	1.0	1	C[C@H](CCC(=O)O)[C@H]1CC[C@@H]2[C@@]1(CC[C@H]3[C@H]2CC[C@H]4[C@@]3(CC[C@H](C4)O)C)C	6a237bfc0e1d23e9ad904ab88ad2c93f	ligand_only
Random-edge	1	C[C@H]1[C@H]([C@H](C[C@@H](O1)O[C@H]2C[C@@](CC3=C2C(=C4C(=C3O)C(=O)C5=C(C4=O)C(=CC=C5)OC)O)(C(=O)C)O)N)O	a7aee3369bf1cd0dbb2a3b5c687ae75c	4265.0	4391.0	68.0	4189.0	4185.0	1	C[C@H]1[C@H]([C@H](C[C@@H](O1)O[C@H]2C[C@@](CC3=C2C(=C4C(=C3O)C(=O)C5=C(C4=O)C(=CC=C5)OC)O)(C(=O)C)O)N)O	a7aee3369bf1cd0dbb2a3b5c687ae75c	protein_only
Random-edge	1	C[C@H]1[C@H]([C@H](C[C@@H](O1)O[C@H]2C[C@@](CC3=C2C(=C4C(=C3O)C(=O)C5=C(C4=O)C(=CC=C5)OC)O)(C(=O)CO)O)N)O	a7aee3369bf1cd0dbb2a3b5c687ae75c	4265.0	4392.0	91.0	49.0	50.0	1	C[C@H]1[C@H]([C@H](C[C@@H](O1)O[C@H]2C[C@@](CC3=C2C(=C4C(=C3O)C(=O)C5=C(C4=O)C(=CC=C5)OC)O)(C(=O)CO)O)N)O	a7aee3369bf1cd0dbb2a3b5c687ae75c	neither
Random-edge	1	C[C@]12CC[C@H]3[C@H]([C@@H]1CC[C@@H]2O)CCC4=C3C=CC(=C4)O	471c70c900552b5e9081db33b52a5ab4	1808.0	1.0	28.0	10.0	10.0	1	C[C@]12CC[C@H]3[C@H]([C@@H]1CC[C@@H]2O)CCC4=C3C=CC(=C4)O	471c70c900552b5e9081db33b52a5ab4	both
Random-edge	1	C[C@]12CC[C@H]3[C@H]([C@@H]1CC[C@]2(C#C)O)CCC4=C3C=CC(=C4)O	471c70c900552b5e9081db33b52a5ab4	1804.0	3.0	23.0	40.0	12.0	1	C[C@]12CC[C@H]3[C@H]([C@@H]1CC[C@]2(C#C)O)CCC4=C3C=CC(=C4)O	471c70c900552b5e9081db33b52a5ab4	ligand_only
Random-edge	1	C[N+]1=CC=C(C=C1)C2=CC=[N+](C=C2)C	a1a3f0ca97e2d301588bead4f4b7ffac	4108.0	4247.0	3859.0	3750.0	3750.0	1	C[N+]1=CC=C(C=C1)C2=CC=[N+](C=C2)C	a1a3f0ca97e2d301588bead4f4b7ffac	neither
Random-edge	1	C[S+](CC[C@@H](C(=O)[O-])N)C[C@@H]1[C@H]([C@H]([C@@H](O1)N2C=NC3=C(N=CN=C32)N)O)O	779729355b39f0a9064b8cd257dc0f03	3071.0	1.0	1.0	1.0	1.0	1	C[S+](CC[C@@H](C(=O)[O-])N)C[C@@H]1[C@H]([C@H]([C@@H](O1)N2C=NC3=C(N=CN=C32)N)O)O	779729355b39f0a9064b8cd257dc0f03	ligand_only
Random-edge	1	N[C@@H](Cc1ccc(O)cc1)C(O)=O	4e24e09249b48350fb212b729ce47dc7	1981.0	2256.0	10.0	10.0	10.0	1	N[C@@H](Cc1ccc(O)cc1)C(O)=O	4e24e09249b48350fb212b729ce47dc7	neither
Random-edge	1	O=C(C1=C[C@@]([C@@]23C[C@H]1C)([H])/C=C\CCCC[C@]4([H])C=C[C@]5([H])[C@@H](O[C@@H]6O[C@H](C)[C@@H](O[C@@H]7O[C@H](C)[C@@H](O)[C@H](O)C7)[C@H](O)C6)CCC[C@@]5([H])[C@]4(C)C(OC(C(O3)=O)=C2C)=O)O	3aca75f20be539e77372177c470e3961	1487.0	1.0	1.0	1.0	1.0	1	O=C(C1=C[C@@]([C@@]23C[C@H]1C)([H])/C=C\CCCC[C@]4([H])C=C[C@]5([H])[C@@H](O[C@@H]6O[C@H](C)[C@@H](O[C@@H]7O[C@H](C)[C@@H](O)[C@H](O)C7)[C@H](O)C6)CCC[C@@]5([H])[C@]4(C)C(OC(C(O3)=O)=C2C)=O)O	3aca75f20be539e77372177c470e3961	ligand_only
Random-edge	1	O=C1CCCCC1	494c67d1f724e58282cc63a737ba518f	1857.0	2144.0	22.0	6.0	6.0	1	O=C1CCCCC1	494c67d1f724e58282cc63a737ba518f	neither
Random-edge	1	OC(=O)CCCC([O-])=O	0eff3dcdb6f0ee4910cadd8d9338a5eb	1.0	765.0	7.0	1.0	1.0	1	OC(=O)CCCC([O-])=O	0eff3dcdb6f0ee4910cadd8d9338a5eb	protein_only
Random-edge	1	OC(=O)[C@H](O)[C@@H](O)[C@@H](O)C(=O)CO	70486e9a70fd07afad407569bd60334b	2891.0	3111.0	195.0	165.0	166.0	1	OC(=O)[C@H](O)[C@@H](O)[C@@H](O)C(=O)CO	70486e9a70fd07afad407569bd60334b	neither
Random-edge	1	OC[C@@H](O)COP([O-])([O-])=O	06bc8aafa080776910698cca6a27fab3	172.0	567.0	5252.0	5181.0	5181.0	1	OC[C@@H](O)COP([O-])([O-])=O	06bc8aafa080776910698cca6a27fab3	neither
Random-edge	1	OC[C@@H](O)COP([O-])([O-])=O	3280f0bb9f328d91ed4859b283861585	1286.0	1615.0	5514.0	5459.0	5459.0	1	OC[C@@H](O)COP([O-])([O-])=O	3280f0bb9f328d91ed4859b283861585	neither
Random-edge	1	OC[C@@H](O)COP([O-])([O-])=O	c8dcc87318ab75c2006480f939687cbe	5118.0	1.0	9.0	1.0	1.0	1	OC[C@@H](O)COP([O-])([O-])=O	c8dcc87318ab75c2006480f939687cbe	ligand_only
Random-edge	1	OO	0287f16df251d497c5ab43fb176a970a	3.0	470.0	1867.0	3.0	3.0	1	OO	0287f16df251d497c5ab43fb176a970a	protein_only
Random-edge	1	OO	096938ba652e67f243b3403d11e00f02	9.0	341.0	2306.0	118.0	118.0	1	OO	096938ba652e67f243b3403d11e00f02	protein_only
Random-edge	1	Oc1ccccc1O	d71a5f0ba47b0a0edf233917ad3c036d	5479.0	3.0	12.0	3.0	3.0	1	Oc1ccccc1O	d71a5f0ba47b0a0edf233917ad3c036d	ligand_only
Random-edge	1	[C@@H]([C@H](C(=O)[O-])O)(C(=O)[O-])O	aee953e190201272e2f2d1894dd83040	1.0	4566.0	60.0	1.0	2.0	1	[C@@H]([C@H](C(=O)[O-])O)(C(=O)[O-])O	aee953e190201272e2f2d1894dd83040	protein_only
Random-edge	1	[Cd+2]	c32541dbbb3edb7ae8661e485f2b60b2	4973.0	327.0	904.0	3264.0	3264.0	1	[Cd+2]	c32541dbbb3edb7ae8661e485f2b60b2	neither
Random-edge	1	[NH3+]CCC([O-])=O	bd68a4e83f1646c8e856531312713470	4809.0	4909.0	1656.0	1579.0	1579.0	1	[NH3+]CCC([O-])=O	bd68a4e83f1646c8e856531312713470	neither
Random-edge	1	c1cc2cc3cccc(N)c3nc2c(N)c1	27e8f13d77a01af2c9129bf6c6703e9a	1031.0	30.0	103.0	55.0	50.0	1	c1cc2cc3cccc(N)c3nc2c(N)c1	27e8f13d77a01af2c9129bf6c6703e9a	ligand_only
Random-edge	1	c1ccc(cc1)[P+](c1ccccc1)(c1ccccc1)c1ccccc1	f22c0d98570603151db155bf02418a01	6124.0	6140.0	313.0	171.0	171.0	1	c1ccc(cc1)[P+](c1ccccc1)(c1ccccc1)c1ccccc1	f22c0d98570603151db155bf02418a01	neither
Random-edge	1	ion:Co2+	c492587cf73af64110aea83193d6eb10	5017.0	5010.0	2899.0	5017.0	5017.0	1	ion:Co2+	c492587cf73af64110aea83193d6eb10	protein_only
Random-edge	1	ion:Cu2+	cf1ac1423df53baa207595f5ca539e78	5263.0	5257.0	2710.0	5263.0	5263.0	1	ion:Cu2+	cf1ac1423df53baa207595f5ca539e78	protein_only
Random-edge	1	ion:Cu_unspecified	cf1ac1423df53baa207595f5ca539e78	5276.0	5255.0	5879.0	5276.0	5276.0	1	ion:Cu_unspecified	cf1ac1423df53baa207595f5ca539e78	protein_only
Random-edge	1	ion:Fe2+	0fc4f1cf0a34ed8f04cb6c9bbb28ae2b	5.0	406.0	95.0	5.0	4.0	1	ion:Fe2+	0fc4f1cf0a34ed8f04cb6c9bbb28ae2b	protein_only
Random-edge	1	ion:Fe_unspecified	26604a123431d44923df375904dd81c4	18.0	982.0	85.0	18.0	18.0	1	ion:Fe_unspecified	26604a123431d44923df375904dd81c4	protein_only
Random-edge	1	ion:Mn2+	7b71740b12a1db903033d68260a33d5b	19.0	3167.0	321.0	19.0	19.0	1	ion:Mn2+	7b71740b12a1db903033d68260a33d5b	protein_only
Random-edge	1	ion:Mn2+	c9628b34dc883949471b57efe94bd01f	5136.0	5134.0	415.0	5136.0	5136.0	1	ion:Mn2+	c9628b34dc883949471b57efe94bd01f	protein_only
Random-edge	1	ion:Mn_unspecified	a8fb3b1423eed8a2137a306099401f85	19.0	4292.0	23.0	19.0	19.0	1	ion:Mn_unspecified	a8fb3b1423eed8a2137a306099401f85	protein_only
Random-edge	1	ion:Mn_unspecified	b790af1281f28e7517eaf5f17f15ff02	64.0	4665.0	1078.0	64.0	64.0	1	ion:Mn_unspecified	b790af1281f28e7517eaf5f17f15ff02	protein_only
Random-edge	1	ion:Ni2+	6d977bb96b25187abc5348661bf9f009	2845.0	2822.0	527.0	2845.0	2845.0	1	ion:Ni2+	6d977bb96b25187abc5348661bf9f009	protein_only
Random-edge	1	ion:Ni2+	c32541dbbb3edb7ae8661e485f2b60b2	4984.0	4971.0	1.0	4984.0	4973.0	1	ion:Ni2+	c32541dbbb3edb7ae8661e485f2b60b2	protein_only
Random-edge	1	ion:Zn2+	c492587cf73af64110aea83193d6eb10	5070.0	5009.0	2877.0	5070.0	5070.0	1	ion:Zn2+	c492587cf73af64110aea83193d6eb10	protein_only
Random-edge	1	ion:Zn_unspecified	2cec97575248cdc2617b825f9db1f03b	1252.0	1158.0	503.0	1252.0	1252.0	1	ion:Zn_unspecified	2cec97575248cdc2617b825f9db1f03b	protein_only
Random-edge	1	ion:Zn_unspecified	91e8ccc3c27b7b9d8403ea57535de8f0	3767.0	3719.0	344.0	3767.0	3764.0	1	ion:Zn_unspecified	91e8ccc3c27b7b9d8403ea57535de8f0	protein_only
Random-edge	2	C(=C/C(=O)O)\C(=O)O	6fd6e7e8a06f72623e4c00b3318ab2b7	2878.0	13.0	21.0	86.0	23.0	2	C(=C/C(=O)O)\C(=O)O	6fd6e7e8a06f72623e4c00b3318ab2b7	ligand_only
Random-edge	2	C(=CC(=O)O)C(=CC(=O)O)C(=O)O	274e67c5a1ff0653d52d9adb7ba107d2	1.0	1359.0	1.0	1.0	1.0	2	C(=CC(=O)O)C(=CC(=O)O)C(=O)O	274e67c5a1ff0653d52d9adb7ba107d2	protein_only
Random-edge	2	C(C(=O)O)C(=O)O	4c6a3ba1b3cc548947cd27c0251684f9	2129.0	2213.0	755.0	2194.0	2195.0	2	C(C(=O)O)C(=O)O	4c6a3ba1b3cc548947cd27c0251684f9	protein_only
Random-edge	2	C(C(=O)[O-])C(CC(=O)[O-])(C(=O)[O-])O	49211f7755ebb7ddb1ce617d4b2f5b04	109.0	42.0	224.0	161.0	137.0	2	C(C(=O)[O-])C(CC(=O)[O-])(C(=O)[O-])O	49211f7755ebb7ddb1ce617d4b2f5b04	both
Random-edge	2	C(C(=O)[O-])C(CC(=O)[O-])(C(=O)[O-])O	c1f5d8896f8df82c4ddb47d06271ebaa	5001.0	5027.0	1934.0	4895.0	4896.0	2	C(C(=O)[O-])C(CC(=O)[O-])(C(=O)[O-])O	c1f5d8896f8df82c4ddb47d06271ebaa	protein_only
Random-edge	2	C(C(C(=O)O)O)C(=O)O	9f8b59b14305e26cf7eef28b1555c1b4	4051.0	4198.0	3719.0	3661.0	3661.0	2	C(C(C(=O)O)O)C(=O)O	9f8b59b14305e26cf7eef28b1555c1b4	neither
Random-edge	2	C(C(C(=O)[O-])O)O	3393553806422365e2c79d33fa1fba35	1308.0	13.0	1081.0	26.0	29.0	2	C(C(C(=O)[O-])O)O	3393553806422365e2c79d33fa1fba35	ligand_only
Random-edge	2	C(C(C(C(C(=O)COP(=O)(O)O)O)O)O)O	b69733282dba9d9c66611dcc06e86583	4653.0	2.0	2.0	2.0	2.0	2	C(C(C(C(C(=O)COP(=O)(O)O)O)O)O)O	b69733282dba9d9c66611dcc06e86583	ligand_only
Random-edge	2	C(C1C(C(C(C(O1)OCC2C(C(C(C(O2)OC3(C(C(C(O3)CO)O)O)CO)O)O)O)O)O)O)O	21b0d97947ce4efca8d731c2fbf87b47	1.0	1213.0	91.0	1.0	1.0	2	C(C1C(C(C(C(O1)OCC2C(C(C(C(O2)OC3(C(C(C(O3)CO)O)O)CO)O)O)O)O)O)O)O	21b0d97947ce4efca8d731c2fbf87b47	protein_only
Random-edge	2	C(C1C(C(C(C(O1)OP(=O)(O)O)O)O)O)O	79ea0e19e24ee6d6775c70c7de8ff63d	3127.0	3331.0	3158.0	3041.0	3041.0	2	C(C1C(C(C(C(O1)OP(=O)(O)O)O)O)O)O	79ea0e19e24ee6d6775c70c7de8ff63d	neither
Random-edge	2	C(CC(=O)O)C(C(=O)O)NCC(C(C(C(CO)O)O)O)O	50ceda2a9ee123a7f6ea288fedb77348	2064.0	16.0	5.0	31.0	1.0	2	C(CC(=O)O)C(C(=O)O)NCC(C(C(C(CO)O)O)O)O	50ceda2a9ee123a7f6ea288fedb77348	ligand_only
Random-edge	2	C(CC(=O)O)CC(=O)O	181f695be898b807f50c04356f61abaa	614.0	3.0	93.0	3.0	9.0	2	C(CC(=O)O)CC(=O)O	181f695be898b807f50c04356f61abaa	ligand_only
Random-edge	2	C(CC(=O)O)CC(=O)O	6fd6e7e8a06f72623e4c00b3318ab2b7	2878.0	1.0	1.0	1.0	1.0	2	C(CC(=O)O)CC(=O)O	6fd6e7e8a06f72623e4c00b3318ab2b7	ligand_only
Random-edge	2	C(CC(=O)[O-])[C@@H](C(=O)[O-])NC=O	6b4ed5ac602337882e9882a02b6c5d11	2770.0	1.0	85.0	1.0	1.0	2	C(CC(=O)[O-])[C@@H](C(=O)[O-])NC=O	6b4ed5ac602337882e9882a02b6c5d11	ligand_only
Random-edge	2	C(C[C@@H](C(=O)O)N)CN=C(N)N	c1ef8f5a845c0fb35c0194373e4721e1	24.0	4.0	1.0	12.0	1.0	2	C(C[C@@H](C(=O)O)N)CN=C(N)N	c1ef8f5a845c0fb35c0194373e4721e1	both
Random-edge	2	C([C@@H]([C@@H]1C(=C(C(=O)O1)[O-])O)O)O	4f8e22a41df9a885a8f3de9ccf4c4266	2020.0	128.0	60.0	1974.0	1960.0	2	C([C@@H]([C@@H]1C(=C(C(=O)O1)[O-])O)O)O	4f8e22a41df9a885a8f3de9ccf4c4266	ligand_only
Random-edge	2	C([C@@H]1[C@@H]([C@@H]([C@H](C(O1)O)O)O)O)O	875dd7414f6c9b7ce9b555da6270337d	3778.0	40.0	2859.0	606.0	609.0	2	C([C@@H]1[C@@H]([C@@H]([C@H](C(O1)O)O)O)O)O	875dd7414f6c9b7ce9b555da6270337d	both
Random-edge	2	C([C@@H]1[C@@H]([C@@H]([C@H]([C@@H](O1)O[C@@H]2[C@H](OC([C@@H]([C@H]2O)O)O)CO)O)O)O)O	48675ef975ae6cb889bf0f132833bcb7	1837.0	2124.0	628.0	631.0	631.0	2	C([C@@H]1[C@@H]([C@@H]([C@H]([C@@H](O1)O[C@@H]2[C@H](OC([C@@H]([C@H]2O)O)O)CO)O)O)O)O	48675ef975ae6cb889bf0f132833bcb7	neither
Random-edge	2	C([C@@H]1[C@@H]([C@@H]([C@H]([C@@H](O1)O[C@@H]2[C@H](OC([C@@H]([C@H]2O)O)O)CO)O)O)O)O	7f15d13509f293473f51c8a2df056680	3255.0	3450.0	4194.0	4203.0	4203.0	2	C([C@@H]1[C@@H]([C@@H]([C@H]([C@@H](O1)O[C@@H]2[C@H](OC([C@@H]([C@H]2O)O)O)CO)O)O)O)O	7f15d13509f293473f51c8a2df056680	neither
Random-edge	2	C([C@@H]1[C@@H]([C@@H]([C@H]([C@H](O1)OC[C@@H]2[C@H]([C@@H]([C@H](C(O2)O)O)O)O)O)O)O)O	0544ae6ac6e7dd6ca5dc2aa8872eecc9	135.0	535.0	416.0	442.0	442.0	2	C([C@@H]1[C@@H]([C@@H]([C@H]([C@H](O1)OC[C@@H]2[C@H]([C@@H]([C@H](C(O2)O)O)O)O)O)O)O)O	0544ae6ac6e7dd6ca5dc2aa8872eecc9	neither
Random-edge	2	C([C@@H]1[C@H]([C@@H]([C@@H](C(O1)O)O)O)O)O	c6c1932de8b804b80c9900787260eb3d	41.0	5146.0	10.0	47.0	57.0	2	C([C@@H]1[C@H]([C@@H]([C@@H](C(O1)O)O)O)O)O	c6c1932de8b804b80c9900787260eb3d	protein_only
Random-edge	2	C([C@@H]1[C@H]([C@@H]([C@H]([C@H](O1)O[C@@H]2[C@@H]([C@H]([C@@H]([C@H](O2)COP(=O)(O)O)O)O)O)O)O)O)O	79ea0e19e24ee6d6775c70c7de8ff63d	3233.0	3330.0	1952.0	3226.0	3227.0	2	C([C@@H]1[C@H]([C@@H]([C@H]([C@H](O1)O[C@@H]2[C@@H]([C@H]([C@@H]([C@H](O2)COP(=O)(O)O)O)O)O)O)O)O)O	79ea0e19e24ee6d6775c70c7de8ff63d	protein_only
Random-edge	2	C([C@H]([C@H](CO)O)O)O	c1a3dc76bc40701ac406cdc2b144a915	4928.0	5021.0	1812.0	1712.0	1712.0	2	C([C@H]([C@H](CO)O)O)O	c1a3dc76bc40701ac406cdc2b144a915	neither
Random-edge	2	C([C@H]([C@H]([C@@H](C=O)O)O)O)O	32e7363104afe067f8a31e761a3747a5	1295.0	1622.0	3307.0	3188.0	3189.0	2	C([C@H]([C@H]([C@@H](C=O)O)O)O)O	32e7363104afe067f8a31e761a3747a5	neither
Random-edge	2	C([C@H]([C@H]([C@@H]([C@@H](CO)O)O)O)O)O	9c3057cce677d596b6b0a92bb71932cb	3966.0	4119.0	3909.0	3877.0	3877.0	2	C([C@H]([C@H]([C@@H]([C@@H](CO)O)O)O)O)O	9c3057cce677d596b6b0a92bb71932cb	neither
Random-edge	2	C([C@H]([C@H]([C@@H]([C@H](CO)O)O)O)O)O	8a5c7b0e96ff785f5c99e66aaa1e2b2a	3578.0	3709.0	951.0	3545.0	3547.0	2	C([C@H]([C@H]([C@@H]([C@H](CO)O)O)O)O)O	8a5c7b0e96ff785f5c99e66aaa1e2b2a	protein_only
Random-edge	2	C([C@H]([C@H]([C@@H]([C@H](CO)O)O)O)O)O	a2d189749af6d11797f208916dc8dacd	4171.0	4276.0	987.0	4102.0	4100.0	2	C([C@H]([C@H]([C@@H]([C@H](CO)O)O)O)O)O	a2d189749af6d11797f208916dc8dacd	protein_only
Random-edge	2	C1(C(C(C(C(C1O)O)O)O)O)O	75a3b6f8b6d45965525d324935262d85	3010.0	3219.0	2564.0	2406.0	2409.0	2	C1(C(C(C(C(C1O)O)O)O)O)O	75a3b6f8b6d45965525d324935262d85	neither
Random-edge	2	C12=C(NC(=O)N1)NC(=O)NC2=O	1dfbfd4fe197a313a91ec897f8989113	785.0	1122.0	793.0	938.0	938.0	2	C12=C(NC(=O)N1)NC(=O)NC2=O	1dfbfd4fe197a313a91ec897f8989113	protein_only
Random-edge	2	C1=C(C=C(C(=C1Cl)O)Cl)Cl	ed9cae1a10e942672ea732b0227b21f7	6019.0	4.0	1.0	4.0	1.0	2	C1=C(C=C(C(=C1Cl)O)Cl)Cl	ed9cae1a10e942672ea732b0227b21f7	ligand_only
Random-edge	2	C1=CC(=C(C=C1C(=O)O)O)[O-]	7e35611ff47b4475dfeb604b526175e8	3233.0	3429.0	33.0	17.0	30.0	2	C1=CC(=C(C=C1C(=O)O)O)[O-]	7e35611ff47b4475dfeb604b526175e8	neither
Random-edge	2	C1=CC(=C(C=C1C2=CC(=O)C3=C(O2)C=C(C=C3)O)O)O	de22dd68ad2a20975814057d3b412b56	5645.0	1.0	2.0	1.0	1.0	2	C1=CC(=C(C=C1C2=CC(=O)C3=C(O2)C=C(C=C3)O)O)O	de22dd68ad2a20975814057d3b412b56	ligand_only
Random-edge	2	C1=CC(=C(C=C1C2C(C(=O)C3=C(C=C(C=C3O2)O)O)O)O)O	de22dd68ad2a20975814057d3b412b56	2.0	10.0	2.0	5.0	5.0	2	C1=CC(=C(C=C1C2C(C(=O)C3=C(C=C(C=C3O2)O)O)O)O)O	de22dd68ad2a20975814057d3b412b56	both
Random-edge	2	C1=CC(=C(C=C1CC(=O)O)Cl)O	28995a05778b7991174ba659d0c59eee	1049.0	2.0	149.0	2.0	4.0	2	C1=CC(=C(C=C1CC(=O)O)Cl)O	28995a05778b7991174ba659d0c59eee	ligand_only
Random-edge	2	C1=CC(=C(C=C1Cl)Cl)O	ed9cae1a10e942672ea732b0227b21f7	6019.0	24.0	9.0	24.0	16.0	2	C1=CC(=C(C=C1Cl)Cl)O	ed9cae1a10e942672ea732b0227b21f7	ligand_only
Random-edge	2	C1=CC(=C(C=C1Cl)O)OC2=C(C=C(C=C2)Cl)Cl	ed9cae1a10e942672ea732b0227b21f7	32.0	24.0	61.0	34.0	17.0	2	C1=CC(=C(C=C1Cl)O)OC2=C(C=C(C=C2)Cl)Cl	ed9cae1a10e942672ea732b0227b21f7	both
Random-edge	2	C1=CC(=C(C=C1N)O)C(=O)[O-]	70f81efe2e633d3049babd7e342e9b08	2907.0	3123.0	1083.0	880.0	884.0	2	C1=CC(=C(C=C1N)O)C(=O)[O-]	70f81efe2e633d3049babd7e342e9b08	neither
Random-edge	2	C1=CC(=C(C=C1O)C(=O)O)O	33f0d6ab60f41030462812b293488bb3	1317.0	33.0	8.0	211.0	147.0	2	C1=CC(=C(C=C1O)C(=O)O)O	33f0d6ab60f41030462812b293488bb3	ligand_only
Random-edge	2	C1=CC(=C(C=C1[N+](=O)[O-])[N+](=O)[O-])O	f989fd5b26380b589faf7a7bb8a524cb	6298.0	6305.0	287.0	6110.0	6103.0	2	C1=CC(=C(C=C1[N+](=O)[O-])[N+](=O)[O-])O	f989fd5b26380b589faf7a7bb8a524cb	protein_only
Random-edge	2	C1=CC(=CC(=C1)Br)C(=O)[O-]	7778980e5ac87e0bb8e6c8cfea5ef5af	2.0	2.0	2.0	2.0	2.0	2	C1=CC(=CC(=C1)Br)C(=O)[O-]	7778980e5ac87e0bb8e6c8cfea5ef5af	both
Random-edge	2	C1=CC(=CC(=C1)Cl)NN=C(C#N)C#N	fb6e88c6713a37167434ab00fcd8dc48	6347.0	1.0	12.0	1.0	1.0	2	C1=CC(=CC(=C1)Cl)NN=C(C#N)C#N	fb6e88c6713a37167434ab00fcd8dc48	ligand_only
Random-edge	2	C1=CC(=CC(=C1)O)CCC(=O)[O-]	62040962c3fe17fc1c7f7539ddf2f4d3	2506.0	1.0	1.0	1.0	1.0	2	C1=CC(=CC(=C1)O)CCC(=O)[O-]	62040962c3fe17fc1c7f7539ddf2f4d3	ligand_only
Random-edge	2	C1=CC(=CC=C1C(=O)O)O	ec3d822b62cf0c4398f20bc111373d53	5971.0	2.0	46.0	38.0	29.0	2	C1=CC(=CC=C1C(=O)O)O	ec3d822b62cf0c4398f20bc111373d53	both
Random-edge	2	C1=CC(=CC=C1C2=C(C(=O)C3=C(C=C(C=C3O2)O)O)O)O	65286cb7c8215f289fd210bb395278d4	6.0	15.0	5.0	7.0	7.0	2	C1=CC(=CC=C1C2=C(C(=O)C3=C(C=C(C=C3O2)O)O)O)O	65286cb7c8215f289fd210bb395278d4	both
Random-edge	2	C1=CC(=CC=C1C2=CC(=O)C3=C(O2)C=C(C=C3)O)O	dc9475fd23b2a1a448a8559f04c02975	5610.0	2.0	2.0	2.0	2.0	2	C1=CC(=CC=C1C2=CC(=O)C3=C(O2)C=C(C=C3)O)O	dc9475fd23b2a1a448a8559f04c02975	ligand_only
Random-edge	2	C1=CC(=CC=C1C2=CC(=O)C3=C(O2)C=C(C=C3)O)O	de22dd68ad2a20975814057d3b412b56	5645.0	1.0	1.0	1.0	1.0	2	C1=CC(=CC=C1C2=CC(=O)C3=C(O2)C=C(C=C3)O)O	de22dd68ad2a20975814057d3b412b56	ligand_only
Random-edge	2	C1=CC(=CC=C1C2=CC3=C(N2)C=C(C=C3)C(=N)N)C(=N)N	506feb33435607c1483aefbbb4983a16	2057.0	1.0	1.0	4.0	3.0	2	C1=CC(=CC=C1C2=CC3=C(N2)C=C(C=C3)C(=N)N)C(=N)N	506feb33435607c1483aefbbb4983a16	both
Random-edge	2	C1=CC(=CC=C1CO)Cl	fbd2e3540d73868a25cd309b410b2bd7	6360.0	1.0	5.0	1.0	2.0	2	C1=CC(=CC=C1CO)Cl	fbd2e3540d73868a25cd309b410b2bd7	ligand_only
Random-edge	2	C1=CC(=C[N+](=C1)[C@H]2[C@@H]([C@@H]([C@H](O2)COP(=O)(O)OP(=O)([O-])OC[C@@H]3[C@H]([C@H]([C@@H](O3)N4C=NC5=C(N=CN=C54)N)O)O)O)O)C(=O)N	79f2d641fc35a223bde10f005a05f411	3128.0	3332.0	1305.0	1165.0	1167.0	2	C1=CC(=C[N+](=C1)[C@H]2[C@@H]([C@@H]([C@H](O2)COP(=O)(O)OP(=O)([O-])OC[C@@H]3[C@H]([C@H]([C@@H](O3)N4C=NC5=C(N=CN=C54)N)O)O)O)O)C(=O)N	79f2d641fc35a223bde10f005a05f411	neither
Random-edge	2	C1=CC(=O)OC1CC(=O)OC(=O)O	274e67c5a1ff0653d52d9adb7ba107d2	1011.0	1360.0	39.0	16.0	16.0	2	C1=CC(=O)OC1CC(=O)OC(=O)O	274e67c5a1ff0653d52d9adb7ba107d2	neither
Random-edge	2	C1=CC=C(C(=C1)C(=O)O)[O-]	70f81efe2e633d3049babd7e342e9b08	2944.0	3120.0	246.0	2952.0	2941.0	2	C1=CC=C(C(=C1)C(=O)O)[O-]	70f81efe2e633d3049babd7e342e9b08	protein_only
Random-edge	2	C1=CC=C(C(=C1)C(=O)O)[O-]	7491b973920367d57bff7e055ae7b44a	3020.0	3194.0	1810.0	3025.0	3025.0	2	C1=CC=C(C(=C1)C(=O)O)[O-]	7491b973920367d57bff7e055ae7b44a	protein_only
Random-edge	2	C1=CC=C(C(=C1)C(=O)O)[O-]	cad395e3116df1c3d268532f0e9da79b	20.0	5236.0	1747.0	19.0	28.0	2	C1=CC=C(C(=C1)C(=O)O)[O-]	cad395e3116df1c3d268532f0e9da79b	protein_only
Random-edge	2	C1=CC=C(C(=C1)[N+](=O)[O-])O	d71a5f0ba47b0a0edf233917ad3c036d	5479.0	4.0	2.0	4.0	2.0	2	C1=CC=C(C(=C1)[N+](=O)[O-])O	d71a5f0ba47b0a0edf233917ad3c036d	ligand_only
Random-edge	2	C1=CC=C(C=C1)C(=O)[O-]	e8b9a7cf73b430bac3688dfbe705d433	1.0	7.0	1.0	1.0	1.0	2	C1=CC=C(C=C1)C(=O)[O-]	e8b9a7cf73b430bac3688dfbe705d433	both
Random-edge	2	C1=CC=C(C=C1)C2=CC(=O)C3=C(O2)C=C(C=C3)O	2d23a9d0eabe55875c58261b6edad005	4.0	29.0	2.0	5.0	5.0	2	C1=CC=C(C=C1)C2=CC(=O)C3=C(O2)C=C(C=C3)O	2d23a9d0eabe55875c58261b6edad005	both
Random-edge	2	C1=CC=C(C=C1)C2=NNC(=N2)C3=CC=C(C=C3)F	e937c04535573a9dbeacf5ab972b0e8d	5901.0	60.0	4.0	249.0	182.0	2	C1=CC=C(C=C1)C2=NNC(=N2)C3=CC=C(C=C3)F	e937c04535573a9dbeacf5ab972b0e8d	ligand_only
Random-edge	2	C1=CC=C(C=C1)C[C@@H](C(=O)O)N	2d30e9c6a468d54a6af5c09e8e9ff6b1	1169.0	1.0	18.0	1.0	2.0	2	C1=CC=C(C=C1)C[C@@H](C(=O)O)N	2d30e9c6a468d54a6af5c09e8e9ff6b1	ligand_only
Random-edge	2	C1=CC=C(C=C1)S(=O)(=O)[O-]	a5b252bfc3d0b31dc236b5878691cc8c	4207.0	12.0	7.0	19.0	5.0	2	C1=CC=C(C=C1)S(=O)(=O)[O-]	a5b252bfc3d0b31dc236b5878691cc8c	ligand_only
Random-edge	2	C1=CC=C2C(=C1)C(=CN2)CC(=O)O	d193f6905753f1c78f731671041151ae	5321.0	1.0	2.0	28.0	28.0	2	C1=CC=C2C(=C1)C(=CN2)CC(=O)O	d193f6905753f1c78f731671041151ae	both
Random-edge	2	C1=CC=C2C(=C1)C=CC(=C2O)N=NC3=C4C=CC(=CC4=C(C=C3O)S(=O)(=O)[O-])[N+](=O)[O-].[Na+]	8f4196da191608b11dd0dd3b2f4e22ea	3651.0	82.0	28.0	854.0	793.0	2	C1=CC=C2C(=C1)C=CC(=C2O)N=NC3=C4C=CC(=CC4=C(C=C3O)S(=O)(=O)[O-])[N+](=O)[O-].[Na+]	8f4196da191608b11dd0dd3b2f4e22ea	ligand_only
Random-edge	2	C1=CC=C2C(=C1)N=C3C=CC=C(C3=N2)C(=O)O	35f4ffa33a2bf5a1d756db0063cc379e	1552.0	1689.0	1275.0	1662.0	1662.0	2	C1=CC=C2C(=C1)N=C3C=CC=C(C3=N2)C(=O)O	35f4ffa33a2bf5a1d756db0063cc379e	protein_only
Random-edge	2	C1=CN(C=N1)CCC(=O)[O-]	6b4ed5ac602337882e9882a02b6c5d11	2770.0	70.0	313.0	992.0	969.0	2	C1=CN(C=N1)CCC(=O)[O-]	6b4ed5ac602337882e9882a02b6c5d11	ligand_only
Random-edge	2	C1=CN=CC=C1C(=O)NN	703731838437a22018a315dbd47848e1	2888.0	3105.0	232.0	2901.0	2901.0	2	C1=CN=CC=C1C(=O)NN	703731838437a22018a315dbd47848e1	protein_only
Random-edge	2	C1=NC(=C2C(=N1)N(C=N2)[C@@H]3[C@@H]([C@@H]([C@H](O3)COP(=O)(O)OS(=O)(=O)O)O)O)N	fef30d4c9e0272bdb7e00d090bbb769b	6433.0	2.0	2.0	2.0	1.0	2	C1=NC(=C2C(=N1)N(C=N2)[C@@H]3[C@@H]([C@@H]([C@H](O3)COP(=O)(O)OS(=O)(=O)O)O)O)N	fef30d4c9e0272bdb7e00d090bbb769b	ligand_only
Random-edge	2	C1=NC(=C2C(=N1)N(C=N2)[C@H]3[C@@H]([C@@H]([C@H](O3)COP(=O)(O)OP(=O)(O)OC[C@@H]4[C@H]([C@H]([C@@H](O4)O)O)O)O)O)N	d3eca727231a6a5c1825a7737c094645	5394.0	5459.0	218.0	211.0	212.0	2	C1=NC(=C2C(=N1)N(C=N2)[C@H]3[C@@H]([C@@H]([C@H](O3)COP(=O)(O)OP(=O)(O)OC[C@@H]4[C@H]([C@H]([C@@H](O4)O)O)O)O)O)N	d3eca727231a6a5c1825a7737c094645	neither
Random-edge	2	C1=NC2=C(N1)C(=O)NC(=O)N2	5af6a3118746fa391bf78318a1462877	2334.0	2582.0	96.0	2380.0	2374.0	2	C1=NC2=C(N1)C(=O)NC(=O)N2	5af6a3118746fa391bf78318a1462877	protein_only
Random-edge	2	C1C(C(C(C(=O)O1)O)O)O	d59e665a3d710b06925d6bde1c8b91d6	5443.0	327.0	615.0	4860.0	4832.0	2	C1C(C(C(C(=O)O1)O)O)O	d59e665a3d710b06925d6bde1c8b91d6	ligand_only
Random-edge	2	C1C(OC2=CC=CC=C2C1=O)C3=CC=CC=C3	89db38f5d27836a8aa2d7b3061fe21d3	3521.0	8.0	185.0	9.0	11.0	2	C1C(OC2=CC=CC=C2C1=O)C3=CC=CC=C3	89db38f5d27836a8aa2d7b3061fe21d3	ligand_only
Random-edge	2	C1C=CN(C=C1C(=O)N)[C@H]2[C@@H]([C@@H]([C@H](O2)COP(=O)(O)OP(=O)(O)OC[C@@H]3[C@H]([C@H]([C@@H](O3)N4C=NC5=C(N=CN=C54)N)O)O)O)O	37d0b6d0de038c7a6e3d0a072e67df91	1409.0	1729.0	2021.0	1888.0	1890.0	2	C1C=CN(C=C1C(=O)N)[C@H]2[C@@H]([C@@H]([C@H](O2)COP(=O)(O)OP(=O)(O)OC[C@@H]3[C@H]([C@H]([C@@H](O3)N4C=NC5=C(N=CN=C54)N)O)O)O)O	37d0b6d0de038c7a6e3d0a072e67df91	neither
Random-edge	2	C1C=CN(C=C1C(=O)N)[C@H]2[C@@H]([C@@H]([C@H](O2)COP(=O)(O)OP(=O)(O)OC[C@@H]3[C@H]([C@H]([C@@H](O3)N4C=NC5=C(N=CN=C54)N)O)O)O)O	79f2d641fc35a223bde10f005a05f411	3128.0	3332.0	692.0	590.0	591.0	2	C1C=CN(C=C1C(=O)N)[C@H]2[C@@H]([C@@H]([C@H](O2)COP(=O)(O)OP(=O)(O)OC[C@@H]3[C@H]([C@H]([C@@H](O3)N4C=NC5=C(N=CN=C54)N)O)O)O)O	79f2d641fc35a223bde10f005a05f411	neither
Random-edge	2	C1CC1C(=O)C2CC2	936bba5d2ce12a5aa16a51240affa10d	3751.0	3915.0	1335.0	1117.0	1117.0	2	C1CC1C(=O)C2CC2	936bba5d2ce12a5aa16a51240affa10d	neither
Random-edge	2	C1C[C@H](NC1)C(=O)O	884e2c3c155627527491df46cab43073	2.0	3658.0	5343.0	1.0	2.0	2	C1C[C@H](NC1)C(=O)O	884e2c3c155627527491df46cab43073	protein_only
Random-edge	2	C1[C@@H]([C@@H]([C@H](C(O1)O)O)O)O	f07d4f3f0080778a7d41505d784155bc	6095.0	6112.0	2769.0	5916.0	5918.0	2	C1[C@@H]([C@@H]([C@H](C(O1)O)O)O)O	f07d4f3f0080778a7d41505d784155bc	protein_only
Random-edge	2	C1[C@@H]2CN(CN2C3=C(N1)N=C(NC3=O)N)C4=CC=C(C=C4)C(=O)NC(CCC(=O)O)C(=O)O	f15febc5d993f4120a98da94a6f03671	6109.0	6127.0	2040.0	1877.0	1881.0	2	C1[C@@H]2CN(CN2C3=C(N1)N=C(NC3=O)N)C4=CC=C(C=C4)C(=O)NC(CCC(=O)O)C(=O)O	f15febc5d993f4120a98da94a6f03671	neither
Random-edge	2	C1[C@@H]2[C@H]([C@H]([C@@H](O2)N3C=NC4=C(N=CN=C43)N)O)OP(=O)(OC[C@@H]5[C@H]([C@H]([C@@H](O5)N6C=NC7=C(N=CN=C76)N)O)OP(=O)(O1)O)O	b400dc39150ffad0b9cf186add4c38e6	4670.0	2.0	2.0	2.0	1.0	2	C1[C@@H]2[C@H]([C@H]([C@@H](O2)N3C=NC4=C(N=CN=C43)N)O)OP(=O)(OC[C@@H]5[C@H]([C@H]([C@@H](O5)N6C=NC7=C(N=CN=C76)N)O)OP(=O)(O1)O)O	b400dc39150ffad0b9cf186add4c38e6	both
Random-edge	2	C1[C@H](OC2=CC(=CC(=C2C1=O)O)O)C3=CC(=C(C=C3)O)O	de22dd68ad2a20975814057d3b412b56	2.0	5.0	4.0	2.0	2.0	2	C1[C@H](OC2=CC(=CC(=C2C1=O)O)O)C3=CC(=C(C=C3)O)O	de22dd68ad2a20975814057d3b412b56	both
Random-edge	2	C1[C@H](OC2=CC(=CC(=C2C1=O)O)O)C3=CC=C(C=C3)O	565138dd35eebdf76237e9c0b48f4152	2.0	13.0	9.0	13.0	10.0	2	C1[C@H](OC2=CC(=CC(=C2C1=O)O)O)C3=CC=C(C=C3)O	565138dd35eebdf76237e9c0b48f4152	both
Random-edge	2	C1[C@H]([C@@H]([C@H](C(O1)O)O)O)O	00a82d6c6e0d7f1ab456ff684a37cabf	236.0	1.0	2.0	3.0	2.0	2	C1[C@H]([C@@H]([C@H](C(O1)O)O)O)O	00a82d6c6e0d7f1ab456ff684a37cabf	both
Random-edge	2	C1[C@H]([C@@H]([C@H](C(O1)O)O)O)O	118c15447cdf32c3d20c7708eae08b8b	22.0	10.0	176.0	16.0	9.0	2	C1[C@H]([C@@H]([C@H](C(O1)O)O)O)O	118c15447cdf32c3d20c7708eae08b8b	both
Random-edge	2	CC(=O)C(=O)[O-]	46a9878e5f5f0a1f25c26a908baa14ab	1809.0	1.0	18.0	35.0	28.0	2	CC(=O)C(=O)[O-]	46a9878e5f5f0a1f25c26a908baa14ab	both
Random-edge	2	CC(=O)C1=C(C(=C(C=C1O)O)C(=O)C)O	ffbb2d4b803cf31b024971047bb5c441	6447.0	6448.0	12.0	6248.0	6206.0	2	CC(=O)C1=C(C(=C(C=C1O)O)C(=O)C)O	ffbb2d4b803cf31b024971047bb5c441	protein_only
Random-edge	2	CC(=O)C1CCC2C1(CCC3C2CCC4=CC(=O)CCC34C)C	96dfd42f15b450646d33d7e3f78edcf9	3830.0	2.0	1.0	2.0	2.0	2	CC(=O)C1CCC2C1(CCC3C2CCC4=CC(=O)CCC34C)C	96dfd42f15b450646d33d7e3f78edcf9	ligand_only
Random-edge	2	CC(=O)NC1C(C(C(OC1O)COP(=O)(O)O)O)O	958ba29334f789f470d07397b634d739	3800.0	3961.0	198.0	195.0	196.0	2	CC(=O)NC1C(C(C(OC1O)COP(=O)(O)O)O)O	958ba29334f789f470d07397b634d739	neither
Random-edge	2	CC(=O)NC1C(C(C(OC1O)COP(=O)(O)O)O)O	b46f10ef56added92a63b1b09f0f6dac	4598.0	1.0	30.0	1.0	1.0	2	CC(=O)NC1C(C(C(OC1O)COP(=O)(O)O)O)O	b46f10ef56added92a63b1b09f0f6dac	ligand_only
Random-edge	2	CC(=O)N[C@@H]1[C@H](CC(O[C@H]1[C@@H]([C@@H](CO)O)O)(C(=O)O)O)O	f045ac8532b007ba5d1d09a74fe1186e	6093.0	6111.0	780.0	661.0	662.0	2	CC(=O)N[C@@H]1[C@H](CC(O[C@H]1[C@@H]([C@@H](CO)O)O)(C(=O)O)O)O	f045ac8532b007ba5d1d09a74fe1186e	neither
Random-edge	2	CC(=O)N[C@@H]1[C@H]([C@@H]([C@H](O[C@H]1O[C@@H]2[C@H](OC([C@@H]([C@H]2O)NC(=O)C)O)CO)CO)O)O	d8d0320c909ab4012575b41505f8932d	5512.0	8.0	27.0	8.0	5.0	2	CC(=O)N[C@@H]1[C@H]([C@@H]([C@H](O[C@H]1O[C@@H]2[C@H](OC([C@@H]([C@H]2O)NC(=O)C)O)CO)CO)O)O	d8d0320c909ab4012575b41505f8932d	ligand_only
Random-edge	2	CC(=O)OC[C@@H](C(=O)O)N	0e6a555c3399b9bf19c5f08dff954f20	461.0	750.0	1326.0	623.0	623.0	2	CC(=O)OC[C@@H](C(=O)O)N	0e6a555c3399b9bf19c5f08dff954f20	protein_only
Random-edge	2	CC(=O)[C@H]1CC[C@@H]2[C@@]1(CC[C@H]3[C@H]2CCC4=CC(=O)CC[C@]34C)C	471c70c900552b5e9081db33b52a5ab4	1804.0	1.0	1.0	1.0	1.0	2	CC(=O)[C@H]1CC[C@@H]2[C@@]1(CC[C@H]3[C@H]2CCC4=CC(=O)CC[C@]34C)C	471c70c900552b5e9081db33b52a5ab4	ligand_only
Random-edge	2	CC(=O)[O-]	efd434f12dfcb5e89f13c44d637deba2	6076.0	2.0	1.0	2.0	1.0	2	CC(=O)[O-]	efd434f12dfcb5e89f13c44d637deba2	ligand_only
Random-edge	2	CC(=O)c1c(O)cc(O)c(C(C)=O)c1O	0e6410067fb3d6eb5f154b348a372b15	365.0	750.0	79.0	42.0	42.0	2	CC(=O)c1c(O)cc(O)c(C(C)=O)c1O	0e6410067fb3d6eb5f154b348a372b15	neither
Random-edge	2	CC(=O)c1c(O)cc(O)c(C(C)=O)c1O	34ded561ec6698344bffa193f5e47deb	1338.0	13.0	142.0	141.0	138.0	2	CC(=O)c1c(O)cc(O)c(C(C)=O)c1O	34ded561ec6698344bffa193f5e47deb	ligand_only
Random-edge	2	CC(C(=O)[O-])O	3393553806422365e2c79d33fa1fba35	1308.0	30.0	97.0	162.0	151.0	2	CC(C(=O)[O-])O	3393553806422365e2c79d33fa1fba35	ligand_only
Random-edge	2	CC(C)(COP(=O)(O)OP(=O)(O)OC[C@@H]1[C@H]([C@H]([C@@H](O1)N2C=NC3=C(N=CN=C32)N)O)OP(=O)(O)O)[C@H](C(=O)NCCC(=O)NCCSC(=O)C4=CC=C(C=C4)Cl)O	f9b6ef990a0b83a3eeeb133d4584bd1d	6305.0	6315.0	51.0	47.0	47.0	2	CC(C)(COP(=O)(O)OP(=O)(O)OC[C@@H]1[C@H]([C@H]([C@@H](O1)N2C=NC3=C(N=CN=C32)N)O)OP(=O)(O)O)[C@H](C(=O)NCCC(=O)NCCSC(=O)C4=CC=C(C=C4)Cl)O	f9b6ef990a0b83a3eeeb133d4584bd1d	neither
Random-edge	2	CC(C)(COP(=O)(O)OP(=O)(O)OC[C@@H]1[C@H]([C@H]([C@@H](O1)N2C=NC3=C(N=CN=C32)N)O)OP(=O)(O)O)[C@H](C(=O)NCCC(=O)NCCSC(=O)C4CCCCC4=O)O	b146a40cae7d61009ca2a001971a3d27	4507.0	1.0	1.0	1.0	1.0	2	CC(C)(COP(=O)(O)OP(=O)(O)OC[C@@H]1[C@H]([C@H]([C@@H](O1)N2C=NC3=C(N=CN=C32)N)O)OP(=O)(O)O)[C@H](C(=O)NCCC(=O)NCCSC(=O)C4CCCCC4=O)O	b146a40cae7d61009ca2a001971a3d27	ligand_only
Random-edge	2	CC(C)(COP(=O)(O)OP(=O)(O)OC[C@@H]1[C@H]([C@H]([C@@H](O1)N2C=NC3=C(N=CN=C32)N)O)OP(=O)(O)O)[C@H](C(=O)NCCC(=O)NCCSC(=O)CC4=CC=CC=C4)O	70054024c316ccad1f86710ab6516372	2.0	3100.0	350.0	2.0	9.0	2	CC(C)(COP(=O)(O)OP(=O)(O)OC[C@@H]1[C@H]([C@H]([C@@H](O1)N2C=NC3=C(N=CN=C32)N)O)OP(=O)(O)O)[C@H](C(=O)NCCC(=O)NCCSC(=O)CC4=CC=CC=C4)O	70054024c316ccad1f86710ab6516372	protein_only
Random-edge	2	CC(C)C[C@@H](C(=O)O)N	60feb0dfbdfa96c198c39b45781a4348	5.0	2.0	1.0	4.0	4.0	2	CC(C)C[C@@H](C(=O)O)N	60feb0dfbdfa96c198c39b45781a4348	both
Random-edge	2	CC(C)[C@@H](C(=O)O)N	27b2ccde0d42cfb4b497c3cf099b146f	12.0	6.0	3.0	11.0	6.0	2	CC(C)[C@@H](C(=O)O)N	27b2ccde0d42cfb4b497c3cf099b146f	both
Random-edge	2	CC1(C2CC3C(C(=O)C(=C(C3(C(=O)C2=C(C4=C1C=CC=C4O)O)O)N)O)O	f7619a99a2b6ed5dda4c221fa362073b	6254.0	6254.0	64.0	64.0	65.0	2	CC1(C2CC3C(C(=O)C(=C(C3(C(=O)C2=C(C4=C1C=CC=C4O)O)O)N)O)O	f7619a99a2b6ed5dda4c221fa362073b	neither
Random-edge	2	CC1(C[C@H]2C=C([C@H]3[C@]2(C1)[C@@]4(CO4)C(=O)OC3)C(=O)O)C	c1479d0338c90bd80be3b9dc83cc7f4b	4922.0	5015.0	4.0	1.0	1.0	2	CC1(C[C@H]2C=C([C@H]3[C@]2(C1)[C@@]4(CO4)C(=O)OC3)C(=O)O)C	c1479d0338c90bd80be3b9dc83cc7f4b	neither
Random-edge	2	CC1=C(C(=CC=C1)O)O	b2471b931a88b96814abaa16a0499b37	4.0	4.0	4.0	4.0	4.0	2	CC1=C(C(=CC=C1)O)O	b2471b931a88b96814abaa16a0499b37	both
Random-edge	2	CC1=C(C=C(C=C1)O)C	d71a5f0ba47b0a0edf233917ad3c036d	1.0	1.0	1.0	1.0	1.0	2	CC1=C(C=C(C=C1)O)C	d71a5f0ba47b0a0edf233917ad3c036d	both
Random-edge	2	CC1=C(C=CC(=C1)O)O	0a4449b059b992f5a88c2602b876770e	256.0	646.0	2077.0	1949.0	1949.0	2	CC1=C(C=CC(=C1)O)O	0a4449b059b992f5a88c2602b876770e	neither
Random-edge	2	CC1=C(C=CC2=C1OC(=O)C(=C2O)NC(=O)C3=CC(=C(C=C3)O)CC=C(C)C)O[C@H]4[C@@H]([C@@H]([C@H](C(O4)(C)C)OC)OC(=O)N)O	2a4404b3476d6b758615ab8b9c7cfbe0	1111.0	1435.0	51.0	1244.0	1214.0	2	CC1=C(C=CC2=C1OC(=O)C(=C2O)NC(=O)C3=CC(=C(C=C3)O)CC=C(C)C)O[C@H]4[C@@H]([C@@H]([C@H](C(O4)(C)C)OC)OC(=O)N)O	2a4404b3476d6b758615ab8b9c7cfbe0	protein_only
Random-edge	2	CC1=C2C(=CC3=C(C2=O)C(=CC=C3)O)CC(O1)CC(=O)O	b5744adeed2a2bf91a5ea03120e4ce28	4624.0	1.0	18.0	1.0	1.0	2	CC1=C2C(=CC3=C(C2=O)C(=CC=C3)O)CC(O1)CC(=O)O	b5744adeed2a2bf91a5ea03120e4ce28	ligand_only
Random-edge	2	CC1=CC(=CC=C1)CO	546b46c7837e512f9756dcb2ae138c03	268.0	2435.0	4392.0	268.0	280.0	2	CC1=CC(=CC=C1)CO	546b46c7837e512f9756dcb2ae138c03	protein_only
Random-edge	2	CC1=CC(=CC=C1)O	19fc1510d7eed99f825243ece76746a7	1.0	7.0	2.0	2.0	2.0	2	CC1=CC(=CC=C1)O	19fc1510d7eed99f825243ece76746a7	both
Random-edge	2	CC1=CC(=O)C2=C(C1=O)C=CC=C2O	d82c5a5f5ddc7a9f4152dbe6f3d1354b	5502.0	127.0	201.0	1474.0	1425.0	2	CC1=CC(=O)C2=C(C1=O)C=CC=C2O	d82c5a5f5ddc7a9f4152dbe6f3d1354b	ligand_only
Random-edge	2	CC1=NC=C(C(=C1O)CO)CO	cf1ac1423df53baa207595f5ca539e78	5258.0	2.0	148.0	2.0	7.0	2	CC1=NC=C(C(=C1O)CO)CO	cf1ac1423df53baa207595f5ca539e78	ligand_only
Random-edge	2	CC1=[N+](C2=CC=CC=C2C(=C1)N)CCCCCCCCCC[N+]3=C(C=C(C4=CC=CC=C43)N)C	33173afe48219fc9da31d27e924406ce	1345.0	5.0	2.0	58.0	32.0	2	CC1=[N+](C2=CC=CC=C2C(=C1)N)CCCCCCCCCC[N+]3=C(C=C(C4=CC=CC=C43)N)C	33173afe48219fc9da31d27e924406ce	both
Random-edge	2	CC1C2=C(C3C(O1)CC(=O)O3)C(=O)C4=C(C2=O)C(=CC=C4)O	b5744adeed2a2bf91a5ea03120e4ce28	4624.0	3.0	2.0	11.0	3.0	2	CC1C2=C(C3C(O1)CC(=O)O3)C(=O)C4=C(C2=O)C(=CC=C4)O	b5744adeed2a2bf91a5ea03120e4ce28	ligand_only
Random-edge	2	CC=C(C)C(=O)SCCNC(=O)CCNC(=O)C(C(C)(C)COP(=O)(O)OP(=O)(O)OCC1C(C(C(O1)N2C=NC3=C(N=CN=C32)N)O)OP(=O)(O)O)O	39bbdc17542b17769e1766121f5da97e	1457.0	1.0	20.0	1.0	1.0	2	CC=C(C)C(=O)SCCNC(=O)CCNC(=O)C(C(C)(C)COP(=O)(O)OP(=O)(O)OCC1C(C(C(O1)N2C=NC3=C(N=CN=C32)N)O)OP(=O)(O)O)O	39bbdc17542b17769e1766121f5da97e	ligand_only
Random-edge	2	CCC(=O)SCCNC(=O)CCNC(=O)[C@@H](C(C)(C)COP(=O)(O)OP(=O)(O)OC[C@@H]1[C@H]([C@H]([C@@H](O1)N2C=NC3=C(N=CN=C32)N)O)OP(=O)(O)O)O	39bbdc17542b17769e1766121f5da97e	93.0	9.0	8.0	4.0	4.0	2	CCC(=O)SCCNC(=O)CCNC(=O)[C@@H](C(C)(C)COP(=O)(O)OP(=O)(O)OC[C@@H]1[C@H]([C@H]([C@@H](O1)N2C=NC3=C(N=CN=C32)N)O)OP(=O)(O)O)O	39bbdc17542b17769e1766121f5da97e	both
Random-edge	2	CCC(=O)SCCNC(=O)CCNC(=O)[C@@H](C(C)(C)COP(=O)(O)OP(=O)(O)OC[C@@H]1[C@H]([C@H]([C@@H](O1)N2C=NC3=C(N=CN=C32)N)O)OP(=O)(O)O)O	efd434f12dfcb5e89f13c44d637deba2	46.0	10.0	10.0	3.0	3.0	2	CCC(=O)SCCNC(=O)CCNC(=O)[C@@H](C(C)(C)COP(=O)(O)OP(=O)(O)OC[C@@H]1[C@H]([C@H]([C@@H](O1)N2C=NC3=C(N=CN=C32)N)O)OP(=O)(O)O)O	efd434f12dfcb5e89f13c44d637deba2	both
Random-edge	2	CCCC(C)C1(C(=O)NC(=O)NC1=O)CC	3ad8d1ac9fa33321ec719e1144338f5c	1491.0	1.0	31.0	5.0	1.0	2	CCCC(C)C1(C(=O)NC(=O)NC1=O)CC	3ad8d1ac9fa33321ec719e1144338f5c	ligand_only
Random-edge	2	CCCCCC1=C(C(=CC(=C1)O)O)C(=O)O	c9c6b4714ddbf9e260eb72b453e99ce6	5147.0	5219.0	225.0	112.0	117.0	2	CCCCCC1=C(C(=CC(=C1)O)O)C(=O)O	c9c6b4714ddbf9e260eb72b453e99ce6	neither
Random-edge	2	CCCCCC1=CC(=C(C(=C1C(=O)O)O)[C@@H]2C=C(CC[C@H]2C(=C)C)C)O	706ea653ec20b9b1cdd43aac78d1c31c	2894.0	118.0	54.0	1847.0	1785.0	2	CCCCCC1=CC(=C(C(=C1C(=O)O)O)[C@@H]2C=C(CC[C@H]2C(=C)C)C)O	706ea653ec20b9b1cdd43aac78d1c31c	ligand_only
Random-edge	2	CCCCCCCC/C=C\CCCCCCCC(=O)O	926d1f4405dc0193cea5c601961b432d	3730.0	2.0	10.0	7.0	7.0	2	CCCCCCCC/C=C\CCCCCCCC(=O)O	926d1f4405dc0193cea5c601961b432d	both
Random-edge	2	CCCCCCCC/C=C\CCCCCCCC(=O)SCCNC(=O)CCNC(=O)[C@@H](C(C)(C)COP(=O)(O)OP(=O)(O)OC[C@@H]1[C@H]([C@H]([C@@H](O1)N2C=NC3=C(N=CN=C32)N)O)OP(=O)(O)O)O	ec60f63c47e5fd0a61903238b5e328e8	6000.0	4.0	117.0	7.0	5.0	2	CCCCCCCC/C=C\CCCCCCCC(=O)SCCNC(=O)CCNC(=O)[C@@H](C(C)(C)COP(=O)(O)OP(=O)(O)OC[C@@H]1[C@H]([C@H]([C@@H](O1)N2C=NC3=C(N=CN=C32)N)O)OP(=O)(O)O)O	ec60f63c47e5fd0a61903238b5e328e8	both
Random-edge	2	CCCCCCCCCCCCCCCC(=O)O	66f53987495986c37873f2128def1b65	2721.0	2883.0	475.0	2749.0	2746.0	2	CCCCCCCCCCCCCCCC(=O)O	66f53987495986c37873f2128def1b65	protein_only
Random-edge	2	CCCCCCCCCCCCCCCCCC(=O)OC[C@H](CO)O	e4dc2bf6148e845df2e29e9227f649be	5792.0	5833.0	150.0	95.0	97.0	2	CCCCCCCCCCCCCCCCCC(=O)OC[C@H](CO)O	e4dc2bf6148e845df2e29e9227f649be	neither
Random-edge	2	CCCCCCCCCCCCCCCC[N+](C)(C)C	8f4196da191608b11dd0dd3b2f4e22ea	3651.0	60.0	387.0	1255.0	1233.0	2	CCCCCCCCCCCCCCCC[N+](C)(C)C	8f4196da191608b11dd0dd3b2f4e22ea	ligand_only
Random-edge	2	CCCCCCCCCCCCCC[N+](C)(C)CC1=CC=CC=C1.[Cl-]	8f4196da191608b11dd0dd3b2f4e22ea	3651.0	30.0	214.0	155.0	158.0	2	CCCCCCCCCCCCCC[N+](C)(C)CC1=CC=CC=C1.[Cl-]	8f4196da191608b11dd0dd3b2f4e22ea	ligand_only
Random-edge	2	CCCCCCO	676eab037c878bfed933ed17ce320e00	2659.0	36.0	153.0	398.0	357.0	2	CCCCCCO	676eab037c878bfed933ed17ce320e00	ligand_only
Random-edge	2	CCCCOC(=O)C1=CC=C(C=C1)O	565138dd35eebdf76237e9c0b48f4152	2.0	18.0	2.0	11.0	2.0	2	CCCCOC(=O)C1=CC=C(C=C1)O	565138dd35eebdf76237e9c0b48f4152	both
Random-edge	2	CCN1C(=O)C=CC1=O	4b85f20ebdbc76fe82a7617ff61733b4	2.0	2189.0	1.0	2.0	2.0	2	CCN1C(=O)C=CC1=O	4b85f20ebdbc76fe82a7617ff61733b4	protein_only
Random-edge	2	CCNC1=CC2=C(C=C1C)C(=C3C=C(C(=[NH+]CC)C=C3O2)C)C4=CC=CC=C4C(=O)OCC.[Cl-]	506feb33435607c1483aefbbb4983a16	78.0	24.0	12.0	103.0	52.0	2	CCNC1=CC2=C(C=C1C)C(=C3C=C(C(=[NH+]CC)C=C3O2)C)C4=CC=CC=C4C(=O)OCC.[Cl-]	506feb33435607c1483aefbbb4983a16	both
Random-edge	2	CCOC1=CC=C(C=C1)C2=NC3=C(N2)C=C(C=C3)C4=NC5=C(N4)C=C(C=C5)N6CCN(CC6)C	77112724e1af6cd7b40cf57b3aa53751	3052.0	3258.0	1633.0	1528.0	1531.0	2	CCOC1=CC=C(C=C1)C2=NC3=C(N2)C=C(C=C3)C4=NC5=C(N4)C=C(C=C5)N6CCN(CC6)C	77112724e1af6cd7b40cf57b3aa53751	neither
Random-edge	2	CC[N+]1=C2C=C(C=CC2=C3C=CC(=CC3=C1C4=CC=CC=C4)N)N	32107fa50582b7a601657b44105fe330	1415.0	1606.0	44.0	1519.0	1519.0	2	CC[N+]1=C2C=C(C=CC2=C3C=CC(=CC3=C1C4=CC=CC=C4)N)N	32107fa50582b7a601657b44105fe330	protein_only
Random-edge	2	CC[N+]1=C2C=C(C=CC2=C3C=CC(=CC3=C1C4=CC=CC=C4)N)N	33173afe48219fc9da31d27e924406ce	1434.0	1.0	1.0	13.0	1.0	2	CC[N+]1=C2C=C(C=CC2=C3C=CC(=CC3=C1C4=CC=CC=C4)N)N	33173afe48219fc9da31d27e924406ce	both
Random-edge	2	CC[N+]1=C2C=C(C=CC2=C3C=CC(=CC3=C1C4=CC=CC=C4)N)N	a42feb659a77b1874d2c6c72f1beeefc	20.0	238.0	82.0	71.0	47.0	2	CC[N+]1=C2C=C(C=CC2=C3C=CC(=CC3=C1C4=CC=CC=C4)N)N	a42feb659a77b1874d2c6c72f1beeefc	both
Random-edge	2	CC[N+]1=C2C=C(C=CC2=C3C=CC(=CC3=C1C4=CC=CC=C4)N)N.[Br-]	506feb33435607c1483aefbbb4983a16	78.0	4.0	1.0	53.0	20.0	2	CC[N+]1=C2C=C(C=CC2=C3C=CC(=CC3=C1C4=CC=CC=C4)N)N.[Br-]	506feb33435607c1483aefbbb4983a16	both
Random-edge	2	CN(C)C1=CC=C(C=C1)C(=C2C=CC(=[N+](C)C)C=C2)C3=CC=C(C=C3)N(C)C.[Cl-]	506feb33435607c1483aefbbb4983a16	2104.0	1.0	1.0	11.0	2.0	2	CN(C)C1=CC=C(C=C1)C(=C2C=CC(=[N+](C)C)C=C2)C3=CC=C(C=C3)N(C)C.[Cl-]	506feb33435607c1483aefbbb4983a16	both
Random-edge	2	CN(C)C1=CC=C(C=C1)C(=C2C=CC(=[N+](C)C)C=C2)C3=CC=CC=C3.[Cl-]	506feb33435607c1483aefbbb4983a16	2074.0	3.0	1.0	25.0	19.0	2	CN(C)C1=CC=C(C=C1)C(=C2C=CC(=[N+](C)C)C=C2)C3=CC=CC=C3.[Cl-]	506feb33435607c1483aefbbb4983a16	both
Random-edge	2	CN(C)[C@H]1[C@@H]2C[C@H]3C(=C(O)[C@]2(O)C(=O)C(C(N)=O)=C1O)C(=O)c1c(O)ccc(Cl)c1[C@@]3(C)O	48093dd13f4e8f02aba518dd7f2420fb	1829.0	1.0	7.0	1.0	1.0	2	CN(C)[C@H]1[C@@H]2C[C@H]3C(=C(O)[C@]2(O)C(=O)C(C(N)=O)=C1O)C(=O)c1c(O)ccc(Cl)c1[C@@]3(C)O	48093dd13f4e8f02aba518dd7f2420fb	ligand_only
Random-edge	2	CNCC(=O)O	4cc1e110c4384a7c65b8231c30f7ac4f	1940.0	2217.0	11.0	4.0	8.0	2	CNCC(=O)O	4cc1e110c4384a7c65b8231c30f7ac4f	neither
Random-edge	2	CO	6b2598efae5f9b780097d9747737af67	2765.0	2996.0	4220.0	4121.0	4122.0	2	CO	6b2598efae5f9b780097d9747737af67	neither
Random-edge	2	COC1=C(C2=C[N+]3=C(C=C2C=C1)C4=CC5=C(C=C4CC3)OCO5)OC	506feb33435607c1483aefbbb4983a16	2076.0	1.0	1.0	34.0	7.0	2	COC1=C(C2=C[N+]3=C(C=C2C=C1)C4=CC5=C(C=C4CC3)OCO5)OC	506feb33435607c1483aefbbb4983a16	both
Random-edge	2	COC1=C(C=CC(=C1)C(=O)O)[O-]	abc5f351933747be16187c4d711f6a05	4406.0	4492.0	138.0	4325.0	4325.0	2	COC1=C(C=CC(=C1)C(=O)O)[O-]	abc5f351933747be16187c4d711f6a05	protein_only
Random-edge	2	COC1=CC(=CC(=C1[O-])OC)C(=O)O	abc5f351933747be16187c4d711f6a05	4371.0	4493.0	192.0	4291.0	4282.0	2	COC1=CC(=CC(=C1[O-])OC)C(=O)O	abc5f351933747be16187c4d711f6a05	protein_only
Random-edge	2	COC1C(C(C(OC1C(=O)O)OC2C(C(COC2OC3COC(C(C3O)O)OC4COC(C(C4O)O)O)O)O)O)O	ac4aa0bbf3b67991f63545b0134635dd	4378.0	10.0	2219.0	10.0	18.0	2	COC1C(C(C(OC1C(=O)O)OC2C(C(COC2OC3COC(C(C3O)O)OC4COC(C(C4O)O)O)O)O)O)O	ac4aa0bbf3b67991f63545b0134635dd	ligand_only
Random-edge	2	COc1cccc(C)c1C(=O)O[C@@H]1C[C@H](O[C@H]2[C@H](O)C[C@H](O[C@@H]3CCC[C@H]4[C@H]3C=C[C@@H]3CCCC/C=C/[C@H]5C=C(C(=O)O)[C@@H](C)C[C@@]56OC(=O)C(=C6O)OC(=O)[C@@]34C)O[C@@H]2C)O[C@H](C)[C@H]1O	3aca75f20be539e77372177c470e3961	1487.0	1.0	28.0	1.0	1.0	2	COc1cccc(C)c1C(=O)O[C@@H]1C[C@H](O[C@H]2[C@H](O)C[C@H](O[C@@H]3CCC[C@H]4[C@H]3C=C[C@@H]3CCCC/C=C/[C@H]5C=C(C(=O)O)[C@@H](C)C[C@@]56OC(=O)C(=C6O)OC(=O)[C@@]34C)O[C@@H]2C)O[C@H](C)[C@H]1O	3aca75f20be539e77372177c470e3961	ligand_only
Random-edge	2	C[C@@H](C(=O)[O-])[O-]	ea9fc0943b77b21ed777b870e6597352	5924.0	1.0	21.0	1.0	1.0	2	C[C@@H](C(=O)[O-])[O-]	ea9fc0943b77b21ed777b870e6597352	ligand_only
Random-edge	2	C[C@@H]1C(=O)OC[C@@H]2[C@]13CC(C[C@H]3C=C2C(=O)O)(C)C	c1479d0338c90bd80be3b9dc83cc7f4b	4922.0	5015.0	21.0	3.0	4.0	2	C[C@@H]1C(=O)OC[C@@H]2[C@]13CC(C[C@H]3C=C2C(=O)O)(C)C	c1479d0338c90bd80be3b9dc83cc7f4b	neither
Random-edge	2	C[C@@H]1[C@@H]([C@@H]([C@H]([C@@H](O1)OC[C@@H]2[C@H]([C@@H]([C@H]([C@@H](O2)O[C@H]3CC[C@]4([C@H](C3(C)C)CC[C@@]5([C@@H]4CC=C6[C@]5(C[C@H]([C@@]7([C@H]6CC([C@H](C7)OC(=O)/C(=C/CC[C@](C)(C=C)O[C@H]8[C@@H]([C@H]([C@@H]([C@H](O8)C)OC(=O)/C(=C/CC[C@](C)(C=C)O)/CO)O)O)/CO)(C)C)C(=O)O[C@H]9[C@@H]([C@H]([C@@H]([C@H](O9)CO)O)O)O[C@H]1[C@@H]([C@@H]([C@H]([C@@H](O1)C)O[C@H]1[C@@H]([C@H]([C@@H](O1)CO)O)O)O[C@H]1[C@@H]([C@H]([C@@H]([C@H](O1)CO)O)O)O)O)O)C)C)C)NC(=O)C)O)O)O[C@H]1[C@@H]([C@H]([C@@H](CO1)O)O)O)O)O	506feb33435607c1483aefbbb4983a16	2056.0	177.0	128.0	2647.0	2589.0	2	C[C@@H]1[C@@H]([C@@H]([C@H]([C@@H](O1)OC[C@@H]2[C@H]([C@@H]([C@H]([C@@H](O2)O[C@H]3CC[C@]4([C@H](C3(C)C)CC[C@@]5([C@@H]4CC=C6[C@]5(C[C@H]([C@@]7([C@H]6CC([C@H](C7)OC(=O)/C(=C/CC[C@](C)(C=C)O[C@H]8[C@@H]([C@H]([C@@H]([C@H](O8)C)OC(=O)/C(=C/CC[C@](C)(C=C)O)/CO)O)O)/CO)(C)C)C(=O)O[C@H]9[C@@H]([C@H]([C@@H]([C@H](O9)CO)O)O)O[C@H]1[C@@H]([C@@H]([C@H]([C@@H](O1)C)O[C@H]1[C@@H]([C@H]([C@@H](O1)CO)O)O)O[C@H]1[C@@H]([C@H]([C@@H]([C@H](O1)CO)O)O)O)O)O)C)C)C)NC(=O)C)O)O)O[C@H]1[C@@H]([C@H]([C@@H](CO1)O)O)O)O)O	506feb33435607c1483aefbbb4983a16	ligand_only
Random-edge	2	C[C@H](CCC(=O)O)[C@H]1CC[C@@H]2[C@@]1([C@H](C[C@H]3[C@H]2CC[C@H]4[C@@]3(CC[C@H](C4)O)C)O)C	6a237bfc0e1d23e9ad904ab88ad2c93f	1.0	1.0	1.0	1.0	1.0	2	C[C@H](CCC(=O)O)[C@H]1CC[C@@H]2[C@@]1([C@H](C[C@H]3[C@H]2CC[C@H]4[C@@]3(CC[C@H](C4)O)C)O)C	6a237bfc0e1d23e9ad904ab88ad2c93f	both
Random-edge	2	C[C@H]1[C@@H]([C@H]([C@H](C(O1)O)O)O)O	c1371aff9f64b961d6606a7d5ee2e825	10.0	5010.0	24.0	10.0	11.0	2	C[C@H]1[C@@H]([C@H]([C@H](C(O1)O)O)O)O	c1371aff9f64b961d6606a7d5ee2e825	protein_only
Random-edge	2	C[C@H]1[C@H]([C@H](C[C@@H](O1)O[C@H]2C[C@@](CC3=C2C(=C4C(=C3O)C(=O)C5=C(C4=O)C(=CC=C5)OC)O)(C(=O)C)O)N)O	77112724e1af6cd7b40cf57b3aa53751	3059.0	3257.0	3270.0	3052.0	3052.0	2	C[C@H]1[C@H]([C@H](C[C@@H](O1)O[C@H]2C[C@@](CC3=C2C(=C4C(=C3O)C(=O)C5=C(C4=O)C(=CC=C5)OC)O)(C(=O)C)O)N)O	77112724e1af6cd7b40cf57b3aa53751	protein_only
Random-edge	2	C[C@H]1[C@H]([C@H]([C@@H](C(O1)O)O)O)O	4042f243e2a7c9208bd3e6cfe340be7b	1630.0	3.0	441.0	3.0	10.0	2	C[C@H]1[C@H]([C@H]([C@@H](C(O1)O)O)O)O	4042f243e2a7c9208bd3e6cfe340be7b	ligand_only
Random-edge	2	C[C@H]1[C@H]([C@H]([C@@H](C(O1)O)O)O)O	5b68aa466b414cce60faa99284db1dea	2336.0	2590.0	1101.0	986.0	986.0	2	C[C@H]1[C@H]([C@H]([C@@H](C(O1)O)O)O)O	5b68aa466b414cce60faa99284db1dea	neither
Random-edge	2	C[C@H]1[C@H]2C=C([C@H]3[C@]2(C=C1C)[C@@]4(CO4)C(=O)OC3)C(=O)O	c1479d0338c90bd80be3b9dc83cc7f4b	4922.0	5015.0	9.0	3.0	3.0	2	C[C@H]1[C@H]2C=C([C@H]3[C@]2(C=C1C)[C@@]4(CO4)C(=O)OC3)C(=O)O	c1479d0338c90bd80be3b9dc83cc7f4b	neither
Random-edge	2	NCC[C@H](N)C(O)=O	221b7f72ecf2466381555b661af6d5bd	868.0	1223.0	598.0	486.0	488.0	2	NCC[C@H](N)C(O)=O	221b7f72ecf2466381555b661af6d5bd	neither
Random-edge	2	[NH3+][C@@H](Cc1ccccc1)C([O-])=O	2d30e9c6a468d54a6af5c09e8e9ff6b1	7.0	11.0	10.0	39.0	5.0	2	[NH3+][C@@H](Cc1ccccc1)C([O-])=O	2d30e9c6a468d54a6af5c09e8e9ff6b1	both
Random-edge	2	[NH3+][C@@H](Cc1ccccc1)C([O-])=O	cd62c448cb97f62f7b99f6933d51267b	5264.0	5291.0	7.0	5132.0	5082.0	2	[NH3+][C@@H](Cc1ccccc1)C([O-])=O	cd62c448cb97f62f7b99f6933d51267b	protein_only
Random-edge	2	[N]=O	26784dc35c190b306c0852d4debc0ef8	987.0	1337.0	2369.0	2235.0	2237.0	2	[N]=O	26784dc35c190b306c0852d4debc0ef8	neither
Random-edge	2	[No]	c076097213bbf5867fb0875c3c879393	4890.0	4983.0	2083.0	1915.0	1915.0	2	[No]	c076097213bbf5867fb0875c3c879393	neither
Random-edge	2	[O-]Cl.[Na+]	4b85f20ebdbc76fe82a7617ff61733b4	1909.0	2190.0	2870.0	2745.0	2745.0	2	[O-]Cl.[Na+]	4b85f20ebdbc76fe82a7617ff61733b4	neither
Random-edge	2	ion:Cd_unspecified	00c184046f2f5e22bb743559242f2727	151.0	19.0	1.0	151.0	105.0	2	ion:Cd_unspecified	00c184046f2f5e22bb743559242f2727	protein_only
Random-edge	2	ion:Co2+	c32541dbbb3edb7ae8661e485f2b60b2	4985.0	4972.0	487.0	4985.0	4976.0	2	ion:Co2+	c32541dbbb3edb7ae8661e485f2b60b2	protein_only
Random-edge	2	ion:Co_unspecified	c492587cf73af64110aea83193d6eb10	5023.0	5011.0	2050.0	5023.0	5026.0	2	ion:Co_unspecified	c492587cf73af64110aea83193d6eb10	protein_only
Random-edge	2	ion:Co_unspecified	cd028281c0aadd4ed9f4f54612857a28	5218.0	5209.0	1917.0	5218.0	5221.0	2	ion:Co_unspecified	cd028281c0aadd4ed9f4f54612857a28	protein_only
Random-edge	2	ion:Cu+	b2780861c6f503efd9cea59685ca7b08	4628.0	4542.0	120.0	4628.0	4600.0	2	ion:Cu+	b2780861c6f503efd9cea59685ca7b08	protein_only
Random-edge	2	ion:Fe2+	054b997aec7ec5b1f6a8133644948cd0	5.0	139.0	9.0	5.0	3.0	2	ion:Fe2+	054b997aec7ec5b1f6a8133644948cd0	protein_only
Random-edge	2	ion:Fe2+	5d99b7ed9f10a70bf1d7ff4d96f00a9c	6.0	2377.0	89.0	6.0	6.0	2	ion:Fe2+	5d99b7ed9f10a70bf1d7ff4d96f00a9c	protein_only
Random-edge	2	ion:Fe2+	c32541dbbb3edb7ae8661e485f2b60b2	5031.0	4966.0	476.0	5031.0	5019.0	2	ion:Fe2+	c32541dbbb3edb7ae8661e485f2b60b2	protein_only
Random-edge	2	ion:Fe_unspecified	417b4166a2dfb3ce7360ec9625d4060a	10.0	1653.0	11.0	10.0	7.0	2	ion:Fe_unspecified	417b4166a2dfb3ce7360ec9625d4060a	protein_only
Random-edge	2	ion:Mn2+	c32541dbbb3edb7ae8661e485f2b60b2	5004.0	4971.0	480.0	5004.0	4991.0	2	ion:Mn2+	c32541dbbb3edb7ae8661e485f2b60b2	protein_only
Random-edge	2	ion:Mn_unspecified	096938ba652e67f243b3403d11e00f02	9.0	239.0	358.0	9.0	8.0	2	ion:Mn_unspecified	096938ba652e67f243b3403d11e00f02	protein_only
Random-edge	2	ion:Mn_unspecified	a61c65370dc41a639247ffbbb4cc9791	126.0	4217.0	2090.0	126.0	124.0	2	ion:Mn_unspecified	a61c65370dc41a639247ffbbb4cc9791	protein_only
Random-edge	2	ion:Mn_unspecified	c32541dbbb3edb7ae8661e485f2b60b2	200.0	4966.0	68.0	200.0	202.0	2	ion:Mn_unspecified	c32541dbbb3edb7ae8661e485f2b60b2	protein_only
Random-edge	2	ion:Ni_unspecified	00c184046f2f5e22bb743559242f2727	65.0	19.0	1.0	65.0	27.0	2	ion:Ni_unspecified	00c184046f2f5e22bb743559242f2727	protein_only
Random-edge	2	ion:Ni_unspecified	292dbe5df648b6845fe27a2975ff73eb	1105.0	1067.0	755.0	1105.0	1105.0	2	ion:Ni_unspecified	292dbe5df648b6845fe27a2975ff73eb	protein_only
Random-edge	2	ion:Zn2+	2cf0d945d1c57b1ab5181e82da70d7c3	1349.0	1162.0	783.0	1349.0	1349.0	2	ion:Zn2+	2cf0d945d1c57b1ab5181e82da70d7c3	protein_only
Random-edge	2	ion:Zn2+	c32541dbbb3edb7ae8661e485f2b60b2	5032.0	4972.0	501.0	5032.0	5029.0	2	ion:Zn2+	c32541dbbb3edb7ae8661e485f2b60b2	protein_only
Random-edge	2	ion:conjugation_factor	93d90e0fc325ad9710673355e3d7606c	1.0	3767.0	1.0	1.0	1.0	2	ion:conjugation_factor	93d90e0fc325ad9710673355e3d7606c	protein_only
Random-edge	3	C(/C(=C/C(=O)O)/C(=O)O)C(=O)O	75fea6b22da78a37d576fa9fa4872c5b	3021.0	1.0	1.0	1.0	1.0	3	C(/C(=C/C(=O)O)/C(=O)O)C(=O)O	75fea6b22da78a37d576fa9fa4872c5b	ligand_only
Random-edge	3	C(=CC(=O)O)C(=CC(=O)O)C(=O)O	6e5eb431b3ffd72d9d82f7154f2830bd	1.0	3065.0	1.0	1.0	1.0	3	C(=CC(=O)O)C(=CC(=O)O)C(=O)O	6e5eb431b3ffd72d9d82f7154f2830bd	protein_only
Random-edge	3	C(=C\C(=O)[O-])\C=C(/C(=O)[O-])\Cl	06e56bbb2f80fefc53848194b5f8fbf1	176.0	1.0	1.0	1.0	1.0	3	C(=C\C(=O)[O-])\C=C(/C(=O)[O-])\Cl	06e56bbb2f80fefc53848194b5f8fbf1	ligand_only
Random-edge	3	C(=C\C(=O)[O-])\C=C(/C(=O)[O-])\Cl	64ec093ad0b276e0f410d812835ceee7	2588.0	2827.0	319.0	211.0	216.0	3	C(=C\C(=O)[O-])\C=C(/C(=O)[O-])\Cl	64ec093ad0b276e0f410d812835ceee7	neither
Random-edge	3	C(=C\C(=O)[O-])\C=C/C(=O)[O-]	c8148763c294736f9131ce9ab41607d4	3.0	5177.0	40.0	3.0	3.0	3	C(=C\C(=O)[O-])\C=C/C(=O)[O-]	c8148763c294736f9131ce9ab41607d4	protein_only
Random-edge	3	C(=O)C(=O)O	1d46f1a2f2ddb83eab40ce091ccca85a	1.0	1114.0	1.0	1.0	2.0	3	C(=O)C(=O)O	1d46f1a2f2ddb83eab40ce091ccca85a	protein_only
Random-edge	3	C(=O)C(=O)[O-]	1d46f1a2f2ddb83eab40ce091ccca85a	747.0	1115.0	14.0	16.0	18.0	3	C(=O)C(=O)[O-]	1d46f1a2f2ddb83eab40ce091ccca85a	neither
Random-edge	3	C(C(=O)[O-])C(CC(=O)[O-])(C(=O)[O-])O	610b8a94515e779a9532163bac34b049	2708.0	2718.0	1522.0	2742.0	2742.0	3	C(C(=O)[O-])C(CC(=O)[O-])(C(=O)[O-])O	610b8a94515e779a9532163bac34b049	protein_only
Random-edge	3	C(C(=O)[O-])[NH3+]	b264c05bcf652e64087840e0bcf76319	4541.0	4659.0	1980.0	1936.0	1936.0	3	C(C(=O)[O-])[NH3+]	b264c05bcf652e64087840e0bcf76319	neither
Random-edge	3	C(C1=CC(=CC=C1O)O)C(=O)O	3e5c86ffe8d870543b32a787b4d833ae	1597.0	1900.0	101.0	33.0	37.0	3	C(C1=CC(=CC=C1O)O)C(=O)O	3e5c86ffe8d870543b32a787b4d833ae	neither
Random-edge	3	C(C1=CC(=CC=C1O)O)C(=O)O	9524c287768b56de1054ca85d719cb9a	3792.0	3952.0	48.0	8.0	10.0	3	C(C1=CC(=CC=C1O)O)C(=O)O	9524c287768b56de1054ca85d719cb9a	neither
Random-edge	3	C(C1C(C(C(C(O1)O)O)OC2C(C(C(C(O2)CO)O)O)O)O)O	ac5bae385c75812ecedaf300052b8e88	4380.0	4504.0	1047.0	956.0	956.0	3	C(C1C(C(C(C(O1)O)O)OC2C(C(C(C(O2)CO)O)O)O)O)O	ac5bae385c75812ecedaf300052b8e88	neither
Random-edge	3	C(CC(=O)O)CN=C(N)N	25e1082cde61f47ebf70ca57fba417eb	971.0	1325.0	184.0	153.0	153.0	3	C(CC(=O)O)CN=C(N)N	25e1082cde61f47ebf70ca57fba417eb	neither
Random-edge	3	C(CC(=O)O)CO	90ab4a747ef3f993ae17656b8bedbae5	3689.0	13.0	1.0	21.0	3.0	3	C(CC(=O)O)CO	90ab4a747ef3f993ae17656b8bedbae5	ligand_only
Random-edge	3	C(CCC(=O)O)CCC(=O)O	6fd6e7e8a06f72623e4c00b3318ab2b7	2878.0	1.0	1.0	1.0	1.0	3	C(CCC(=O)O)CCC(=O)O	6fd6e7e8a06f72623e4c00b3318ab2b7	ligand_only
Random-edge	3	C(CCN)CCN	27e8f13d77a01af2c9129bf6c6703e9a	1049.0	1.0	1.0	17.0	2.0	3	C(CCN)CCN	27e8f13d77a01af2c9129bf6c6703e9a	both
Random-edge	3	C(CCN)CN	a42feb659a77b1874d2c6c72f1beeefc	4216.0	1.0	1.0	11.0	1.0	3	C(CCN)CN	a42feb659a77b1874d2c6c72f1beeefc	both
Random-edge	3	C(CCNCCCN)CNCCCN	27b0da11f38786744438730486bd8d65	1024.0	1.0	2.0	1.0	1.0	3	C(CCNCCCN)CNCCCN	27b0da11f38786744438730486bd8d65	ligand_only
Random-edge	3	C(CO)C(=O)O	ae27fe50c13c79bf336e32693d926810	4431.0	4548.0	109.0	4349.0	4344.0	3	C(CO)C(=O)O	ae27fe50c13c79bf336e32693d926810	protein_only
Random-edge	3	C(CS)[C@@H](C(=O)O)N	269aa5222a9551dd085c4156f3b4c75e	3.0	1341.0	10.0	4.0	5.0	3	C(CS)[C@@H](C(=O)O)N	269aa5222a9551dd085c4156f3b4c75e	protein_only
Random-edge	3	C(CS)[C@@H](C(=O)O)N	4bcdc70a0814defd19510fab6a823843	4.0	1.0	6.0	2.0	1.0	3	C(CS)[C@@H](C(=O)O)N	4bcdc70a0814defd19510fab6a823843	both
Random-edge	3	C(C[C@@H](C(=O)O)N)CN=C(N)N	83bddd0a987410c35d7911df4a93d36f	27.0	3.0	3.0	13.0	1.0	3	C(C[C@@H](C(=O)O)N)CN=C(N)N	83bddd0a987410c35d7911df4a93d36f	both
Random-edge	3	C(C[C@@H](C(=O)O)N)CN=C(N)N	e26a1ca480701655494f807bc7f98610	5748.0	5779.0	705.0	5592.0	5592.0	3	C(C[C@@H](C(=O)O)N)CN=C(N)N	e26a1ca480701655494f807bc7f98610	protein_only
Random-edge	3	C([C@@H]1[C@@H]([C@@H]([C@H](C(O1)O)O)O)O)O	7f25133130a3b82473880f24554cf451	3.0	3444.0	877.0	15.0	17.0	3	C([C@@H]1[C@@H]([C@@H]([C@H](C(O1)O)O)O)O)O	7f25133130a3b82473880f24554cf451	protein_only
Random-edge	3	C([C@@H]1[C@H]([C@@H]([C@@H](C(O1)O)O)O)O)O	82a35eb2ceccbe9d5fb3a7a7d8b47979	3391.0	3536.0	1488.0	3367.0	3367.0	3	C([C@@H]1[C@H]([C@@H]([C@@H](C(O1)O)O)O)O)O	82a35eb2ceccbe9d5fb3a7a7d8b47979	protein_only
Random-edge	3	C([C@@H]1[C@H]([C@@H]([C@H](C(O1)O)O)O)O)O	118c15447cdf32c3d20c7708eae08b8b	10.0	1.0	71.0	8.0	1.0	3	C([C@@H]1[C@H]([C@@H]([C@H](C(O1)O)O)O)O)O	118c15447cdf32c3d20c7708eae08b8b	both
Random-edge	3	C([C@@H]1[C@H]([C@@H]([C@H]([C@@H](O1)O[C@@H]2[C@H](OC([C@@H]([C@H]2O)N)O)CO)N)O)O)O.Cl	96413e830f38ccd42c56330ee660fa5f	3812.0	3970.0	507.0	495.0	495.0	3	C([C@@H]1[C@H]([C@@H]([C@H]([C@@H](O1)O[C@@H]2[C@H](OC([C@@H]([C@H]2O)N)O)CO)N)O)O)O.Cl	96413e830f38ccd42c56330ee660fa5f	neither
Random-edge	3	C([C@@H]1[C@H]([C@@H]([C@H]([C@@H](O1)O[C@@H]2[C@H](OC([C@@H]([C@H]2O)N)O)CO)N)O)O)O.Cl	d8d0320c909ab4012575b41505f8932d	5512.0	9.0	31.0	9.0	7.0	3	C([C@@H]1[C@H]([C@@H]([C@H]([C@@H](O1)O[C@@H]2[C@H](OC([C@@H]([C@H]2O)N)O)CO)N)O)O)O.Cl	d8d0320c909ab4012575b41505f8932d	ligand_only
Random-edge	3	C([C@@H]1[C@H]([C@@H]([C@H]([C@H](O1)O[C@@H]2[C@H](O[C@H]([C@@H]([C@H]2O)O)O)CO)O)O)O)O	6069bcdfe2911ee08ca4b7c84b669f89	2461.0	4.0	4.0	4.0	2.0	3	C([C@@H]1[C@H]([C@@H]([C@H]([C@H](O1)O[C@@H]2[C@H](O[C@H]([C@@H]([C@H]2O)O)O)CO)O)O)O)O	6069bcdfe2911ee08ca4b7c84b669f89	ligand_only
Random-edge	3	C([C@@H]1[C@H]([C@@H]([C@H]([C@H](O1)O[C@]2([C@H]([C@@H]([C@H](O2)CO)O)O)CO)O)O)O)O	ecabffb42d30aac9d5d26e270aeed946	6033.0	6012.0	181.0	5856.0	5844.0	3	C([C@@H]1[C@H]([C@@H]([C@H]([C@H](O1)O[C@]2([C@H]([C@@H]([C@H](O2)CO)O)O)CO)O)O)O)O	ecabffb42d30aac9d5d26e270aeed946	protein_only
Random-edge	3	C([C@@H]1[C@H]([C@@H]([C@H]([C@H](O1)O[C@]2([C@H]([C@@H]([C@H](O2)CO)O)O)CO[C@]3([C@H]([C@@H]([C@H](O3)CO)O)O)CO[C@]4([C@H]([C@@H]([C@H](O4)CO)O)O)CO)O)O)O)O	1dbda059dbd2b4ffe5bba3779b03412b	758.0	1.0	1.0	1.0	1.0	3	C([C@@H]1[C@H]([C@@H]([C@H]([C@H](O1)O[C@]2([C@H]([C@@H]([C@H](O2)CO)O)O)CO[C@]3([C@H]([C@@H]([C@H](O3)CO)O)O)CO[C@]4([C@H]([C@@H]([C@H](O4)CO)O)O)CO)O)O)O)O	1dbda059dbd2b4ffe5bba3779b03412b	ligand_only
Random-edge	3	C([C@@H]1[C@H]([C@H]([C@H](O1)OP(=O)(O)OP(=O)(O)O)O)O)OP(=O)(O)O	6502f35b8906853b9179b3bfda0a2122	2592.0	2831.0	3378.0	3269.0	3269.0	3	C([C@@H]1[C@H]([C@H]([C@H](O1)OP(=O)(O)OP(=O)(O)O)O)O)OP(=O)(O)O	6502f35b8906853b9179b3bfda0a2122	neither
Random-edge	3	C([C@H]([C@@H]([C@H]([C@@H](C(=O)[O-])O)O)O)O)O	f18e197b155e9d4a1d832cbcbf1b704c	6110.0	6129.0	1192.0	1038.0	1038.0	3	C([C@H]([C@@H]([C@H]([C@@H](C(=O)[O-])O)O)O)O)O	f18e197b155e9d4a1d832cbcbf1b704c	neither
Random-edge	3	C([C@H]([C@H]([C@@H](C(=O)COP(=O)(O)O)O)O)O)O	4bc792d85a4dbe1cb77d542f5592166b	1.0	2196.0	1.0	1.0	1.0	3	C([C@H]([C@H]([C@@H](C(=O)COP(=O)(O)O)O)O)O)O	4bc792d85a4dbe1cb77d542f5592166b	protein_only
Random-edge	3	C([C@H]([C@H]([C@@H]([C@H](C(=O)O)O)O)O)O)OP(=O)(O)[O-]	3bc30c6e0efeb551e706ffa51cd07ed6	26.0	1.0	13.0	43.0	16.0	3	C([C@H]([C@H]([C@@H]([C@H](C(=O)O)O)O)O)O)OP(=O)(O)[O-]	3bc30c6e0efeb551e706ffa51cd07ed6	both
Random-edge	3	C([C@H]([C@H]([C@@H]([C@H](CO)O)O)O)O)O	d8d0322f11a1f10f81fdf876adf44f1d	5512.0	5565.0	3835.0	5360.0	5360.0	3	C([C@H]([C@H]([C@@H]([C@H](CO)O)O)O)O)O	d8d0322f11a1f10f81fdf876adf44f1d	protein_only
Random-edge	3	C1=CC(=C(C(=C1)Cl)O)O	06e56bbb2f80fefc53848194b5f8fbf1	176.0	149.0	2425.0	1682.0	1682.0	3	C1=CC(=C(C(=C1)Cl)O)O	06e56bbb2f80fefc53848194b5f8fbf1	ligand_only
Random-edge	3	C1=CC(=C(C=C1/C=C/C2=CC(=CC(=C2)O)O)O)O	706ea653ec20b9b1cdd43aac78d1c31c	2894.0	1.0	1.0	1.0	1.0	3	C1=CC(=C(C=C1/C=C/C2=CC(=CC(=C2)O)O)O)O	706ea653ec20b9b1cdd43aac78d1c31c	ligand_only
Random-edge	3	C1=CC(=C(C=C1C2=C(C(=O)C3=C(C=C(C=C3O2)O)O)O)O)O	565138dd35eebdf76237e9c0b48f4152	3.0	5.0	20.0	3.0	1.0	3	C1=CC(=C(C=C1C2=C(C(=O)C3=C(C=C(C=C3O2)O)O)O)O)O	565138dd35eebdf76237e9c0b48f4152	both
Random-edge	3	C1=CC(=C(C=C1C2=CC(=O)C3=C(C=C(C=C3O2)O)O)O)O	b5067d80fc68300b0cfb7b531b558d42	8.0	11.0	7.0	9.0	8.0	3	C1=CC(=C(C=C1C2=CC(=O)C3=C(C=C(C=C3O2)O)O)O)O	b5067d80fc68300b0cfb7b531b558d42	both
Random-edge	3	C1=CC(=C(C=C1C2=CC(=O)C3=C(C=C(C=C3O2)O)O)O)O	f6cd615b7489d5674e4f3fd4f01e34d3	3.0	6250.0	1.0	2.0	9.0	3	C1=CC(=C(C=C1C2=CC(=O)C3=C(C=C(C=C3O2)O)O)O)O	f6cd615b7489d5674e4f3fd4f01e34d3	protein_only
Random-edge	3	C1=CC(=C(C=C1Cl)Cl)OCC(=O)O	d193f6905753f1c78f731671041151ae	5320.0	7.0	18.0	74.0	51.0	3	C1=CC(=C(C=C1Cl)Cl)OCC(=O)O	d193f6905753f1c78f731671041151ae	ligand_only
Random-edge	3	C1=CC(=C(C=C1O)O)O	9103790fdf4641ab9ed9358d2311dc10	3703.0	3872.0	447.0	387.0	389.0	3	C1=CC(=C(C=C1O)O)O	9103790fdf4641ab9ed9358d2311dc10	neither
Random-edge	3	C1=CC(=CC(=C1)Br)C(=O)[O-]	e8b9a7cf73b430bac3688dfbe705d433	1.0	3.0	1.0	1.0	1.0	3	C1=CC(=CC(=C1)Br)C(=O)[O-]	e8b9a7cf73b430bac3688dfbe705d433	both
Random-edge	3	C1=CC(=CC(=C1)Cl)C(=O)O	06e56bbb2f80fefc53848194b5f8fbf1	181.0	177.0	305.0	179.0	179.0	3	C1=CC(=CC(=C1)Cl)C(=O)O	06e56bbb2f80fefc53848194b5f8fbf1	both
Random-edge	3	C1=CC(=CC(=C1)Cl)C(=O)O	997e55a3a2bd4784bea428a9023accf1	3905.0	4057.0	263.0	3851.0	3846.0	3	C1=CC(=CC(=C1)Cl)C(=O)O	997e55a3a2bd4784bea428a9023accf1	protein_only
Random-edge	3	C1=CC(=CC(=C1)Cl)C(=O)O	e8b9a7cf73b430bac3688dfbe705d433	1.0	16.0	1.0	1.0	1.0	3	C1=CC(=CC(=C1)Cl)C(=O)O	e8b9a7cf73b430bac3688dfbe705d433	both
Random-edge	3	C1=CC(=CC(=C1)Cl)C(=O)O	f9632f91e6d80ce1bb9fc39c94f65309	6291.0	5.0	15.0	10.0	6.0	3	C1=CC(=CC(=C1)Cl)C(=O)O	f9632f91e6d80ce1bb9fc39c94f65309	both
Random-edge	3	C1=CC(=CC(=C1)NC(=O)NC2=CC=CC(=C2)C(=N)N)C(=N)N	506feb33435607c1483aefbbb4983a16	2056.0	4.0	4.0	49.0	19.0	3	C1=CC(=CC(=C1)NC(=O)NC2=CC=CC(=C2)C(=N)N)C(=N)N	506feb33435607c1483aefbbb4983a16	ligand_only
Random-edge	3	C1=CC(=CC(=C1)O)O	9103790fdf4641ab9ed9358d2311dc10	3703.0	3872.0	937.0	847.0	847.0	3	C1=CC(=CC(=C1)O)O	9103790fdf4641ab9ed9358d2311dc10	neither
Random-edge	3	C1=CC(=CC2=NC3=C(C=CC(=C3)N)C=C21)N	506feb33435607c1483aefbbb4983a16	81.0	7.0	8.0	60.0	38.0	3	C1=CC(=CC2=NC3=C(C=CC(=C3)N)C=C21)N	506feb33435607c1483aefbbb4983a16	both
Random-edge	3	C1=CC(=CC=C1/C=C/C(=O)O)O	4cf873e869300db146397fcfc316f1c1	1944.0	1.0	24.0	1.0	2.0	3	C1=CC(=CC=C1/C=C/C(=O)O)O	4cf873e869300db146397fcfc316f1c1	ligand_only
Random-edge	3	C1=CC(=CC=C1C(=N)N)OCCCOC2=CC=C(C=C2)C(=N)N	506feb33435607c1483aefbbb4983a16	2056.0	1.0	2.0	1.0	1.0	3	C1=CC(=CC=C1C(=N)N)OCCCOC2=CC=C(C=C2)C(=N)N	506feb33435607c1483aefbbb4983a16	ligand_only
Random-edge	3	C1=CC(=CC=C1C2=C(C(=O)C3=C(O2)C=C(C=C3)O)O)O	dc9475fd23b2a1a448a8559f04c02975	1.0	6.0	3.0	2.0	1.0	3	C1=CC(=CC=C1C2=C(C(=O)C3=C(O2)C=C(C=C3)O)O)O	dc9475fd23b2a1a448a8559f04c02975	both
Random-edge	3	C1=CC(=CC=C1C2=CC3=C(N2)C=C(C=C3)C(=N)N)C(=N)N	1d014875acbf6a6ca30bdc246134d9c3	788.0	1106.0	616.0	942.0	942.0	3	C1=CC(=CC=C1C2=CC3=C(N2)C=C(C=C3)C(=N)N)C(=N)N	1d014875acbf6a6ca30bdc246134d9c3	protein_only
Random-edge	3	C1=CC(=CC=C1N/C(=N/C(=NCCCCCCN=C(/N=C(/NC2=CC=C(C=C2)Cl)\N)N)N)/N)Cl	506feb33435607c1483aefbbb4983a16	2056.0	21.0	73.0	230.0	222.0	3	C1=CC(=CC=C1N/C(=N/C(=NCCCCCCN=C(/N=C(/NC2=CC=C(C=C2)Cl)\N)N)N)/N)Cl	506feb33435607c1483aefbbb4983a16	ligand_only
Random-edge	3	C1=CC(=CN=C1)C(=O)O	b6074a83b15968e8a1ab9bac9bf608b7	8.0	4754.0	3875.0	8.0	12.0	3	C1=CC(=CN=C1)C(=O)O	b6074a83b15968e8a1ab9bac9bf608b7	protein_only
Random-edge	3	C1=CC(=NC=C1O)C(=O)O	bde5dd01003cb0bee9f2c9ea8115fa39	4821.0	4922.0	92.0	28.0	30.0	3	C1=CC(=NC=C1O)C(=O)O	bde5dd01003cb0bee9f2c9ea8115fa39	neither
Random-edge	3	C1=CC2=C(C=C1O)C(=CN2)CC(=O)O	d193f6905753f1c78f731671041151ae	5320.0	2.0	1.0	2.0	1.0	3	C1=CC2=C(C=C1O)C(=CN2)CC(=O)O	d193f6905753f1c78f731671041151ae	ligand_only
Random-edge	3	C1=CC=C(C(=C1)C(=O)O)[O-]	64bea006ef1b176c4639c5dd6c38a563	37.0	87.0	276.0	62.0	59.0	3	C1=CC=C(C(=C1)C(=O)O)[O-]	64bea006ef1b176c4639c5dd6c38a563	both
Random-edge	3	C1=CC=C(C(=C1)O)O	d193f6905753f1c78f731671041151ae	5319.0	6.0	5.0	22.0	13.0	3	C1=CC=C(C(=C1)O)O	d193f6905753f1c78f731671041151ae	both
Random-edge	3	C1=CC=C(C=C1)C(=O)[O-]	c8148763c294736f9131ce9ab41607d4	5100.0	5175.0	316.0	4974.0	4974.0	3	C1=CC=C(C=C1)C(=O)[O-]	c8148763c294736f9131ce9ab41607d4	protein_only
Random-edge	3	C1=CC=C(C=C1)C(O)Cl	fbd2e3540d73868a25cd309b410b2bd7	6360.0	5.0	3.0	20.0	4.0	3	C1=CC=C(C=C1)C(O)Cl	fbd2e3540d73868a25cd309b410b2bd7	ligand_only
Random-edge	3	C1=CC=C2C(=C1)C(=CN2)CCO	7d2ae900d7f26d0eb7637a8a86d42a48	3210.0	2.0	71.0	2.0	7.0	3	C1=CC=C2C(=C1)C(=CN2)CCO	7d2ae900d7f26d0eb7637a8a86d42a48	ligand_only
Random-edge	3	C1=CC=C2C(=C1)C=CC=N2	9be4db049abb6558c9bda526a3e2444a	3962.0	4116.0	149.0	109.0	111.0	3	C1=CC=C2C(=C1)C=CC=N2	9be4db049abb6558c9bda526a3e2444a	neither
Random-edge	3	C1=NC2=C(N1)C(=O)NC(=O)N2	21e22c1a7cb93fb1e190cf078daf329d	889.0	3.0	138.0	33.0	32.0	3	C1=NC2=C(N1)C(=O)NC(=O)N2	21e22c1a7cb93fb1e190cf078daf329d	both
Random-edge	3	C1=NC2=C(N1)C(=O)NC=N2	8772cb040f2b5d7253f583d2f328de82	3463.0	1.0	1.0	1.0	1.0	3	C1=NC2=C(N1)C(=O)NC=N2	8772cb040f2b5d7253f583d2f328de82	ligand_only
Random-edge	3	C1=NC2=C(N1C3C(C(C(O3)COP(=O)(O)OP(=O)(O)O)OP(=O)(O)OP(=O)(O)O)O)N=C(NC2=O)N	c1f65f3709f35c8b3405eb592fe006ea	4940.0	1.0	2.0	1.0	1.0	3	C1=NC2=C(N1C3C(C(C(O3)COP(=O)(O)OP(=O)(O)O)OP(=O)(O)OP(=O)(O)O)O)N=C(NC2=O)N	c1f65f3709f35c8b3405eb592fe006ea	ligand_only
Random-edge	3	C1C(O1)CBr	a049c5cbb07becd695230578af9845a9	4072.0	4219.0	6289.0	6294.0	6294.0	3	C1C(O1)CBr	a049c5cbb07becd695230578af9845a9	neither
Random-edge	3	C1C(OC2=C(C1=O)C=CC(=C2)O)C3=CC=C(C=C3)O	dc9475fd23b2a1a448a8559f04c02975	1.0	8.0	1.0	3.0	2.0	3	C1C(OC2=C(C1=O)C=CC(=C2)O)C3=CC=C(C=C3)O	dc9475fd23b2a1a448a8559f04c02975	both
Random-edge	3	C1CC(=O)N(C1C(=O)O)CC(C(C(C(CO)O)O)O)O	50ceda2a9ee123a7f6ea288fedb77348	2064.0	11.0	80.0	11.0	8.0	3	C1CC(=O)N(C1C(=O)O)CC(C(C(C(CO)O)O)O)O	50ceda2a9ee123a7f6ea288fedb77348	ligand_only
Random-edge	3	C1C[C@H](NC1)C(=O)O	129b769f0dc6a67fc00668f635b6bbfd	1.0	842.0	2708.0	1.0	2.0	3	C1C[C@H](NC1)C(=O)O	129b769f0dc6a67fc00668f635b6bbfd	protein_only
Random-edge	3	C1C[C@H](NC1)C(=O)O	7fb8755092b49f3938ef0f81c3f41ba5	2.0	34.0	45.0	17.0	1.0	3	C1C[C@H](NC1)C(=O)O	7fb8755092b49f3938ef0f81c3f41ba5	both
Random-edge	3	C1[C@@H]([C@@H]([C@H](C(O1)O)O)O)O	875dd7414f6c9b7ce9b555da6270337d	3728.0	20.0	4745.0	59.0	60.0	3	C1[C@@H]([C@@H]([C@H](C(O1)O)O)O)O	875dd7414f6c9b7ce9b555da6270337d	both
Random-edge	3	C1[C@H](OC2=CC(=CC(=C2C1=O)O)O)C3=CC(=C(C=C3)O)O	6d5bc4e93aca428adc951d2a01b6c9c4	5.0	7.0	6.0	6.0	4.0	3	C1[C@H](OC2=CC(=CC(=C2C1=O)O)O)C3=CC(=C(C=C3)O)O	6d5bc4e93aca428adc951d2a01b6c9c4	both
Random-edge	3	C1[C@H](OC2=CC(=CC(=C2C1=O)O)O)C3=CC(=C(C=C3)O)O	89db38f5d27836a8aa2d7b3061fe21d3	3.0	3.0	4.0	4.0	3.0	3	C1[C@H](OC2=CC(=CC(=C2C1=O)O)O)C3=CC(=C(C=C3)O)O	89db38f5d27836a8aa2d7b3061fe21d3	both
Random-edge	3	C1[C@H](OC2=CC(=CC(=C2C1=O)O)O)C3=CC=C(C=C3)O	05974c9d02bd051c5aaf05641e13261a	3.0	12.0	9.0	4.0	1.0	3	C1[C@H](OC2=CC(=CC(=C2C1=O)O)O)C3=CC=C(C=C3)O	05974c9d02bd051c5aaf05641e13261a	both
Random-edge	3	C1[C@H](OC2=CC(=CC(=C2C1=O)O)O)C3=CC=C(C=C3)O	758161bcd490116f7e0134d119bdf6c4	3046.0	3214.0	31.0	3046.0	3046.0	3	C1[C@H](OC2=CC(=CC(=C2C1=O)O)O)C3=CC=C(C=C3)O	758161bcd490116f7e0134d119bdf6c4	protein_only
Random-edge	3	C1[C@H]([C@@H]([C@H](C(O1)O)O)O)O	ac4aa0bbf3b67991f63545b0134635dd	4410.0	5.0	55.0	61.0	56.0	3	C1[C@H]([C@@H]([C@H](C(O1)O)O)O)O	ac4aa0bbf3b67991f63545b0134635dd	both
Random-edge	3	C1[C@H]([C@H]([C@H](C(O1)O)O)O)O	4558794d532eb131fc4f97dd125c2fb4	1749.0	2044.0	993.0	932.0	932.0	3	C1[C@H]([C@H]([C@H](C(O1)O)O)O)O	4558794d532eb131fc4f97dd125c2fb4	neither
Random-edge	3	C1[C@H]2[C@@H]([C@@H](S1)CCCCC(=O)OP(=O)([O-])OC[C@@H]3[C@H]([C@H]([C@@H](O3)N4C=NC5=C(N=CN=C54)N)O)O)NC(=O)N2	6377acf0c94f2e3fccfb248537a1ca53	2544.0	2784.0	4123.0	4027.0	4027.0	3	C1[C@H]2[C@@H]([C@@H](S1)CCCCC(=O)OP(=O)([O-])OC[C@@H]3[C@H]([C@H]([C@@H](O3)N4C=NC5=C(N=CN=C54)N)O)O)NC(=O)N2	6377acf0c94f2e3fccfb248537a1ca53	neither
Random-edge	3	C=O	f19666584a8be65a74d3dd898234e769	6112.0	6129.0	1590.0	5928.0	5929.0	3	C=O	f19666584a8be65a74d3dd898234e769	protein_only
Random-edge	3	CC(=C)CCOP(=O)(O)OP(=O)(O)O	421e369511aa386e5088317f1187d080	1669.0	1969.0	600.0	432.0	432.0	3	CC(=C)CCOP(=O)(O)OP(=O)(O)O	421e369511aa386e5088317f1187d080	neither
Random-edge	3	CC(=CCC/C(=C/CC/C(=C/CC/C(=C/COP(=O)(O)OP(=O)(O)O)/C)/C)/C)C	421e369511aa386e5088317f1187d080	1669.0	1969.0	80.0	65.0	65.0	3	CC(=CCC/C(=C/CC/C(=C/CC/C(=C/COP(=O)(O)OP(=O)(O)O)/C)/C)/C)C	421e369511aa386e5088317f1187d080	neither
Random-edge	3	CC(=O)C1=C(C=C(C=C1O)O)O	a3ebecb39311c67c977e8f29af14fd60	4165.0	3.0	911.0	3.0	8.0	3	CC(=O)C1=C(C=C(C=C1O)O)O	a3ebecb39311c67c977e8f29af14fd60	ligand_only
Random-edge	3	CC(=O)NC(CO)C(=O)O	54af86e0a3a42d86125fac694a43e9c7	1.0	2438.0	2.0	1.0	1.0	3	CC(=O)NC(CO)C(=O)O	54af86e0a3a42d86125fac694a43e9c7	protein_only
Random-edge	3	CC(=O)OC[C@@H](C(=O)O)N	14303662561815729cd506cb95d39cd6	656.0	22.0	158.0	188.0	188.0	3	CC(=O)OC[C@@H](C(=O)O)N	14303662561815729cd506cb95d39cd6	both
Random-edge	3	CC(=O)SCCNC(=O)CCNC(=O)[C@@H](C(C)(C)COP(=O)(O)OP(=O)(O)OC[C@@H]1[C@H]([C@H]([C@@H](O1)N2C=NC3=C(N=CN=C32)N)O)OP(=O)(O)O)O	39bbdc17542b17769e1766121f5da97e	1457.0	1.0	13.0	1.0	1.0	3	CC(=O)SCCNC(=O)CCNC(=O)[C@@H](C(C)(C)COP(=O)(O)OP(=O)(O)OC[C@@H]1[C@H]([C@H]([C@@H](O1)N2C=NC3=C(N=CN=C32)N)O)OP(=O)(O)O)O	39bbdc17542b17769e1766121f5da97e	ligand_only
Random-edge	3	CC(=O)SCCNC(=O)CCNC(=O)[C@@H](C(C)(C)COP(=O)(O)OP(=O)(O)OC[C@@H]1[C@H]([C@H]([C@@H](O1)N2C=NC3=C(N=CN=C32)N)O)OP(=O)(O)O)O	efd434f12dfcb5e89f13c44d637deba2	6076.0	3.0	41.0	3.0	7.0	3	CC(=O)SCCNC(=O)CCNC(=O)[C@@H](C(C)(C)COP(=O)(O)OP(=O)(O)OC[C@@H]1[C@H]([C@H]([C@@H](O1)N2C=NC3=C(N=CN=C32)N)O)OP(=O)(O)O)O	efd434f12dfcb5e89f13c44d637deba2	ligand_only
Random-edge	3	CC(C(=O)C)O	8a2d88ad87755399e64f7e1afc64e4b7	3607.0	3701.0	919.0	3571.0	3571.0	3	CC(C(=O)C)O	8a2d88ad87755399e64f7e1afc64e4b7	protein_only
Random-edge	3	CC(C(=O)[O-])OC1C(C(OC(C1O)COP(=O)([O-])[O-])O)NC(=O)C	b46f10ef56added92a63b1b09f0f6dac	4598.0	2.0	912.0	2.0	3.0	3	CC(C(=O)[O-])OC1C(C(OC(C1O)COP(=O)([O-])[O-])O)NC(=O)C	b46f10ef56added92a63b1b09f0f6dac	ligand_only
Random-edge	3	CC(C(C(C(=O)COP(=O)(O)O)O)O)O	1c22e9428d5342ff7ce99f6d8c9c5ee3	718.0	1087.0	55.0	46.0	46.0	3	CC(C(C(C(=O)COP(=O)(O)O)O)O)O	1c22e9428d5342ff7ce99f6d8c9c5ee3	neither
Random-edge	3	CC(C)(COP(=O)(O)OP(=O)(O)OC[C@@H]1[C@H]([C@H]([C@@H](O1)N2C=NC3=C(N=CN=C32)N)O)OP(=O)(O)O)[C@H](C(=O)NCCC(=O)NCCSC(=O)/C=C/C4=CC(=C(C=C4)O)O)O	0c66fe8d9adabf8c06717230f10be31f	317.0	2.0	9.0	2.0	2.0	3	CC(C)(COP(=O)(O)OP(=O)(O)OC[C@@H]1[C@H]([C@H]([C@@H](O1)N2C=NC3=C(N=CN=C32)N)O)OP(=O)(O)O)[C@H](C(=O)NCCC(=O)NCCSC(=O)/C=C/C4=CC(=C(C=C4)O)O)O	0c66fe8d9adabf8c06717230f10be31f	ligand_only
Random-edge	3	CC(C)(COP(=O)(O)OP(=O)(O)OC[C@@H]1[C@H]([C@H]([C@@H](O1)N2C=NC3=C(N=CN=C32)N)O)OP(=O)(O)O)[C@H](C(=O)NCCC(=O)NCCSC(=O)/C=C/C4=CC=C(C=C4)O)O	0c66fe8d9adabf8c06717230f10be31f	317.0	2.0	10.0	2.0	2.0	3	CC(C)(COP(=O)(O)OP(=O)(O)OC[C@@H]1[C@H]([C@H]([C@@H](O1)N2C=NC3=C(N=CN=C32)N)O)OP(=O)(O)O)[C@H](C(=O)NCCC(=O)NCCSC(=O)/C=C/C4=CC=C(C=C4)O)O	0c66fe8d9adabf8c06717230f10be31f	ligand_only
Random-edge	3	CC(C)(COP(=O)(O)OP(=O)(O)OC[C@@H]1[C@H]([C@H]([C@@H](O1)N2C=NC3=C(N=CN=C32)N)O)OP(=O)(O)O)[C@H](C(=O)NCCC(=O)NCCSC(=O)C=CC4=CC(=C(C=C4)O)OC)O	0c66fe8d9adabf8c06717230f10be31f	327.0	1.0	10.0	9.0	4.0	3	CC(C)(COP(=O)(O)OP(=O)(O)OC[C@@H]1[C@H]([C@H]([C@@H](O1)N2C=NC3=C(N=CN=C32)N)O)OP(=O)(O)O)[C@H](C(=O)NCCC(=O)NCCSC(=O)C=CC4=CC(=C(C=C4)O)OC)O	0c66fe8d9adabf8c06717230f10be31f	both
Random-edge	3	CC(CCC=C(C)C)CC(=O)O	0e45e3f49f7cac1ecab2a4f02be685af	362.0	749.0	383.0	223.0	223.0	3	CC(CCC=C(C)C)CC(=O)O	0e45e3f49f7cac1ecab2a4f02be685af	neither
Random-edge	3	CC1=C(C(=CC=C1)O)C	d71a5f0ba47b0a0edf233917ad3c036d	1.0	2.0	1.0	1.0	1.0	3	CC1=C(C(=CC=C1)O)C	d71a5f0ba47b0a0edf233917ad3c036d	both
Random-edge	3	CC1=C(C(=CC=C1)O)O	d71a5f0ba47b0a0edf233917ad3c036d	2.0	1.0	1.0	1.0	1.0	3	CC1=C(C(=CC=C1)O)O	d71a5f0ba47b0a0edf233917ad3c036d	both
Random-edge	3	CC1=C(C=C(C=C1)O)C	cb3da3a785085a564f37f469702e6526	1.0	2.0	2.0	1.0	1.0	3	CC1=C(C=C(C=C1)O)C	cb3da3a785085a564f37f469702e6526	both
Random-edge	3	CC1=C2C(=CC3=C(C2=O)C(=CC=C3)O)C[C@H](O1)CC(=O)O	b5744adeed2a2bf91a5ea03120e4ce28	4624.0	1.0	1.0	1.0	1.0	3	CC1=C2C(=CC3=C(C2=O)C(=CC=C3)O)C[C@H](O1)CC(=O)O	b5744adeed2a2bf91a5ea03120e4ce28	ligand_only
Random-edge	3	CC1=CC(=CC=C1)C(=O)O	d34c92c109c7d573654f25487ec0a7a3	5369.0	2.0	4.0	2.0	2.0	3	CC1=CC(=CC=C1)C(=O)O	d34c92c109c7d573654f25487ec0a7a3	ligand_only
Random-edge	3	CC1=CC(=CC=C1)C(=O)SCCNC(=O)CCNC(=O)[C@@H](C(C)(C)COP(=O)([O-])OP(=O)([O-])OC[C@@H]2[C@H]([C@H]([C@@H](O2)N3C=NC4=C(N=CN=C43)N)O)OP(=O)([O-])[O-])O	e0c75ca78aca774aad95e61137e89432	5706.0	5750.0	63.0	55.0	55.0	3	CC1=CC(=CC=C1)C(=O)SCCNC(=O)CCNC(=O)[C@@H](C(C)(C)COP(=O)([O-])OP(=O)([O-])OC[C@@H]2[C@H]([C@H]([C@@H](O2)N3C=NC4=C(N=CN=C43)N)O)OP(=O)([O-])[O-])O	e0c75ca78aca774aad95e61137e89432	neither
Random-edge	3	CC1=CC=C(C=C1)O	19fc1510d7eed99f825243ece76746a7	2.0	1.0	3.0	2.0	2.0	3	CC1=CC=C(C=C1)O	19fc1510d7eed99f825243ece76746a7	both
Random-edge	3	CC1=CC=CC=C1O	cb3da3a785085a564f37f469702e6526	1.0	9.0	1.0	1.0	1.0	3	CC1=CC=CC=C1O	cb3da3a785085a564f37f469702e6526	both
Random-edge	3	CC1=NC=C(C(=C1O)C=O)COP(=O)(O)O	a62e1da6d2161478febb0f9c49401e21	4225.0	269.0	406.0	3952.0	3946.0	3	CC1=NC=C(C(=C1O)C=O)COP(=O)(O)O	a62e1da6d2161478febb0f9c49401e21	ligand_only
Random-edge	3	CC=O	628315628998122cf7d35a6561032d10	2517.0	2758.0	495.0	429.0	429.0	3	CC=O	628315628998122cf7d35a6561032d10	neither
Random-edge	3	CCC(=O)[O-]	efd434f12dfcb5e89f13c44d637deba2	6076.0	3.0	3.0	3.0	1.0	3	CCC(=O)[O-]	efd434f12dfcb5e89f13c44d637deba2	ligand_only
Random-edge	3	CCC(C)C1C(=O)OC2N1C3=C(C4=C2C=C(C=C4O)C)C(=O)C5=C(C3=O)C(=CC=C5)OC6CC(C(C(O6)C)O)O	74bb8bb9d9b2e45649417fb382053772	1.0	2.0	8.0	2.0	1.0	3	CCC(C)C1C(=O)OC2N1C3=C(C4=C2C=C(C=C4O)C)C(=O)C5=C(C3=O)C(=CC=C5)OC6CC(C(C(O6)C)O)O	74bb8bb9d9b2e45649417fb382053772	both
Random-edge	3	CCC1=CC(=CC=C1)O	d71a5f0ba47b0a0edf233917ad3c036d	5481.0	2.0	1.0	20.0	20.0	3	CCC1=CC(=CC=C1)O	d71a5f0ba47b0a0edf233917ad3c036d	both
Random-edge	3	CCCC(=O)CC(=O)NC1CCOC1=O	05773f9158994913b1b19cee47a58ea9	4.0	542.0	12.0	7.0	7.0	3	CCCC(=O)CC(=O)NC1CCOC1=O	05773f9158994913b1b19cee47a58ea9	protein_only
Random-edge	3	CCCC(=O)CC(=O)NC1CCOC1=O	ed936ddffac7b5b0fc2b3cc71cb34561	1.0	2.0	6.0	1.0	1.0	3	CCCC(=O)CC(=O)NC1CCOC1=O	ed936ddffac7b5b0fc2b3cc71cb34561	both
Random-edge	3	CCCCCCCC/C=C\CCCCCCCC(=O)SCCNC(=O)CCNC(=O)[C@@H](C(C)(C)COP(=O)(O)OP(=O)(O)OC[C@@H]1[C@H]([C@H]([C@@H](O1)N2C=NC3=C(N=CN=C32)N)O)OP(=O)(O)O)O	11d03f3cb920c326a6a1589e89b80b51	661.0	2.0	2.0	10.0	3.0	3	CCCCCCCC/C=C\CCCCCCCC(=O)SCCNC(=O)CCNC(=O)[C@@H](C(C)(C)COP(=O)(O)OP(=O)(O)OC[C@@H]1[C@H]([C@H]([C@@H](O1)N2C=NC3=C(N=CN=C32)N)O)OP(=O)(O)O)O	11d03f3cb920c326a6a1589e89b80b51	both
Random-edge	3	CCCCCCCCCC(=O)CC(=O)NC1CCOC1=O	ec99ef81dc7a9d4be5fb76c15ff52681	2.0	2.0	4.0	1.0	1.0	3	CCCCCCCCCC(=O)CC(=O)NC1CCOC1=O	ec99ef81dc7a9d4be5fb76c15ff52681	both
Random-edge	3	CCCCCCCCCCCC1=CC=C(N1)/C=C\2/C(=CC(=N2)C3=CC=CN3)OC	9fe27b894ed2e51629813cf641347dfa	4060.0	4207.0	107.0	27.0	29.0	3	CCCCCCCCCCCC1=CC=C(N1)/C=C\2/C(=CC(=N2)C3=CC=CN3)OC	9fe27b894ed2e51629813cf641347dfa	neither
Random-edge	3	CCNC1=CC2=C(C=C1C)C(=C3C=C(C(=[NH+]CC)C=C3O2)C)C4=CC=CC=C4C(=O)OCC	1d014875acbf6a6ca30bdc246134d9c3	738.0	1107.0	559.0	439.0	439.0	3	CCNC1=CC2=C(C=C1C)C(=C3C=C(C(=[NH+]CC)C=C3O2)C)C4=CC=CC=C4C(=O)OCC	1d014875acbf6a6ca30bdc246134d9c3	neither
Random-edge	3	CCNC1=CC2=C(C=C1C)C(=C3C=C(C(=[NH+]CC)C=C3O2)C)C4=CC=CC=C4C(=O)OCC	bd2c0c3b229e8225d739a3a5570c8f77	4805.0	318.0	11.0	4993.0	4969.0	3	CCNC1=CC2=C(C=C1C)C(=C3C=C(C(=[NH+]CC)C=C3O2)C)C4=CC=CC=C4C(=O)OCC	bd2c0c3b229e8225d739a3a5570c8f77	ligand_only
Random-edge	3	CC[C@@H]1C(=O)N2CCC[C@H]2C(=O)N([C@H](C(=O)N3CCC(=O)C[C@H]3C(=O)N[C@H](C(=O)O[C@@H]([C@@H](C(=O)N1)NC(=O)C4=C(C=CC=N4)O)C)C5=CC=CC=C5)CC6=CC=CC=C6)C	90ae755a56a5d2ad2f597702562eebe0	3690.0	3859.0	65.0	23.0	24.0	3	CC[C@@H]1C(=O)N2CCC[C@H]2C(=O)N([C@H](C(=O)N3CCC(=O)C[C@H]3C(=O)N[C@H](C(=O)O[C@@H]([C@@H](C(=O)N1)NC(=O)C4=C(C=CC=N4)O)C)C5=CC=CC=C5)CC6=CC=CC=C6)C	90ae755a56a5d2ad2f597702562eebe0	neither
Random-edge	3	CC[C@@H]1[C@@]([C@@H]([C@H](C(=O)[C@@H](C[C@@]([C@@H]([C@H]([C@@H]([C@H](C(=O)O1)C)O[C@H]2C[C@@]([C@H]([C@@H](O2)C)O)(C)OC)C)O[C@H]3[C@@H]([C@H](C[C@H](O3)C)N(C)C)O)(C)O)C)C)O)(C)O	38d9e4b6e4429043cb49e5bb5debcca6	1437.0	1.0	4.0	1.0	1.0	3	CC[C@@H]1[C@@]([C@@H]([C@H](C(=O)[C@@H](C[C@@]([C@@H]([C@H]([C@@H]([C@H](C(=O)O1)C)O[C@H]2C[C@@]([C@H]([C@@H](O2)C)O)(C)OC)C)O[C@H]3[C@@H]([C@H](C[C@H](O3)C)N(C)C)O)(C)O)C)C)O)(C)O	38d9e4b6e4429043cb49e5bb5debcca6	ligand_only
Random-edge	3	CC[C@](C)(C(=O)CCCCC1C=CC(=O)O1)O	00aa3b70d1ba14e5539a7f104dddf959	16.0	100.0	214.0	1553.0	1538.0	3	CC[C@](C)(C(=O)CCCCC1C=CC(=O)O1)O	00aa3b70d1ba14e5539a7f104dddf959	ligand_only
Random-edge	3	CC[N+]1=C2C=C(C=CC2=C3C=CC(=CC3=C1C4=CC=CC=C4)N)N	1d014875acbf6a6ca30bdc246134d9c3	790.0	1103.0	723.0	946.0	946.0	3	CC[N+]1=C2C=C(C=CC2=C3C=CC(=CC3=C1C4=CC=CC=C4)N)N	1d014875acbf6a6ca30bdc246134d9c3	protein_only
Random-edge	3	CC[N+]1=C2C=C(C=CC2=C3C=CC(=CC3=C1C4=CC=CC=C4)N)N	27e8f13d77a01af2c9129bf6c6703e9a	1082.0	1.0	105.0	17.0	7.0	3	CC[N+]1=C2C=C(C=CC2=C3C=CC(=CC3=C1C4=CC=CC=C4)N)N	27e8f13d77a01af2c9129bf6c6703e9a	both
Random-edge	3	CC[N+]1=C2C=C(C=CC2=C3C=CC(=CC3=C1C4=CC=CC=C4)N)N	8f4196da191608b11dd0dd3b2f4e22ea	3673.0	3.0	5.0	63.0	63.0	3	CC[N+]1=C2C=C(C=CC2=C3C=CC(=CC3=C1C4=CC=CC=C4)N)N	8f4196da191608b11dd0dd3b2f4e22ea	both
Random-edge	3	CC[N+]1=C2C=C(C=CC2=C3C=CC(=CC3=C1C4=CC=CC=C4)N)N.[Br-]	33173afe48219fc9da31d27e924406ce	1421.0	2.0	665.0	12.0	17.0	3	CC[N+]1=C2C=C(C=CC2=C3C=CC(=CC3=C1C4=CC=CC=C4)N)N.[Br-]	33173afe48219fc9da31d27e924406ce	both
Random-edge	3	CN(C)C1=CC2=C(C=C1)C=C3C=CC(=[N+](C)C)C=C3O2.[Cl-]	e86e5da6075a4bbfc5e5edec5737181f	5884.0	2.0	1.0	56.0	32.0	3	CN(C)C1=CC2=C(C=C1)C=C3C=CC(=[N+](C)C)C=C3O2.[Cl-]	e86e5da6075a4bbfc5e5edec5737181f	both
Random-edge	3	CN(C)C1=CC=C(C=C1)C(=C2C=CC(=[N+](C)C)C=C2)C3=CC=C(C=C3)N(C)C.[Cl-]	33173afe48219fc9da31d27e924406ce	1362.0	62.0	572.0	133.0	133.0	3	CN(C)C1=CC=C(C=C1)C(=C2C=CC(=[N+](C)C)C=C2)C3=CC=C(C=C3)N(C)C.[Cl-]	33173afe48219fc9da31d27e924406ce	both
Random-edge	3	CN(C)C1=CC=C(C=C1)C(=C2C=CC(=[N+](C)C)C=C2)C3=CC=C(C=C3)N(C)C.[Cl-]	8f4196da191608b11dd0dd3b2f4e22ea	3684.0	1.0	8.0	73.0	73.0	3	CN(C)C1=CC=C(C=C1)C(=C2C=CC(=[N+](C)C)C=C2)C3=CC=C(C=C3)N(C)C.[Cl-]	8f4196da191608b11dd0dd3b2f4e22ea	both
Random-edge	3	CN(C)C1=CC=C(C=C1)C(=C2C=CC(=[N+](C)C)C=C2)C3=CC=CC=C3.[Cl-]	e86e5da6075a4bbfc5e5edec5737181f	5884.0	1.0	5.0	16.0	1.0	3	CN(C)C1=CC=C(C=C1)C(=C2C=CC(=[N+](C)C)C=C2)C3=CC=CC=C3.[Cl-]	e86e5da6075a4bbfc5e5edec5737181f	both
Random-edge	3	COC1=C(C=CC(=C1)C2=CC(=O)C3=C(C=C(C=C3O2)O)O)O	dc9475fd23b2a1a448a8559f04c02975	1.0	10.0	3.0	3.0	2.0	3	COC1=C(C=CC(=C1)C2=CC(=O)C3=C(C=C(C=C3O2)O)O)O	dc9475fd23b2a1a448a8559f04c02975	both
Random-edge	3	COC1=C(C=CC(=C1)O)C(=O)C=CC2=CC=C(C=C2)O	dc9475fd23b2a1a448a8559f04c02975	1.0	22.0	1.0	2.0	1.0	3	COC1=C(C=CC(=C1)O)C(=O)C=CC2=CC=C(C=C2)O	dc9475fd23b2a1a448a8559f04c02975	both
Random-edge	3	C[C@@H](C(=O)O)N	80dcca4860a450607e0a945d130b4197	11.0	42.0	69.0	15.0	7.0	3	C[C@@H](C(=O)O)N	80dcca4860a450607e0a945d130b4197	both
Random-edge	3	C[C@@H]([C@H]([C@@H](C(=O)COP(=O)(O)O)O)O)O	eddc2e45a35d342e911b07d0b61502eb	6024.0	6049.0	3155.0	3013.0	3013.0	3	C[C@@H]([C@H]([C@@H](C(=O)COP(=O)(O)O)O)O)O	eddc2e45a35d342e911b07d0b61502eb	neither
Random-edge	3	C[C@@H]1C2=C(C[C@H](O1)CC(=O)O)C(=O)C3=C(C2=O)C(=O)C(=CC3=O)C4=CC(=C5C(=C4O)C(=C6[C@H](O[C@@H](CC6=C5O)CC(=O)O)C)O)O	9fe27b894ed2e51629813cf641347dfa	4066.0	4206.0	6.0	4006.0	3986.0	3	C[C@@H]1C2=C(C[C@H](O1)CC(=O)O)C(=O)C3=C(C2=O)C(=O)C(=CC3=O)C4=CC(=C5C(=C4O)C(=C6[C@H](O[C@@H](CC6=C5O)CC(=O)O)C)O)O	9fe27b894ed2e51629813cf641347dfa	protein_only
Random-edge	3	C[C@@H]1C[C@]23[C@H](/C=C/CCCC[C@@H]4C=C[C@H]5[C@H]([C@@]4(C(=O)OC(=C2O)C(=O)O3)C)CCC[C@@H]5O[C@H]6C[C@H]([C@@H]([C@H](O6)C)O[C@H]7C[C@H]([C@@H]([C@H](O7)C)O)OC(=O)C8=C(C=CC(=C8C)Cl)OC)O)C=C1C(=O)O	3aca75f20be539e77372177c470e3961	1487.0	1.0	19.0	1.0	1.0	3	C[C@@H]1C[C@]23[C@H](/C=C/CCCC[C@@H]4C=C[C@H]5[C@H]([C@@]4(C(=O)OC(=C2O)C(=O)O3)C)CCC[C@@H]5O[C@H]6C[C@H]([C@@H]([C@H](O6)C)O[C@H]7C[C@H]([C@@H]([C@H](O7)C)O)OC(=O)C8=C(C=CC(=C8C)Cl)OC)O)C=C1C(=O)O	3aca75f20be539e77372177c470e3961	ligand_only
Random-edge	3	C[C@@]1([C@H]2C[C@H]3[C@@H](C(=O)C(=C([C@]3(C(=O)C2=C(C4=C1C=CC=C4O)O)O)O)C(=O)N)N(C)C)O	dd3fa42d5879f8a1fd0ccf19e42eed43	80.0	406.0	347.0	148.0	148.0	3	C[C@@]1([C@H]2C[C@H]3[C@@H](C(=O)C(=C([C@]3(C(=O)C2=C(C4=C1C=CC=C4O)O)O)O)C(=O)N)N(C)C)O	dd3fa42d5879f8a1fd0ccf19e42eed43	protein_only
Random-edge	3	C[C@H](CCC(=O)O)[C@H]1CC[C@@H]2[C@@]1(CC[C@H]3[C@H]2[C@H](C[C@H]4[C@@]3(CC[C@H](C4)O)C)O)C	02953687e8d0addea914d1380911f850	73.0	106.0	5.0	1545.0	1523.0	3	C[C@H](CCC(=O)O)[C@H]1CC[C@@H]2[C@@]1(CC[C@H]3[C@H]2[C@H](C[C@H]4[C@@]3(CC[C@H](C4)O)C)O)C	02953687e8d0addea914d1380911f850	ligand_only
Random-edge	3	C[C@H](CCC(=O)O)[C@H]1CC[C@@H]2[C@@]1([C@H](C[C@H]3[C@H]2CC[C@H]4[C@@]3(CC[C@H](C4)O)C)O)C	eb650d5a61ea3050805212878af18305	1.0	5978.0	16.0	1.0	2.0	3	C[C@H](CCC(=O)O)[C@H]1CC[C@@H]2[C@@]1([C@H](C[C@H]3[C@H]2CC[C@H]4[C@@]3(CC[C@H](C4)O)C)O)C	eb650d5a61ea3050805212878af18305	protein_only
Random-edge	3	C[C@H](CCC(=O)O)[C@H]1CC[C@@H]2[C@@]1([C@H](C[C@H]3[C@H]2CC[C@H]4[C@@]3(CC[C@H](C4)O)C)O)C	fb6e88c6713a37167434ab00fcd8dc48	2.0	177.0	128.0	20.0	1.0	3	C[C@H](CCC(=O)O)[C@H]1CC[C@@H]2[C@@]1([C@H](C[C@H]3[C@H]2CC[C@H]4[C@@]3(CC[C@H](C4)O)C)O)C	fb6e88c6713a37167434ab00fcd8dc48	both
Random-edge	3	C[C@H]1/C=C/C=C(\C(=O)NC2=CC(=C3C(=C2O)C(=C(C4=C3C(=O)[C@](O4)(O/C=C/[C@@H]([C@H]([C@H]([C@@H]([C@@H]([C@@H]([C@H]1O)C)O)C)OC(=O)C)C)OC)C)C)O)OCC(=O)O)/C	2d5659014371427c8babc68195ca7532	1171.0	1506.0	44.0	11.0	14.0	3	C[C@H]1/C=C/C=C(\C(=O)NC2=CC(=C3C(=C2O)C(=C(C4=C3C(=O)[C@](O4)(O/C=C/[C@@H]([C@H]([C@H]([C@@H]([C@@H]([C@@H]([C@H]1O)C)O)C)OC(=O)C)C)OC)C)C)O)OCC(=O)O)/C	2d5659014371427c8babc68195ca7532	neither
Random-edge	3	C[C@H]1C[C@@H]([C@@H]([C@@H]2[C@@H]1[C@]\3([C@@H](C=C2)/C(=C/C[C@@H](/C(=C/[C@@H]4C=C([C@@H](C[C@@]45C(=O)/C(=C3\O)/C(=O)O5)C)CO)/C)O[C@H]6C[C@]([C@H]([C@H](O6)C)NC(=O)OC)(C)[N+](=O)[O-])/C)C)O[C@H]7C[C@H]([C@H]([C@@H](O7)C)O)O[C@H]8CC(C([C@@H](O8)C)O[C@@H]9C[C@H]([C@H]([C@@H](O9)C)OC)O)O[C@H]1C[C@@H]([C@H]([C@@H](O1)C)O)O)C	8864f06e769e6ece9ffe61be550e01b3	3483.0	3659.0	76.0	27.0	30.0	3	C[C@H]1C[C@@H]([C@@H]([C@@H]2[C@@H]1[C@]\3([C@@H](C=C2)/C(=C/C[C@@H](/C(=C/[C@@H]4C=C([C@@H](C[C@@]45C(=O)/C(=C3\O)/C(=O)O5)C)CO)/C)O[C@H]6C[C@]([C@H]([C@H](O6)C)NC(=O)OC)(C)[N+](=O)[O-])/C)C)O[C@H]7C[C@H]([C@H]([C@@H](O7)C)O)O[C@H]8CC(C([C@@H](O8)C)O[C@@H]9C[C@H]([C@H]([C@@H](O9)C)OC)O)O[C@H]1C[C@@H]([C@H]([C@@H](O1)C)O)O)C	8864f06e769e6ece9ffe61be550e01b3	neither
Random-edge	3	C[C@H]1[C@H](CC[C@@H](O1)O[C@@H]2C[C@@H](O[C@@H]([C@H]2O)C)O[C@@H]3[C@H](O[C@H](C[C@H]3O)OC4=C5C(=C(C=C4)O)C(=O)C6=C(C5=O)[C@@H](CC7=C6C(=CC(=C7)C)O)O)C)O	c79768a69e81a7e46c5418b5b5ac5d0d	5089.0	5170.0	146.0	79.0	80.0	3	C[C@H]1[C@H](CC[C@@H](O1)O[C@@H]2C[C@@H](O[C@@H]([C@H]2O)C)O[C@@H]3[C@H](O[C@H](C[C@H]3O)OC4=C5C(=C(C=C4)O)C(=O)C6=C(C5=O)[C@@H](CC7=C6C(=CC(=C7)C)O)O)C)O	c79768a69e81a7e46c5418b5b5ac5d0d	neither
Random-edge	3	C[C@H]1[C@H](CC[C@@H](O1)O[C@@H]2C[C@@H](O[C@@H]([C@H]2O)C)O[C@@H]3[C@H](O[C@H](C[C@H]3O)O[C@H]4CC[C@@H](O[C@H]4C)O[C@@H]5C[C@@H](O[C@@H]([C@H]5O)C)O[C@@H]6[C@H](O[C@H](C[C@H]6O)OC7=C8C(=C(C=C7)O)C(=O)C9=C(C8=O)[C@@H](CC1=C9C(=CC(=C1)C)O)O)C)C)O	c79768a69e81a7e46c5418b5b5ac5d0d	5089.0	5170.0	171.0	95.0	97.0	3	C[C@H]1[C@H](CC[C@@H](O1)O[C@@H]2C[C@@H](O[C@@H]([C@H]2O)C)O[C@@H]3[C@H](O[C@H](C[C@H]3O)O[C@H]4CC[C@@H](O[C@H]4C)O[C@@H]5C[C@@H](O[C@@H]([C@H]5O)C)O[C@@H]6[C@H](O[C@H](C[C@H]6O)OC7=C8C(=C(C=C7)O)C(=O)C9=C(C8=O)[C@@H](CC1=C9C(=CC(=C1)C)O)O)C)C)O	c79768a69e81a7e46c5418b5b5ac5d0d	neither
Random-edge	3	C[N+](C)(C)C[C@@H](CC(=O)[O-])O	61d804f5e6839c42806f4d4e18fd3c6d	2500.0	2742.0	6140.0	6144.0	6144.0	3	C[N+](C)(C)C[C@@H](CC(=O)[O-])O	61d804f5e6839c42806f4d4e18fd3c6d	neither
Random-edge	3	C[N+]1=CC2=CC(=C(C=C2C3=C1C4=CC5=C(C=C4C=C3)OCO5)OC)OC	506feb33435607c1483aefbbb4983a16	2056.0	2.0	1.0	2.0	1.0	3	C[N+]1=CC2=CC(=C(C=C2C3=C1C4=CC5=C(C=C4C=C3)OCO5)OC)OC	506feb33435607c1483aefbbb4983a16	ligand_only
Random-edge	3	N[C@@H](Cc1c[nH]c2ccccc12)C(O)=O	1129ce31eceb1fd2c2e696746fb9ebd9	448.0	827.0	3526.0	3401.0	3402.0	3	N[C@@H](Cc1c[nH]c2ccccc12)C(O)=O	1129ce31eceb1fd2c2e696746fb9ebd9	neither
Random-edge	3	Nc1ccccc1C(=O)C[C@H]([NH3+])C([O-])=O	6eb56bf570e74c7259060804cc3c706d	2854.0	3077.0	2.0	1.0	4.0	3	Nc1ccccc1C(=O)C[C@H]([NH3+])C([O-])=O	6eb56bf570e74c7259060804cc3c706d	neither
Random-edge	3	OS(=O)(=S)[O-]	54af86e0a3a42d86125fac694a43e9c7	2.0	2438.0	4.0	2.0	3.0	3	OS(=O)(=S)[O-]	54af86e0a3a42d86125fac694a43e9c7	protein_only
Random-edge	3	[C@@H]1([C@H]([C@H](O[C@@H]([C@@H]1O)O)C(=O)[O-])O)O	4f8e22a41df9a885a8f3de9ccf4c4266	2124.0	118.0	235.0	272.0	272.0	3	[C@@H]1([C@H]([C@H](O[C@@H]([C@@H]1O)O)C(=O)[O-])O)O	4f8e22a41df9a885a8f3de9ccf4c4266	both
Random-edge	3	[O-]C(=O)CS([O-])(=O)=O	6f5541e6bcc5ff56d30a0b31eee1ec18	2866.0	3089.0	466.0	399.0	399.0	3	[O-]C(=O)CS([O-])(=O)=O	6f5541e6bcc5ff56d30a0b31eee1ec18	neither
Random-edge	3	[O-]C(=O)[C@@H]1CCC[NH2+]1	6e723b78b3694b33e08fef1b0eec12de	2845.0	3068.0	572.0	428.0	428.0	3	[O-]C(=O)[C@@H]1CCC[NH2+]1	6e723b78b3694b33e08fef1b0eec12de	neither
Random-edge	3	[O-]S(=O)[O-]	73f2bf2e5befbed27cc49032931c27fd	1.0	1.0	1.0	1.0	1.0	3	[O-]S(=O)[O-]	73f2bf2e5befbed27cc49032931c27fd	both
Random-edge	3	[S-]	24ab95281ff7c21f52271287e6f849aa	933.0	61.0	4875.0	3009.0	3011.0	3	[S-]	24ab95281ff7c21f52271287e6f849aa	ligand_only
Random-edge	3	[S-]	73f2bf2e5befbed27cc49032931c27fd	2968.0	202.0	4899.0	3151.0	3151.0	3	[S-]	73f2bf2e5befbed27cc49032931c27fd	ligand_only
Random-edge	3	ion:Cd_unspecified	fb5cad1bdf5c957282b288c2e61ba77c	6347.0	6345.0	189.0	6347.0	6343.0	3	ion:Cd_unspecified	fb5cad1bdf5c957282b288c2e61ba77c	protein_only
Random-edge	3	ion:Cr_unspecified	00c184046f2f5e22bb743559242f2727	19.0	19.0	1.0	1.0	1.0	3	ion:Cr_unspecified	00c184046f2f5e22bb743559242f2727	neither
Random-edge	3	ion:Cu+	b25115bb68686a75a18d18d8467ccf25	4547.0	4537.0	1313.0	4547.0	4547.0	3	ion:Cu+	b25115bb68686a75a18d18d8467ccf25	protein_only
Random-edge	3	ion:Cu+	d5ede7fa852bcbb40f345a0f77c2fb31	5454.0	5448.0	2693.0	5454.0	5454.0	3	ion:Cu+	d5ede7fa852bcbb40f345a0f77c2fb31	protein_only
Random-edge	3	ion:Cu_unspecified	7a6c9a45575ac23ddaa089d43e8dda67	3190.0	3145.0	165.0	3190.0	3189.0	3	ion:Cu_unspecified	7a6c9a45575ac23ddaa089d43e8dda67	protein_only
Random-edge	3	ion:Cu_unspecified	7ccc53af86791ce13d51b8cbc7e44e77	3245.0	3200.0	5414.0	3245.0	3245.0	3	ion:Cu_unspecified	7ccc53af86791ce13d51b8cbc7e44e77	protein_only
Random-edge	3	ion:Fe2+	4ae279357a01a64ddaee38c79158a3e5	147.0	1892.0	4623.0	147.0	147.0	3	ion:Fe2+	4ae279357a01a64ddaee38c79158a3e5	protein_only
Random-edge	3	ion:Fe2+	a61c65370dc41a639247ffbbb4cc9791	123.0	4215.0	3236.0	123.0	123.0	3	ion:Fe2+	a61c65370dc41a639247ffbbb4cc9791	protein_only
Random-edge	3	ion:Fe2+	c72eb7d25842648573791a0979afeb47	174.0	5072.0	1460.0	174.0	174.0	3	ion:Fe2+	c72eb7d25842648573791a0979afeb47	protein_only
Random-edge	3	ion:Fe2+	fb5cad1bdf5c957282b288c2e61ba77c	4.0	6336.0	532.0	4.0	4.0	3	ion:Fe2+	fb5cad1bdf5c957282b288c2e61ba77c	protein_only
Random-edge	3	ion:Fe_unspecified	44649a2bbceaafc35cdf7a1e2cb3e63c	110.0	1723.0	805.0	110.0	110.0	3	ion:Fe_unspecified	44649a2bbceaafc35cdf7a1e2cb3e63c	protein_only
Random-edge	3	ion:Fe_unspecified	c72eb7d25842648573791a0979afeb47	177.0	5074.0	72.0	177.0	177.0	3	ion:Fe_unspecified	c72eb7d25842648573791a0979afeb47	protein_only
Random-edge	3	ion:Fe_unspecified	c9628b34dc883949471b57efe94bd01f	11.0	5130.0	408.0	11.0	11.0	3	ion:Fe_unspecified	c9628b34dc883949471b57efe94bd01f	protein_only
Random-edge	3	ion:Mn_unspecified	8ae3f6b9c6c7d98b3621857aa3247b5f	19.0	3543.0	149.0	19.0	19.0	3	ion:Mn_unspecified	8ae3f6b9c6c7d98b3621857aa3247b5f	protein_only
Random-edge	3	ion:Ni2+	9e7b731c1405f719730bee5ea85424e0	4042.0	4028.0	1926.0	4042.0	4043.0	3	ion:Ni2+	9e7b731c1405f719730bee5ea85424e0	protein_only
Random-edge	3	ion:Ni2+	c492587cf73af64110aea83193d6eb10	5018.0	5009.0	3030.0	5018.0	5018.0	3	ion:Ni2+	c492587cf73af64110aea83193d6eb10	protein_only
Random-edge	3	ion:Ni_unspecified	91e8ccc3c27b7b9d8403ea57535de8f0	3764.0	3719.0	496.0	3764.0	3764.0	3	ion:Ni_unspecified	91e8ccc3c27b7b9d8403ea57535de8f0	protein_only
Random-edge	3	ion:Ni_unspecified	c32541dbbb3edb7ae8661e485f2b60b2	4995.0	4971.0	9.0	4995.0	4985.0	3	ion:Ni_unspecified	c32541dbbb3edb7ae8661e485f2b60b2	protein_only
Random-edge	3	ion:Zn2+	4d1307ac9a78a32c71b172790fb90c0c	2007.0	1946.0	2505.0	2007.0	2007.0	3	ion:Zn2+	4d1307ac9a78a32c71b172790fb90c0c	protein_only
Random-edge	3	ion:Zn2+	e97ebe0750cea743d147d9f5f771bfc2	5907.0	5904.0	1570.0	5907.0	5907.0	3	ion:Zn2+	e97ebe0750cea743d147d9f5f771bfc2	protein_only
Random-edge	3	ion:Zn_unspecified	c492587cf73af64110aea83193d6eb10	5059.0	5008.0	5654.0	5059.0	5060.0	3	ion:Zn_unspecified	c492587cf73af64110aea83193d6eb10	protein_only
Random-edge	3	ion:conjugation_factor	315246e1592c61520cdd5bb5c328acd2	1.0	1263.0	5.0	1.0	1.0	3	ion:conjugation_factor	315246e1592c61520cdd5bb5c328acd2	protein_only
Random-edge	3	ion:molybdate_or_molybdenum_unspecified	0b06eab3efde23ce54d4f3d54d8c0318	10.0	277.0	87.0	10.0	10.0	3	ion:molybdate_or_molybdenum_unspecified	0b06eab3efde23ce54d4f3d54d8c0318	protein_only
Random-edge	4	C(=C\C(=O)[O-])\C=C/C(=O)[O-]	06e56bbb2f80fefc53848194b5f8fbf1	13.0	1.0	7.0	11.0	7.0	4	C(=C\C(=O)[O-])\C=C/C(=O)[O-]	06e56bbb2f80fefc53848194b5f8fbf1	both
Random-edge	4	C(=[N-])=O	4f3949c2d64173f0904786f1e9fb240f	2010.0	2283.0	123.0	82.0	82.0	4	C(=[N-])=O	4f3949c2d64173f0904786f1e9fb240f	neither
Random-edge	4	C(C(=O)O)C(=O)O	49211f7755ebb7ddb1ce617d4b2f5b04	1860.0	28.0	2345.0	38.0	40.0	4	C(C(=O)O)C(=O)O	49211f7755ebb7ddb1ce617d4b2f5b04	both
Random-edge	4	C(C(=O)[O-])C(CC(=O)[O-])(C(=O)[O-])O	5eb09eea840b170bfbc5dc44102b126f	2718.0	2659.0	371.0	2739.0	2739.0	4	C(C(=O)[O-])C(CC(=O)[O-])(C(=O)[O-])O	5eb09eea840b170bfbc5dc44102b126f	protein_only
Random-edge	4	C(C(=O)[O-])C(CC(=O)[O-])(C(=O)[O-])O	beb402c735d6c899286f0579d7c14cba	301.0	4943.0	3561.0	303.0	304.0	4	C(C(=O)[O-])C(CC(=O)[O-])(C(=O)[O-])O	beb402c735d6c899286f0579d7c14cba	protein_only
Random-edge	4	C(C(=O)[O-])O	5906ab6a487a988f797855890557a11d	87.0	2535.0	28.0	84.0	84.0	4	C(C(=O)[O-])O	5906ab6a487a988f797855890557a11d	protein_only
Random-edge	4	C(C(C(C(=O)O)O)C(=O)O)C(=O)O	75fea6b22da78a37d576fa9fa4872c5b	3021.0	57.0	17.0	398.0	380.0	4	C(C(C(C(=O)O)O)C(=O)O)C(=O)O	75fea6b22da78a37d576fa9fa4872c5b	ligand_only
Random-edge	4	C(C1C(C(C(C(O1)OC2C(C(C(C(O2)COP(=O)(O)O)O)O)O)O)O)O)O	4bc4e2950a34015dc197c68f8d50b94b	1918.0	1.0	62.0	1.0	1.0	4	C(C1C(C(C(C(O1)OC2C(C(C(C(O2)COP(=O)(O)O)O)O)O)O)O)O)O	4bc4e2950a34015dc197c68f8d50b94b	ligand_only
Random-edge	4	C(C1C(C(C(C(O1)OCC2C(C(C(C(O2)O)O)O)O)O)O)O)O	228e7a41278dfe231a49f0de7c32ff11	887.0	31.0	824.0	31.0	33.0	4	C(C1C(C(C(C(O1)OCC2C(C(C(C(O2)O)O)O)O)O)O)O)O	228e7a41278dfe231a49f0de7c32ff11	ligand_only
Random-edge	4	C(C1C(C(C(C(O1)OCC2C(C(C(C(O2)OC3(C(C(C(O3)CO)O)O)CO)O)O)O)O)O)O)O	66f14e4b4cba98c51d1623c041e8e8fb	2.0	2885.0	171.0	6.0	7.0	4	C(C1C(C(C(C(O1)OCC2C(C(C(C(O2)OC3(C(C(C(O3)CO)O)O)CO)O)O)O)O)O)O)O	66f14e4b4cba98c51d1623c041e8e8fb	protein_only
Random-edge	4	C(CC(=O)O)C(=O)C(=O)O	73e3816a1d46ca55da62467f634434b5	2967.0	3184.0	4256.0	4186.0	4186.0	4	C(CC(=O)O)C(=O)C(=O)O	73e3816a1d46ca55da62467f634434b5	neither
Random-edge	4	C(CC(=O)O)C(=O)C(=O)O	ac8bce3192a43567b333bb6a2720d47c	4392.0	4520.0	4355.0	4293.0	4293.0	4	C(CC(=O)O)C(=O)C(=O)O	ac8bce3192a43567b333bb6a2720d47c	neither
Random-edge	4	C(CC(=O)O)C(=O)CC(=O)O	9e8b9f8152505343a9404dfcce565d4a	4033.0	4182.0	2.0	7.0	10.0	4	C(CC(=O)O)C(=O)CC(=O)O	9e8b9f8152505343a9404dfcce565d4a	neither
Random-edge	4	C(CC(=O)O)C(=O)O	6fd6e7e8a06f72623e4c00b3318ab2b7	2878.0	2.0	1.0	2.0	1.0	4	C(CC(=O)O)C(=O)O	6fd6e7e8a06f72623e4c00b3318ab2b7	ligand_only
Random-edge	4	C(CCN)CN	27e8f13d77a01af2c9129bf6c6703e9a	1049.0	1.0	46.0	2.0	1.0	4	C(CCN)CN	27e8f13d77a01af2c9129bf6c6703e9a	both
Random-edge	4	C(CN)C(=O)O	80dcca4860a450607e0a945d130b4197	3305.0	31.0	178.0	173.0	174.0	4	C(CN)C(=O)O	80dcca4860a450607e0a945d130b4197	ligand_only
Random-edge	4	C(CS)C(C(=O)O)N	4bcdc70a0814defd19510fab6a823843	1920.0	3.0	960.0	3.0	5.0	4	C(CS)C(C(=O)O)N	4bcdc70a0814defd19510fab6a823843	ligand_only
Random-edge	4	C(C[C@@H](C(=O)O)N)CN=C(N)N	a88fa0c4ecd0dfb8f70237571030a56b	4320.0	4419.0	2453.0	4238.0	4238.0	4	C(C[C@@H](C(=O)O)N)CN=C(N)N	a88fa0c4ecd0dfb8f70237571030a56b	protein_only
Random-edge	4	C(C[C@@H](C(=O)O)N)CN=C(N)N	b10557779ec820b0d25ecd40ec457a2d	4527.0	4625.0	2451.0	4438.0	4438.0	4	C(C[C@@H](C(=O)O)N)CN=C(N)N	b10557779ec820b0d25ecd40ec457a2d	protein_only
Random-edge	4	C([C@@H]([C@@H]1C(=C(C(=O)O1)O)O)O)O	cf1ac1423df53baa207595f5ca539e78	5258.0	130.0	799.0	2116.0	2116.0	4	C([C@@H]([C@@H]1C(=C(C(=O)O1)O)O)O)O	cf1ac1423df53baa207595f5ca539e78	ligand_only
Random-edge	4	C([C@@H]([C@H]([C@@H](C(=O)CO)O)O)O)O	46a6f352be84d25094e454349d28a3a1	1783.0	2077.0	1875.0	1760.0	1760.0	4	C([C@@H]([C@H]([C@@H](C(=O)CO)O)O)O)O	46a6f352be84d25094e454349d28a3a1	neither
Random-edge	4	C([C@@H]1[C@@H]([C@@H]([C@H](C(O1)O)O)O)O)O	72f1f7f566074372a9d89656dde8e77f	2.0	3160.0	4014.0	32.0	31.0	4	C([C@@H]1[C@@H]([C@@H]([C@H](C(O1)O)O)O)O)O	72f1f7f566074372a9d89656dde8e77f	protein_only
Random-edge	4	C([C@@H]1[C@@H]([C@@H]([C@H]([C@@H](O1)O[C@H]2[C@H](O[C@H]([C@@H]([C@H]2O)O)O)CO)O)O)O)O	61c017d276c816b529212c9451e22f25	2494.0	2743.0	102.0	138.0	138.0	4	C([C@@H]1[C@@H]([C@@H]([C@H]([C@@H](O1)O[C@H]2[C@H](O[C@H]([C@@H]([C@H]2O)O)O)CO)O)O)O)O	61c017d276c816b529212c9451e22f25	neither
Random-edge	4	C([C@@H]1[C@H]([C@@H]([C@H](C(O1)O)O)O)O)O	5a89349df4f1cd48c072ad220d7539b0	9.0	10.0	6.0	17.0	9.0	4	C([C@@H]1[C@H]([C@@H]([C@H](C(O1)O)O)O)O)O	5a89349df4f1cd48c072ad220d7539b0	both
Random-edge	4	C([C@@H]1[C@H]([C@@H]([C@H]([C@@H](O1)O[C@@H]2[C@H](OC([C@@H]([C@H]2O)O)O)CO)O)O)O)O	5a89349df4f1cd48c072ad220d7539b0	2633.0	7.0	42.0	7.0	10.0	4	C([C@@H]1[C@H]([C@@H]([C@H]([C@@H](O1)O[C@@H]2[C@H](OC([C@@H]([C@H]2O)O)O)CO)O)O)O)O	5a89349df4f1cd48c072ad220d7539b0	both
Random-edge	4	C([C@@H]1[C@H]([C@@H]([C@H]([C@H](O1)O[C@@H]2[C@@H]([C@H]([C@@H]([C@H](O2)CO)O)O)O)O)O)O)O	76f34278447a91e2cf202481fd739790	3156.0	3257.0	43.0	3155.0	3139.0	4	C([C@@H]1[C@H]([C@@H]([C@H]([C@H](O1)O[C@@H]2[C@@H]([C@H]([C@@H]([C@H](O2)CO)O)O)O)O)O)O)O	76f34278447a91e2cf202481fd739790	protein_only
Random-edge	4	C([C@@H]1[C@H]([C@@H]([C@H]([C@H](O1)O[C@@H]2[C@H](OC([C@@H]([C@H]2O)O)O)CO)O)O)O)O	a841fcb05909a597f5af9d5016faf3d7	4421.0	4416.0	1657.0	4344.0	4344.0	4	C([C@@H]1[C@H]([C@@H]([C@H]([C@H](O1)O[C@@H]2[C@H](OC([C@@H]([C@H]2O)O)O)CO)O)O)O)O	a841fcb05909a597f5af9d5016faf3d7	protein_only
Random-edge	4	C([C@@H]1[C@H]([C@@H]([C@H]([C@H](O1)O[C@]2([C@H]([C@@H]([C@H](O2)CO)O)O)CO)O)O)O)O	e3342ddfbbf04408257fc218f12da2e4	13.0	5799.0	1394.0	44.0	45.0	4	C([C@@H]1[C@H]([C@@H]([C@H]([C@H](O1)O[C@]2([C@H]([C@@H]([C@H](O2)CO)O)O)CO)O)O)O)O	e3342ddfbbf04408257fc218f12da2e4	protein_only
Random-edge	4	C([C@@H]1[C@H]([C@H]([C@@H](O1)O)O)O)O	d502041b935317410327e7038ea7895d	5532.0	5492.0	586.0	5387.0	5385.0	4	C([C@@H]1[C@H]([C@H]([C@@H](O1)O)O)O)O	d502041b935317410327e7038ea7895d	protein_only
Random-edge	4	C([C@H]([C@@H]([C@@H]([C@H](C(=O)[O-])O)O)O)O)O	763f7017b7dc4d72eba1fdff27ead134	3026.0	3235.0	859.0	768.0	768.0	4	C([C@H]([C@@H]([C@@H]([C@H](C(=O)[O-])O)O)O)O)O	763f7017b7dc4d72eba1fdff27ead134	neither
Random-edge	4	C([C@H]([C@H]([C@@H]([C@H](C(=O)[O-])O)O)O)O)O	d59e665a3d710b06925d6bde1c8b91d6	5524.0	304.0	2592.0	6349.0	6349.0	4	C([C@H]([C@H]([C@@H]([C@H](C(=O)[O-])O)O)O)O)O	d59e665a3d710b06925d6bde1c8b91d6	both
Random-edge	4	C12=C(NC(=O)N1)NC(=O)NC2=O	21e22c1a7cb93fb1e190cf078daf329d	873.0	2.0	88.0	11.0	7.0	4	C12=C(NC(=O)N1)NC(=O)NC2=O	21e22c1a7cb93fb1e190cf078daf329d	both
Random-edge	4	C12=C(NC(=O)N1)NC(=O)NC2=O	a0cd837a84af83b3bf0aa2f4f099d57e	4093.0	4236.0	5.0	4033.0	4013.0	4	C12=C(NC(=O)N1)NC(=O)NC2=O	a0cd837a84af83b3bf0aa2f4f099d57e	protein_only
Random-edge	4	C1=C(NC=N1)C[C@@H](C(=O)O)N	c1ef8f5a845c0fb35c0194373e4721e1	4937.0	19.0	89.0	29.0	29.0	4	C1=C(NC=N1)C[C@@H](C(=O)O)N	c1ef8f5a845c0fb35c0194373e4721e1	both
Random-edge	4	C1=CC(=C(C(=C1)O)C(=O)C2=CC(=C(N2)Cl)Cl)O	34ded561ec6698344bffa193f5e47deb	1401.0	19.0	19.0	89.0	90.0	4	C1=CC(=C(C(=C1)O)C(=O)C2=CC(=C(N2)Cl)Cl)O	34ded561ec6698344bffa193f5e47deb	both
Random-edge	4	C1=CC(=C(C(=C1)O)C(=O)C2=CC(=C(N2)Cl)Cl)O	a3ebecb39311c67c977e8f29af14fd60	1.0	20.0	2.0	90.0	68.0	4	C1=CC(=C(C(=C1)O)C(=O)C2=CC(=C(N2)Cl)Cl)O	a3ebecb39311c67c977e8f29af14fd60	both
Random-edge	4	C1=CC(=C(C(=C1)O)O)C=O	b2471b931a88b96814abaa16a0499b37	4535.0	2.0	132.0	2.0	5.0	4	C1=CC(=C(C(=C1)O)O)C=O	b2471b931a88b96814abaa16a0499b37	ligand_only
Random-edge	4	C1=CC(=C(C=C1C2=C(C(=O)C3=C(C=C(C=C3O2)O)O)O)O)O	3d8ba3e9d65112249c95e52019e5bc49	3.0	5.0	3.0	7.0	1.0	4	C1=CC(=C(C=C1C2=C(C(=O)C3=C(C=C(C=C3O2)O)O)O)O)O	3d8ba3e9d65112249c95e52019e5bc49	both
Random-edge	4	C1=CC(=C(C=C1C2=CC(=O)C3=C(C=C(C=C3O2)O)O)O)O	565138dd35eebdf76237e9c0b48f4152	2236.0	4.0	35.0	4.0	10.0	4	C1=CC(=C(C=C1C2=CC(=O)C3=C(C=C(C=C3O2)O)O)O)O	565138dd35eebdf76237e9c0b48f4152	both
Random-edge	4	C1=CC(=C(C=C1C2=CC(=O)C3=C(C=C(C=C3O2)O)O)O)O	de22dd68ad2a20975814057d3b412b56	2.0	2.0	1.0	2.0	2.0	4	C1=CC(=C(C=C1C2=CC(=O)C3=C(C=C(C=C3O2)O)O)O)O	de22dd68ad2a20975814057d3b412b56	both
Random-edge	4	C1=CC(=C(C=C1C2=CC(=O)C3=C(C=C(C=C3O2)O)O)O)O	ebdb40cd5cac5f76be85b39316c47894	6.0	9.0	6.0	9.0	6.0	4	C1=CC(=C(C=C1C2=CC(=O)C3=C(C=C(C=C3O2)O)O)O)O	ebdb40cd5cac5f76be85b39316c47894	both
Random-edge	4	C1=CC(=C(C=C1C2C(C(=O)C3=C(C=C(C=C3O2)O)O)O)O)O	2d23a9d0eabe55875c58261b6edad005	4.0	22.0	3.0	33.0	18.0	4	C1=CC(=C(C=C1C2C(C(=O)C3=C(C=C(C=C3O2)O)O)O)O)O	2d23a9d0eabe55875c58261b6edad005	both
Random-edge	4	C1=CC(=C(C=C1[N+](=O)[O-])[N+](=O)[O-])O	64bea006ef1b176c4639c5dd6c38a563	2584.0	64.0	672.0	69.0	69.0	4	C1=CC(=C(C=C1[N+](=O)[O-])[N+](=O)[O-])O	64bea006ef1b176c4639c5dd6c38a563	both
Random-edge	4	C1=CC(=CC(=C1)Cl)C(=O)O	7778980e5ac87e0bb8e6c8cfea5ef5af	2.0	18.0	8.0	134.0	114.0	4	C1=CC(=CC(=C1)Cl)C(=O)O	7778980e5ac87e0bb8e6c8cfea5ef5af	both
Random-edge	4	C1=CC(=CC(=C1)O)CCC(=O)O	62040962c3fe17fc1c7f7539ddf2f4d3	2506.0	1.0	2.0	1.0	1.0	4	C1=CC(=CC(=C1)O)CCC(=O)O	62040962c3fe17fc1c7f7539ddf2f4d3	ligand_only
Random-edge	4	C1=CC(=CC2=NC3=C(C=CC(=C3)N)C=C21)N	e86e5da6075a4bbfc5e5edec5737181f	5894.0	1.0	6.0	12.0	2.0	4	C1=CC(=CC2=NC3=C(C=CC(=C3)N)C=C21)N	e86e5da6075a4bbfc5e5edec5737181f	both
Random-edge	4	C1=CC(=CC=C1C(=O)O)O	2900b6a9b36a8201a9466a6f09269c55	1091.0	1403.0	19.0	1221.0	1213.0	4	C1=CC(=CC=C1C(=O)O)O	2900b6a9b36a8201a9466a6f09269c55	protein_only
Random-edge	4	C1=CC(=CC=C1C(=O)O)O	3bab02b578cdc61473e5afd60d6b8a99	1550.0	1830.0	870.0	1648.0	1648.0	4	C1=CC(=CC=C1C(=O)O)O	3bab02b578cdc61473e5afd60d6b8a99	protein_only
Random-edge	4	C1=CC(=CC=C1C(=O)[O-])C(=O)[O-]	6c73f217c3ac7b7ee55816ebb94150b3	2793.0	3024.0	70.0	23.0	26.0	4	C1=CC(=CC=C1C(=O)[O-])C(=O)[O-]	6c73f217c3ac7b7ee55816ebb94150b3	neither
Random-edge	4	C1=CC(=CC=C1C2=C(C(=O)C3=C(O2)C=C(C=C3)O)O)O	de22dd68ad2a20975814057d3b412b56	1.0	6.0	1.0	6.0	5.0	4	C1=CC(=CC=C1C2=C(C(=O)C3=C(O2)C=C(C=C3)O)O)O	de22dd68ad2a20975814057d3b412b56	both
Random-edge	4	C1=CC(=CC=C1C2=COC3=CC(=CC(=C3C2=O)O)O)O	3d8ba3e9d65112249c95e52019e5bc49	75.0	13.0	31.0	42.0	17.0	4	C1=CC(=CC=C1C2=COC3=CC(=CC(=C3C2=O)O)O)O	3d8ba3e9d65112249c95e52019e5bc49	both
Random-edge	4	C1=CC(=CC=C1C2=COC3=CC(=CC(=C3C2=O)O)O)O	c83457c674d27655630573801468e382	3.0	5187.0	29.0	3.0	10.0	4	C1=CC(=CC=C1C2=COC3=CC(=CC(=C3C2=O)O)O)O	c83457c674d27655630573801468e382	protein_only
Random-edge	4	C1=CC(=CC=C1CCC(=O)C2=C(C=C(C=C2O)O)O)O	05974c9d02bd051c5aaf05641e13261a	3.0	25.0	10.0	67.0	48.0	4	C1=CC(=CC=C1CCC(=O)C2=C(C=C(C=C2O)O)O)O	05974c9d02bd051c5aaf05641e13261a	both
Random-edge	4	C1=CC(=CC=C1C[C@@H](C(=O)O)N)O	2d30e9c6a468d54a6af5c09e8e9ff6b1	1169.0	2.0	77.0	2.0	3.0	4	C1=CC(=CC=C1C[C@@H](C(=O)O)N)O	2d30e9c6a468d54a6af5c09e8e9ff6b1	ligand_only
Random-edge	4	C1=CC(=CC=C1[C@H]([C@@H](CO)NC(=O)C(Cl)Cl)O)[N+](=O)[O-]	565138dd35eebdf76237e9c0b48f4152	2218.0	88.0	10.0	1563.0	1537.0	4	C1=CC(=CC=C1[C@H]([C@@H](CO)NC(=O)C(Cl)Cl)O)[N+](=O)[O-]	565138dd35eebdf76237e9c0b48f4152	ligand_only
Random-edge	4	C1=CC(=CC=C1[C@H]([C@@H](CO)NC(=O)C(Cl)Cl)O)[N+](=O)[O-]	fb6e88c6713a37167434ab00fcd8dc48	6347.0	153.0	209.0	2567.0	2555.0	4	C1=CC(=CC=C1[C@H]([C@@H](CO)NC(=O)C(Cl)Cl)O)[N+](=O)[O-]	fb6e88c6713a37167434ab00fcd8dc48	ligand_only
Random-edge	4	C1=CC(=O)NC=C1C(=O)CCC(=O)[O-]	0199fedbe2fbb583eb8d0d75c1e886ef	42.0	451.0	66.0	18.0	19.0	4	C1=CC(=O)NC=C1C(=O)CCC(=O)[O-]	0199fedbe2fbb583eb8d0d75c1e886ef	neither
Random-edge	4	C1=CC=C(C(=C1)C(=O)O)[O-]	7d2ae900d7f26d0eb7637a8a86d42a48	3251.0	34.0	248.0	87.0	92.0	4	C1=CC=C(C(=C1)C(=O)O)[O-]	7d2ae900d7f26d0eb7637a8a86d42a48	both
Random-edge	4	C1=CC=C(C(=C1)C(=O)[O-])C(=O)[O-]	6dcb122429d3c871c4098ced28752a0c	2828.0	3056.0	72.0	35.0	37.0	4	C1=CC=C(C(=C1)C(=O)[O-])C(=O)[O-]	6dcb122429d3c871c4098ced28752a0c	neither
Random-edge	4	C1=CC=C(C=C1)/C=C/C2=CC(=CC(=C2)O)O	706ea653ec20b9b1cdd43aac78d1c31c	2894.0	1.0	3.0	1.0	1.0	4	C1=CC=C(C=C1)/C=C/C2=CC(=CC(=C2)O)O	706ea653ec20b9b1cdd43aac78d1c31c	ligand_only
Random-edge	4	C1=CC=C(C=C1)C(=O)[O-]	d34c92c109c7d573654f25487ec0a7a3	1.0	4.0	1.0	91.0	69.0	4	C1=CC=C(C=C1)C(=O)[O-]	d34c92c109c7d573654f25487ec0a7a3	both
Random-edge	4	C1=CC=C2C(=C1)C(=CN2)C(=O)O	d193f6905753f1c78f731671041151ae	5320.0	2.0	1.0	2.0	1.0	4	C1=CC=C2C(=C1)C(=CN2)C(=O)O	d193f6905753f1c78f731671041151ae	ligand_only
Random-edge	4	C1=CC=C2C(=C1)C(=CN2)CCC(=O)O	d193f6905753f1c78f731671041151ae	5320.0	1.0	1.0	1.0	1.0	4	C1=CC=C2C(=C1)C(=CN2)CCC(=O)O	d193f6905753f1c78f731671041151ae	ligand_only
Random-edge	4	C1=CC=C2C(=C1)C(=CN2)[C@@H]([C@@H](COP(=O)(O)O)O)O	2d9e9a69d9e1ee4ef456a1c101c79eb2	1182.0	1514.0	1042.0	852.0	853.0	4	C1=CC=C2C(=C1)C(=CN2)[C@@H]([C@@H](COP(=O)(O)O)O)O	2d9e9a69d9e1ee4ef456a1c101c79eb2	neither
Random-edge	4	C1=CC=C2C(=C1)C=CC=C2CC(=O)O	d193f6905753f1c78f731671041151ae	5320.0	2.0	5.0	4.0	1.0	4	C1=CC=C2C(=C1)C=CC=C2CC(=O)O	d193f6905753f1c78f731671041151ae	ligand_only
Random-edge	4	C1=CC=C2C(=C1)C=CC=C2O	676eab037c878bfed933ed17ce320e00	2707.0	12.0	131.0	34.0	35.0	4	C1=CC=C2C(=C1)C=CC=C2O	676eab037c878bfed933ed17ce320e00	both
Random-edge	4	C1=CN=CC=C1C(=O)NN	ec5d32bd86ce6715d928f2a335b20c29	5978.0	6010.0	162.0	5808.0	5797.0	4	C1=CN=CC=C1C(=O)NN	ec5d32bd86ce6715d928f2a335b20c29	protein_only
Random-edge	4	C1=NC(=C2C(=N1)N(C=N2)[C@H]3[C@@H]([C@@H]([C@H](O3)COP(=O)(O)OS(=O)(=O)O)O)O)N	24ab95281ff7c21f52271287e6f849aa	998.0	278.0	762.0	6323.0	6323.0	4	C1=NC(=C2C(=N1)N(C=N2)[C@H]3[C@@H]([C@@H]([C@H](O3)COP(=O)(O)OS(=O)(=O)O)O)O)N	24ab95281ff7c21f52271287e6f849aa	both
Random-edge	4	C1=NC2=C(N1[C@H]3[C@@H]([C@@H]([C@H](O3)COP(=O)(O)OP(=O)(O)OP(=O)(O)O)O)O)N=C(NC2=O)N	c79fef4f9009b810c0c44eb9c8d15bcd	5095.0	5175.0	392.0	4971.0	4969.0	4	C1=NC2=C(N1[C@H]3[C@@H]([C@@H]([C@H](O3)COP(=O)(O)OP(=O)(O)OP(=O)(O)O)O)O)N=C(NC2=O)N	c79fef4f9009b810c0c44eb9c8d15bcd	protein_only
Random-edge	4	C1C(OC2=C(C1=O)C=CC(=C2)O)C3=CC=C(C=C3)O	de22dd68ad2a20975814057d3b412b56	1.0	9.0	1.0	9.0	7.0	4	C1C(OC2=C(C1=O)C=CC(=C2)O)C3=CC=C(C=C3)O	de22dd68ad2a20975814057d3b412b56	both
Random-edge	4	C1[C@@H]([C@@H]([C@H](C(O1)O)O)O)O	83ca0f6b434d115c2d3a74bfc12a9eda	3623.0	3557.0	2060.0	3594.0	3594.0	4	C1[C@@H]([C@@H]([C@H](C(O1)O)O)O)O	83ca0f6b434d115c2d3a74bfc12a9eda	protein_only
Random-edge	4	C1[C@@H]([C@@H]([C@H](C(O1)O)O)O)O	8fc07ece9dde7abde463f7d68391dcc0	3886.0	3833.0	3005.0	3846.0	3846.0	4	C1[C@@H]([C@@H]([C@H](C(O1)O)O)O)O	8fc07ece9dde7abde463f7d68391dcc0	protein_only
Random-edge	4	C1[C@@H]2[C@H]([C@H]([C@@H](O2)N3C=NC4=C(N=CN=C43)N)O)OP(=O)(O1)O	9a58754a5c561c0784b75360a962f090	4.0	4079.0	29.0	7.0	7.0	4	C1[C@@H]2[C@H]([C@H]([C@@H](O2)N3C=NC4=C(N=CN=C43)N)O)OP(=O)(O1)O	9a58754a5c561c0784b75360a962f090	protein_only
Random-edge	4	C1[C@H](OC2=CC(=CC(=C2C1=O)O)O)C3=CC(=C(C=C3)O)O	ebdb40cd5cac5f76be85b39316c47894	4.0	10.0	4.0	24.0	11.0	4	C1[C@H](OC2=CC(=CC(=C2C1=O)O)O)C3=CC(=C(C=C3)O)O	ebdb40cd5cac5f76be85b39316c47894	both
Random-edge	4	C1[C@H]([C@@H]([C@H](C(O1)O)O)O)O	35aa67a5c3b306ce1b907b6ee7301b89	25.0	1675.0	104.0	51.0	51.0	4	C1[C@H]([C@@H]([C@H](C(O1)O)O)O)O	35aa67a5c3b306ce1b907b6ee7301b89	protein_only
Random-edge	4	C1[C@H]([C@@H]([C@H](C(O1)O)O)O)O	a613da2483180d0a9b367640dfebb6ca	1.0	4350.0	260.0	4.0	7.0	4	C1[C@H]([C@@H]([C@H](C(O1)O)O)O)O	a613da2483180d0a9b367640dfebb6ca	protein_only
Random-edge	4	C1[C@H]([C@@H]([C@H]([C@@H](O1)O[C@H](CO)[C@@H]([C@H](C=O)O)O)O)O)O	ac4aa0bbf3b67991f63545b0134635dd	4378.0	9.0	2250.0	11.0	12.0	4	C1[C@H]([C@@H]([C@H]([C@@H](O1)O[C@H](CO)[C@@H]([C@H](C=O)O)O)O)O)O	ac4aa0bbf3b67991f63545b0134635dd	ligand_only
Random-edge	4	C1[C@H]([C@H]([C@H](C(O1)(CO)O)O)O)O	471e7e12bd0d94b45bf7712702e8b708	1805.0	2097.0	439.0	421.0	421.0	4	C1[C@H]([C@H]([C@H](C(O1)(CO)O)O)O)O	471e7e12bd0d94b45bf7712702e8b708	neither
Random-edge	4	C=C(CC(=O)O)C(=O)O	bb1cef1879f11122fc5c7b7b2a865563	4749.0	4858.0	154.0	86.0	86.0	4	C=C(CC(=O)O)C(=O)O	bb1cef1879f11122fc5c7b7b2a865563	neither
Random-edge	4	CC(=CCC/C(=C/CO)/C)C	02953687e8d0addea914d1380911f850	73.0	65.0	367.0	938.0	935.0	4	CC(=CCC/C(=C/CO)/C)C	02953687e8d0addea914d1380911f850	ligand_only
Random-edge	4	CC(=O)C1=C(C(=C(C=C1O)O)C(=O)C)O	a3ebecb39311c67c977e8f29af14fd60	4169.0	3.0	8.0	6.0	6.0	4	CC(=O)C1=C(C(=C(C=C1O)O)C(=O)C)O	a3ebecb39311c67c977e8f29af14fd60	both
Random-edge	4	CC(=O)O[Hg]C1=CC=CC=C1	fb6e88c6713a37167434ab00fcd8dc48	6347.0	181.0	591.0	2893.0	2885.0	4	CC(=O)O[Hg]C1=CC=CC=C1	fb6e88c6713a37167434ab00fcd8dc48	ligand_only
Random-edge	4	CC(C(=O)C)O	06ca4eea8ba87c5d3718a5b9e34adfe7	434.0	23.0	6323.0	281.0	282.0	4	CC(C(=O)C)O	06ca4eea8ba87c5d3718a5b9e34adfe7	both
Random-edge	4	CC(C(=O)O)OC(=O)C	06ca4eea8ba87c5d3718a5b9e34adfe7	173.0	20.0	513.0	230.0	226.0	4	CC(C(=O)O)OC(=O)C	06ca4eea8ba87c5d3718a5b9e34adfe7	ligand_only
Random-edge	4	CC(C(C(C(C=O)O)O)O)O	83ca0f6b434d115c2d3a74bfc12a9eda	3372.0	3559.0	577.0	530.0	530.0	4	CC(C(C(C(C=O)O)O)O)O	83ca0f6b434d115c2d3a74bfc12a9eda	neither
Random-edge	4	CC(C)(C1=CC=CC=C1)OO	f6ff10250ee830c35ac07507333eb4a1	6242.0	6258.0	534.0	456.0	456.0	4	CC(C)(C1=CC=CC=C1)OO	f6ff10250ee830c35ac07507333eb4a1	neither
Random-edge	4	CC(C)(COP(=O)(O)OP(=O)(O)OC[C@@H]1[C@H]([C@H]([C@@H](O1)N2C=NC3=C(N=CN=C32)N)O)OP(=O)(O)O)[C@H](C(=O)NCCC(=O)NCCSC(=O)/C=C/C4=CC(=C(C(=C4)OC)O)OC)O	0c66fe8d9adabf8c06717230f10be31f	317.0	1.0	1.0	1.0	1.0	4	CC(C)(COP(=O)(O)OP(=O)(O)OC[C@@H]1[C@H]([C@H]([C@@H](O1)N2C=NC3=C(N=CN=C32)N)O)OP(=O)(O)O)[C@H](C(=O)NCCC(=O)NCCSC(=O)/C=C/C4=CC(=C(C(=C4)OC)O)OC)O	0c66fe8d9adabf8c06717230f10be31f	ligand_only
Random-edge	4	CC(C)(COP(=O)(O)OP(=O)(O)OC[C@@H]1[C@H]([C@H]([C@@H](O1)N2C=NC3=C(N=CN=C32)N)O)OP(=O)(O)O)[C@H](C(=O)NCCC(=O)NCCSC(=O)C4=CC=CC=C4)O	33f0d6ab60f41030462812b293488bb3	1317.0	141.0	53.0	2141.0	2120.0	4	CC(C)(COP(=O)(O)OP(=O)(O)OC[C@@H]1[C@H]([C@H]([C@@H](O1)N2C=NC3=C(N=CN=C32)N)O)OP(=O)(O)O)[C@H](C(=O)NCCC(=O)NCCSC(=O)C4=CC=CC=C4)O	33f0d6ab60f41030462812b293488bb3	ligand_only
Random-edge	4	CC(C)(COP(=O)([O-])OP(=O)([O-])OC[C@@H]1[C@H]([C@H]([C@@H](O1)N2C=NC3=C(N=CN=C32)N)O)OP(=O)([O-])[O-])[C@H](C(=O)NCCC(=O)NCCSC(=O)C4CCCCC4=O)O	b146a40cae7d61009ca2a001971a3d27	4507.0	1.0	6.0	1.0	1.0	4	CC(C)(COP(=O)([O-])OP(=O)([O-])OC[C@@H]1[C@H]([C@H]([C@@H](O1)N2C=NC3=C(N=CN=C32)N)O)OP(=O)([O-])[O-])[C@H](C(=O)NCCC(=O)NCCSC(=O)C4CCCCC4=O)O	b146a40cae7d61009ca2a001971a3d27	ligand_only
Random-edge	4	CC(C)CC(=O)SCCNC(=O)CCNC(=O)[C@@H](C(C)(C)COP(=O)(O)OP(=O)(O)OC[C@@H]1[C@H]([C@H]([C@@H](O1)N2C=NC3=C(N=CN=C32)N)O)OP(=O)(O)O)O	39798550df86894f88c47201b0b6aadf	1453.0	1768.0	86.0	69.0	69.0	4	CC(C)CC(=O)SCCNC(=O)CCNC(=O)[C@@H](C(C)(C)COP(=O)(O)OP(=O)(O)OC[C@@H]1[C@H]([C@H]([C@@H](O1)N2C=NC3=C(N=CN=C32)N)O)OP(=O)(O)O)O	39798550df86894f88c47201b0b6aadf	neither
Random-edge	4	CC(C)CCCCCCC1=C(C=C(OC1=O)CC(C)C)O	5f1e2669bd38244ae821c151106be011	2428.0	2680.0	19.0	6.0	6.0	4	CC(C)CCCCCCC1=C(C=C(OC1=O)CC(C)C)O	5f1e2669bd38244ae821c151106be011	neither
Random-edge	4	CC(C)[C@@H](C(=O)O)N	a563d2634e9c619348675bc27ba61c61	4196.0	4332.0	2937.0	4124.0	4124.0	4	CC(C)[C@@H](C(=O)O)N	a563d2634e9c619348675bc27ba61c61	protein_only
Random-edge	4	CC(C)[C@@](CC(=O)O)(C(=O)O)O	95f6400c1703e1dccdccad08feeada38	3809.0	3969.0	1120.0	1017.0	1017.0	4	CC(C)[C@@](CC(=O)O)(C(=O)O)O	95f6400c1703e1dccdccad08feeada38	neither
Random-edge	4	CC(C1CCC(C(O1)OC2C(CC(C(C2O)OC3C(C(C(CO3)(C)O)NC)O)N)N)N)NC	2aefcc80b513caa03ed31538713f06a4	1113.0	1452.0	34.0	14.0	14.0	4	CC(C1CCC(C(O1)OC2C(CC(C(C2O)OC3C(C(C(CO3)(C)O)NC)O)N)N)N)NC	2aefcc80b513caa03ed31538713f06a4	neither
Random-edge	4	CC(CC(=O)[O-])O	158a09672340197c4885c72b961b040c	534.0	4.0	32.0	4.0	3.0	4	CC(CC(=O)[O-])O	158a09672340197c4885c72b961b040c	ligand_only
Random-edge	4	CC(CO)O	05ed94e2e8e4a57a19d9afd1921edce1	159.0	558.0	733.0	617.0	617.0	4	CC(CO)O	05ed94e2e8e4a57a19d9afd1921edce1	neither
Random-edge	4	CC1(C2CCC1(C(=O)C2)C)C	1d01f6e9e4d66cdb285cfca91639acfd	739.0	1105.0	170.0	103.0	107.0	4	CC1(C2CCC1(C(=O)C2)C)C	1d01f6e9e4d66cdb285cfca91639acfd	neither
Random-edge	4	CC1=C(C(=CC=C1)C(=O)[O-])C	7778980e5ac87e0bb8e6c8cfea5ef5af	2.0	9.0	2.0	11.0	6.0	4	CC1=C(C(=CC=C1)C(=O)[O-])C	7778980e5ac87e0bb8e6c8cfea5ef5af	both
Random-edge	4	CC1=C(C=C(C=C1)O)C	19fc1510d7eed99f825243ece76746a7	1.0	2.0	2.0	2.0	1.0	4	CC1=C(C=C(C=C1)O)C	19fc1510d7eed99f825243ece76746a7	both
Random-edge	4	CC1=CC(=C(C=C1)O)C	d71a5f0ba47b0a0edf233917ad3c036d	1.0	2.0	1.0	2.0	1.0	4	CC1=CC(=C(C=C1)O)C	d71a5f0ba47b0a0edf233917ad3c036d	both
Random-edge	4	CC1=CC(=CC=C1)C(=O)[O-]	7778980e5ac87e0bb8e6c8cfea5ef5af	1.0	2.0	1.0	4.0	2.0	4	CC1=CC(=CC=C1)C(=O)[O-]	7778980e5ac87e0bb8e6c8cfea5ef5af	both
Random-edge	4	CC1=CC2=C(C=C1N)[N+](=C3C=C(C(=CC3=N2)C)N)C4=CC=CC=C4.[Cl-]	8f4196da191608b11dd0dd3b2f4e22ea	3651.0	10.0	21.0	70.0	41.0	4	CC1=CC2=C(C=C1N)[N+](=C3C=C(C(=CC3=N2)C)N)C4=CC=CC=C4.[Cl-]	8f4196da191608b11dd0dd3b2f4e22ea	ligand_only
Random-edge	4	CC1=CC2=CC(=C3C(=C2C(=C1)O)C(=O)C4=C(C3=O)C(=CC=C4)O)O	9c5fd62ba29878bbc4dbf4fdc944e4d4	3969.0	8.0	22.0	28.0	4.0	4	CC1=CC2=CC(=C3C(=C2C(=C1)O)C(=O)C4=C(C3=O)C(=CC=C4)O)O	9c5fd62ba29878bbc4dbf4fdc944e4d4	ligand_only
Random-edge	4	CC1=CC2=NC3=C(C=C(C=C3)N(C)C)N=C2C=C1N.Cl	e86e5da6075a4bbfc5e5edec5737181f	5880.0	1.0	2.0	1.0	1.0	4	CC1=CC2=NC3=C(C=C(C=C3)N(C)C)N=C2C=C1N.Cl	e86e5da6075a4bbfc5e5edec5737181f	ligand_only
Random-edge	4	CC1=CC=C(C=C1)O	d71a5f0ba47b0a0edf233917ad3c036d	1.0	2.0	1.0	2.0	2.0	4	CC1=CC=C(C=C1)O	d71a5f0ba47b0a0edf233917ad3c036d	both
Random-edge	4	CC1=[N+](C2=CC=CC=C2C(=C1)N)CCCCCCCCCC[N+]3=C(C=C(C4=CC=CC=C43)N)C	506feb33435607c1483aefbbb4983a16	2076.0	7.0	1.0	38.0	33.0	4	CC1=[N+](C2=CC=CC=C2C(=C1)N)CCCCCCCCCC[N+]3=C(C=C(C4=CC=CC=C43)N)C	506feb33435607c1483aefbbb4983a16	both
Random-edge	4	CC1CCC2=C1C=CC3=C2C=CC4=C3C=CC(=C4)OC	251d5060d829fe11af9400e3fbc9c610	945.0	1297.0	1040.0	880.0	881.0	4	CC1CCC2=C1C=CC3=C2C=CC4=C3C=CC(=C4)OC	251d5060d829fe11af9400e3fbc9c610	neither
Random-edge	4	CCC(=O)SCCNC(=O)CCNC(=O)[C@@H](C(C)(C)COP(=O)(O)OP(=O)(O)OC[C@@H]1[C@H]([C@H]([C@@H](O1)N2C=NC3=C(N=CN=C32)N)O)OP(=O)(O)O)O	835f21714bb531002455a326afe89c63	44.0	3547.0	182.0	65.0	65.0	4	CCC(=O)SCCNC(=O)CCNC(=O)[C@@H](C(C)(C)COP(=O)(O)OP(=O)(O)OC[C@@H]1[C@H]([C@H]([C@@H](O1)N2C=NC3=C(N=CN=C32)N)O)OP(=O)(O)O)O	835f21714bb531002455a326afe89c63	protein_only
Random-edge	4	CCC1=CC=C(C=C1)O	d71a5f0ba47b0a0edf233917ad3c036d	5479.0	3.0	1.0	3.0	1.0	4	CCC1=CC=C(C=C1)O	d71a5f0ba47b0a0edf233917ad3c036d	ligand_only
Random-edge	4	CCCC(=O)CC(=O)N[C@H]1CCOC1=O	a0edde51da66305713e8b7e3103c58a8	4.0	4236.0	14.0	8.0	9.0	4	CCCC(=O)CC(=O)N[C@H]1CCOC1=O	a0edde51da66305713e8b7e3103c58a8	protein_only
Random-edge	4	CCCC(=O)NC1CCOC1=O	420e996a0adeb596fc5d923200c7aaaa	1667.0	1970.0	1.0	10.0	10.0	4	CCCC(=O)NC1CCOC1=O	420e996a0adeb596fc5d923200c7aaaa	neither
Random-edge	4	CCCC(=O)N[C@H]1CCOC1=O	420e996a0adeb596fc5d923200c7aaaa	1667.0	1970.0	2.0	10.0	10.0	4	CCCC(=O)N[C@H]1CCOC1=O	420e996a0adeb596fc5d923200c7aaaa	neither
Random-edge	4	CCCC1=CC=CC=C1O	b2471b931a88b96814abaa16a0499b37	4535.0	7.0	24.0	11.0	6.0	4	CCCC1=CC=CC=C1O	b2471b931a88b96814abaa16a0499b37	ligand_only
Random-edge	4	CCCCCCCCCC(=O)CC(=O)NC1CCOC1=O	997c6c9d59fff099b44ac00dcd232cd6	4.0	1.0	1.0	1.0	1.0	4	CCCCCCCCCC(=O)CC(=O)NC1CCOC1=O	997c6c9d59fff099b44ac00dcd232cd6	both
Random-edge	4	CCCCCCCCCC(=O)CC(=O)N[C@H]1CCOC1=O	ec99ef81dc7a9d4be5fb76c15ff52681	2.0	2.0	2.0	2.0	2.0	4	CCCCCCCCCC(=O)CC(=O)N[C@H]1CCOC1=O	ec99ef81dc7a9d4be5fb76c15ff52681	both
Random-edge	4	CCCCCCCCCCCCCCC(=O)N1CCOC1=O	b8f67a1cefbd62e670965230089a1624	4706.0	1.0	1.0	1.0	1.0	4	CCCCCCCCCCCCCCC(=O)N1CCOC1=O	b8f67a1cefbd62e670965230089a1624	ligand_only
Random-edge	4	CCCCCCCCCCCCCCCC(=O)N[C@H]1CCOC1=O	b8f67a1cefbd62e670965230089a1624	4706.0	1.0	1.0	1.0	1.0	4	CCCCCCCCCCCCCCCC(=O)N[C@H]1CCOC1=O	b8f67a1cefbd62e670965230089a1624	ligand_only
Random-edge	4	CCCCCCCCCCCCCCCC(=O)O	926d1f4405dc0193cea5c601961b432d	3749.0	1.0	4.0	9.0	1.0	4	CCCCCCCCCCCCCCCC(=O)O	926d1f4405dc0193cea5c601961b432d	both
Random-edge	4	CCCCCCCCCCCCCCCC(=O)SCCNC(=O)CCNC(=O)[C@@H](C(C)(C)COP(=O)(O)OP(=O)(O)OC[C@@H]1[C@H]([C@H]([C@@H](O1)N2C=NC3=C(N=CN=C32)N)O)OP(=O)(O)O)O	11d03f3cb920c326a6a1589e89b80b51	689.0	1.0	2.0	1.0	1.0	4	CCCCCCCCCCCCCCCC(=O)SCCNC(=O)CCNC(=O)[C@@H](C(C)(C)COP(=O)(O)OP(=O)(O)OC[C@@H]1[C@H]([C@H]([C@@H](O1)N2C=NC3=C(N=CN=C32)N)O)OP(=O)(O)O)O	11d03f3cb920c326a6a1589e89b80b51	both
Random-edge	4	CCCCCCCCCCCCCCCC(=O)SCCNC(=O)CCNC(=O)[C@@H](C(C)(C)COP(=O)(O)OP(=O)(O)OC[C@@H]1[C@H]([C@H]([C@@H](O1)N2C=NC3=C(N=CN=C32)N)O)OP(=O)(O)O)O	4b1c49336f542caa28c1c038b9989699	2065.0	2.0	6.0	2.0	2.0	4	CCCCCCCCCCCCCCCC(=O)SCCNC(=O)CCNC(=O)[C@@H](C(C)(C)COP(=O)(O)OP(=O)(O)OC[C@@H]1[C@H]([C@H]([C@@H](O1)N2C=NC3=C(N=CN=C32)N)O)OP(=O)(O)O)O	4b1c49336f542caa28c1c038b9989699	both
Random-edge	4	CCCCCCCCCCCCCCCC(=O)SCCNC(=O)CCNC(=O)[C@@H](C(C)(C)COP(=O)(O)OP(=O)(O)OC[C@@H]1[C@H]([C@H]([C@@H](O1)N2C=NC3=C(N=CN=C32)N)O)OP(=O)(O)O)O	ec60f63c47e5fd0a61903238b5e328e8	5998.0	5.0	21.0	5.0	7.0	4	CCCCCCCCCCCCCCCC(=O)SCCNC(=O)CCNC(=O)[C@@H](C(C)(C)COP(=O)(O)OP(=O)(O)OC[C@@H]1[C@H]([C@H]([C@@H](O1)N2C=NC3=C(N=CN=C32)N)O)OP(=O)(O)O)O	ec60f63c47e5fd0a61903238b5e328e8	both
Random-edge	4	CCCN\1C2=CC=CC=C2O/C1=C\C=C\C3=[N+](C4=CC=CC=C4O3)CCC.[I-]	506feb33435607c1483aefbbb4983a16	2056.0	8.0	1.0	195.0	169.0	4	CCCN\1C2=CC=CC=C2O/C1=C\C=C\C3=[N+](C4=CC=CC=C4O3)CCC.[I-]	506feb33435607c1483aefbbb4983a16	ligand_only
Random-edge	4	CCNC1=CC2=C(C=C1C)C(=C3C=C(C(=[NH+]CC)C=C3O2)C)C4=CC=CC=C4C(=O)OCC.[Cl-]	27e8f13d77a01af2c9129bf6c6703e9a	15.0	59.0	52.0	103.0	82.0	4	CCNC1=CC2=C(C=C1C)C(=C3C=C(C(=[NH+]CC)C=C3O2)C)C4=CC=CC=C4C(=O)OCC.[Cl-]	27e8f13d77a01af2c9129bf6c6703e9a	both
Random-edge	4	CCNC1=CC2=C(C=C1C)C(=C3C=C(C(=[NH+]CC)C=C3O2)C)C4=CC=CC=C4C(=O)OCC.[Cl-]	33173afe48219fc9da31d27e924406ce	1345.0	46.0	16.0	90.0	87.0	4	CCNC1=CC2=C(C=C1C)C(=C3C=C(C(=[NH+]CC)C=C3O2)C)C4=CC=CC=C4C(=O)OCC.[Cl-]	33173afe48219fc9da31d27e924406ce	both
Random-edge	4	CC[C@H](C)[C@@H](C(=O)O)N	a563d2634e9c619348675bc27ba61c61	4197.0	4334.0	3801.0	3686.0	3686.0	4	CC[C@H](C)[C@@H](C(=O)O)N	a563d2634e9c619348675bc27ba61c61	neither
Random-edge	4	CC[C@H](C)[C@H]1C(=O)O[C@@H]2N1C3=C(C4=C2C=C(C=C4O)C)C(=O)C5=C(C3=O)C(=CC=C5)O	9c5fd62ba29878bbc4dbf4fdc944e4d4	3978.0	9.0	16.0	24.0	24.0	4	CC[C@H](C)[C@H]1C(=O)O[C@@H]2N1C3=C(C4=C2C=C(C=C4O)C)C(=O)C5=C(C3=O)C(=CC=C5)O	9c5fd62ba29878bbc4dbf4fdc944e4d4	both
Random-edge	4	CC[C@H](C)[C@H]1C(=O)O[C@@H]2N1C3=C(C4=C2C=C(C=C4O)C)C(=O)C5=C(C3=O)C(=CC=C5)O[C@H]6C[C@H]([C@H]([C@@H](O6)C)O)O	9c5fd62ba29878bbc4dbf4fdc944e4d4	3969.0	22.0	20.0	397.0	369.0	4	CC[C@H](C)[C@H]1C(=O)O[C@@H]2N1C3=C(C4=C2C=C(C=C4O)C)C(=O)C5=C(C3=O)C(=CC=C5)O[C@H]6C[C@H]([C@H]([C@@H](O6)C)O)O	9c5fd62ba29878bbc4dbf4fdc944e4d4	ligand_only
Random-edge	4	CN(C)C1=CC2=C(C=C1)C=C3C=CC(=[N+](C)C)C=C3O2.[Cl-]	506feb33435607c1483aefbbb4983a16	2074.0	3.0	3.0	23.0	23.0	4	CN(C)C1=CC2=C(C=C1)C=C3C=CC(=[N+](C)C)C=C3O2.[Cl-]	506feb33435607c1483aefbbb4983a16	both
Random-edge	4	COC1=C(C2=C[N+]3=C(C=C2C=C1)C4=CC(=C(C=C4CC3)OC)OC)OC	506feb33435607c1483aefbbb4983a16	2056.0	2.0	1.0	2.0	1.0	4	COC1=C(C2=C[N+]3=C(C=C2C=C1)C4=CC(=C(C=C4CC3)OC)OC)OC	506feb33435607c1483aefbbb4983a16	ligand_only
Random-edge	4	C[C@@H](O)C(C)=O	2ff6a2d1530db2761a3c0745fb487105	1226.0	1558.0	443.0	328.0	328.0	4	C[C@@H](O)C(C)=O	2ff6a2d1530db2761a3c0745fb487105	neither
Random-edge	4	C[C@@H]1C2=C(C[C@H](O1)CC(=O)O)C(=O)C3=C(C2=O)C(=O)C(=CC3=O)C4=CC(=C5C(=C4O)C(=C6[C@H](O[C@@H](CC6=C5O)CC(=O)O)C)O)O	b5744adeed2a2bf91a5ea03120e4ce28	4630.0	1.0	1.0	19.0	4.0	4	C[C@@H]1C2=C(C[C@H](O1)CC(=O)O)C(=O)C3=C(C2=O)C(=O)C(=CC3=O)C4=CC(=C5C(=C4O)C(=C6[C@H](O[C@@H](CC6=C5O)CC(=O)O)C)O)O	b5744adeed2a2bf91a5ea03120e4ce28	both
Random-edge	4	C[C@@H]1CC[C@]2([C@@H](C[C@H]([C@H](O2)[C@H](C)C(=O)C3=CC=CN3)C)C)O[C@@H]1CC4=NC5=C(O4)C=CC(=C5C(=O)O)NC	53c420ca7bd1d18f9465981edcfd856a	2149.0	1.0	1.0	1.0	1.0	4	C[C@@H]1CC[C@]2([C@@H](C[C@H]([C@H](O2)[C@H](C)C(=O)C3=CC=CN3)C)C)O[C@@H]1CC4=NC5=C(O4)C=CC(=C5C(=O)O)NC	53c420ca7bd1d18f9465981edcfd856a	ligand_only
Random-edge	4	C[C@@H]1[C@@H](C(=O)O[C@@H]([C@@H](C(=O)O[C@@H]([C@@H](C(=O)O1)NC(=O)CNC(=O)C2=C(C(=CC=C2)O)O)C)NC(=O)CNC(=O)C3=C(C(=CC=C3)O)O)C)NC(=O)CNC(=O)C4=C(C(=CC=C4)O)O	0980a94f5159c80bdaddb86b93502e30	242.0	636.0	4482.0	4434.0	4434.0	4	C[C@@H]1[C@@H](C(=O)O[C@@H]([C@@H](C(=O)O[C@@H]([C@@H](C(=O)O1)NC(=O)CNC(=O)C2=C(C(=CC=C2)O)O)C)NC(=O)CNC(=O)C3=C(C(=CC=C3)O)O)C)NC(=O)CNC(=O)C4=C(C(=CC=C4)O)O	0980a94f5159c80bdaddb86b93502e30	neither
Random-edge	4	C[C@@H]1[C@H]([C@@H](C[C@@H](O1)C2=C(C3=C(C=C2)C(=O)[C@]45[C@]([C@H]3O)(O4)[C@H](C[C@]6([C@@]5(C(=O)C=C(C6)C)O)O)O)O)OC(=O)/C=C/C=C/C=C/C=C/C(=O)NC7=C(C8=C(C(=C(C=C8)O)Cl)OC7=O)O)OC(=O)C	e050532fff540e98ba906caf6e5cc98f	5695.0	5745.0	14.0	1.0	5.0	4	C[C@@H]1[C@H]([C@@H](C[C@@H](O1)C2=C(C3=C(C=C2)C(=O)[C@]45[C@]([C@H]3O)(O4)[C@H](C[C@]6([C@@]5(C(=O)C=C(C6)C)O)O)O)O)OC(=O)/C=C/C=C/C=C/C=C/C(=O)NC7=C(C8=C(C(=C(C=C8)O)Cl)OC7=O)O)OC(=O)C	e050532fff540e98ba906caf6e5cc98f	neither
Random-edge	4	C[C@@H]1[C@H]([C@@H](C[C@@H](O1)C2=C(C3=C(C=C2)C(=O)[C@]45[C@]([C@H]3O)(O4)[C@H](C[C@]6([C@@]5(C(=O)C=C(C6)C)O)O)O)O)OC(=O)/C=C/C=C/C=C/C=C/C(=O)O)OC(=O)C	e050532fff540e98ba906caf6e5cc98f	5695.0	5745.0	14.0	3.0	4.0	4	C[C@@H]1[C@H]([C@@H](C[C@@H](O1)C2=C(C3=C(C=C2)C(=O)[C@]45[C@]([C@H]3O)(O4)[C@H](C[C@]6([C@@]5(C(=O)C=C(C6)C)O)O)O)O)OC(=O)/C=C/C=C/C=C/C=C/C(=O)O)OC(=O)C	e050532fff540e98ba906caf6e5cc98f	neither
Random-edge	4	C[C@@]1([C@H]2C[C@H]3[C@@H](C(=O)C(=C([C@]3(C(=O)C2=C(C4=C1C=CC=C4O)O)O)O)C(=O)N)N(C)C)O	565138dd35eebdf76237e9c0b48f4152	81.0	29.0	39.0	172.0	167.0	4	C[C@@]1([C@H]2C[C@H]3[C@@H](C(=O)C(=C([C@]3(C(=O)C2=C(C4=C1C=CC=C4O)O)O)O)C(=O)N)N(C)C)O	565138dd35eebdf76237e9c0b48f4152	both
Random-edge	4	C[C@H](C(=O)O)N[C@@H](CCCN=C(N)N)C(=O)O	3777eca11e6be0a2c9ae458b5fd9f3d4	1402.0	1721.0	2.0	9.0	11.0	4	C[C@H](C(=O)O)N[C@@H](CCCN=C(N)N)C(=O)O	3777eca11e6be0a2c9ae458b5fd9f3d4	neither
Random-edge	4	C[C@H](CCC(=O)NCCS(=O)(=O)O)[C@H]1CC[C@@H]2[C@@]1([C@H](C[C@H]3[C@H]2CC[C@H]4[C@@]3(CC[C@H](C4)O)C)O)C	471c70c900552b5e9081db33b52a5ab4	1804.0	6.0	17.0	7.0	6.0	4	C[C@H](CCC(=O)NCCS(=O)(=O)O)[C@H]1CC[C@@H]2[C@@]1([C@H](C[C@H]3[C@H]2CC[C@H]4[C@@]3(CC[C@H](C4)O)C)O)C	471c70c900552b5e9081db33b52a5ab4	ligand_only
Random-edge	4	C[C@H](CCC(=O)O)[C@H]1CC[C@@H]2[C@@]1(CC[C@H]3[C@H]2[C@@H](C[C@H]4[C@@]3(CC[C@H](C4)O)C)O)C	471c70c900552b5e9081db33b52a5ab4	1804.0	6.0	11.0	32.0	17.0	4	C[C@H](CCC(=O)O)[C@H]1CC[C@@H]2[C@@]1(CC[C@H]3[C@H]2[C@@H](C[C@H]4[C@@]3(CC[C@H](C4)O)C)O)C	471c70c900552b5e9081db33b52a5ab4	ligand_only
Random-edge	4	C[C@H](CCC(=O)[O-])[C@H]1CC[C@@H]2[C@@]1([C@H](C[C@H]3[C@H]2[C@@H](C[C@H]4[C@@]3(CC[C@H](C4)O)C)O)O)C	9dc396d112a954ddd8e5a385a5295e46	4015.0	4165.0	4.0	6.0	7.0	4	C[C@H](CCC(=O)[O-])[C@H]1CC[C@@H]2[C@@]1([C@H](C[C@H]3[C@H]2[C@@H](C[C@H]4[C@@]3(CC[C@H](C4)O)C)O)O)C	9dc396d112a954ddd8e5a385a5295e46	neither
Random-edge	4	C[C@H]1[C@@H]2CC[C@]3([C@H]([C@]2(CC[C@H]1O)C)[C@@H](C[C@@H]\4[C@@]3(C[C@@H](/C4=C(/CCC=C(C)C)\C(=O)O)OC(=O)C)C)O)C	c43348e5ebfdac23b79acb2a008a473f	5001.0	19.0	523.0	164.0	167.0	4	C[C@H]1[C@@H]2CC[C@]3([C@H]([C@]2(CC[C@H]1O)C)[C@@H](C[C@@H]\4[C@@]3(C[C@@H](/C4=C(/CCC=C(C)C)\C(=O)O)OC(=O)C)C)O)C	c43348e5ebfdac23b79acb2a008a473f	ligand_only
Random-edge	4	C[C@H]1[C@@]([C@H]([C@@H](O1)O[C@@H]2[C@H]([C@@H]([C@H]([C@@H]([C@H]2O)O)N=C(N)N)O)N=C(N)N)O[C@H]3[C@H]([C@@H]([C@H]([C@@H](O3)CO)O)O)NC)(C=O)O	2aefcc80b513caa03ed31538713f06a4	1113.0	1452.0	787.0	661.0	661.0	4	C[C@H]1[C@@]([C@H]([C@@H](O1)O[C@@H]2[C@H]([C@@H]([C@H]([C@@H]([C@H]2O)O)N=C(N)N)O)N=C(N)N)O[C@H]3[C@H]([C@@H]([C@H]([C@@H](O3)CO)O)O)NC)(C=O)O	2aefcc80b513caa03ed31538713f06a4	neither
Random-edge	4	C[C@]12CC[C@H]3[C@H]([C@@H]1CC[C@@H]2O)CCC4=C3C=CC(=C4)O	0db1736ea1c8a87b60aa3c351f3a74de	444.0	1.0	9.0	14.0	1.0	4	C[C@]12CC[C@H]3[C@H]([C@@H]1CC[C@@H]2O)CCC4=C3C=CC(=C4)O	0db1736ea1c8a87b60aa3c351f3a74de	both
Random-edge	4	C[S+](CCC(C(=O)[O-])N)CC1C(C(C(O1)N2C=NC3=C(N=CN=C32)N)O)O	779729355b39f0a9064b8cd257dc0f03	3071.0	1.0	11.0	1.0	1.0	4	C[S+](CCC(C(=O)[O-])N)CC1C(C(C(O1)N2C=NC3=C(N=CN=C32)N)O)O	779729355b39f0a9064b8cd257dc0f03	ligand_only
Random-edge	4	O=C(O[C@]1([H])C[C@@]2(O[C@](C1)([H])C/C=C(C)/[C@@H](O[C@@H]3O[C@@H](C)[C@H](O[C@@H]4O[C@@H](C)[C@H](O)[C@@H](OC)C4)[C@@H](OC)C3)[C@@H](C)/C=C/C=C5CO[C@@]6([H])[C@]7\5O)C=C[C@H](C)[C@@H]([C@H](CC)C)O2)[C@]7([H])C=C(C)C6=O	92d278fb4d2807ee0c2af02113006be4	3735.0	3903.0	216.0	137.0	137.0	4	O=C(O[C@]1([H])C[C@@]2(O[C@](C1)([H])C/C=C(C)/[C@@H](O[C@@H]3O[C@@H](C)[C@H](O[C@@H]4O[C@@H](C)[C@H](O)[C@@H](OC)C4)[C@@H](OC)C3)[C@@H](C)/C=C/C=C5CO[C@@]6([H])[C@]7\5O)C=C[C@H](C)[C@@H]([C@H](CC)C)O2)[C@]7([H])C=C(C)C6=O	92d278fb4d2807ee0c2af02113006be4	neither
Random-edge	4	OC(=O)C1CCCCC1	c95d4bd7851e7ce3d5382e63702bee96	5134.0	5215.0	1109.0	878.0	878.0	4	OC(=O)C1CCCCC1	c95d4bd7851e7ce3d5382e63702bee96	neither
Random-edge	4	OC(=O)CCCC([O-])=O	181f695be898b807f50c04356f61abaa	1.0	1.0	1.0	49.0	26.0	4	OC(=O)CCCC([O-])=O	181f695be898b807f50c04356f61abaa	both
Random-edge	4	OC(=O)CCCC([O-])=O	445458bcb5a08c2601a2b9c2cd988989	1759.0	2023.0	194.0	1851.0	1851.0	4	OC(=O)CCCC([O-])=O	445458bcb5a08c2601a2b9c2cd988989	protein_only
Random-edge	4	OCl	c04de4955e7cf9e7a734cd03be54a537	4884.0	4987.0	5062.0	5004.0	5004.0	4	OCl	c04de4955e7cf9e7a734cd03be54a537	neither
Random-edge	4	OO	f6ff10250ee830c35ac07507333eb4a1	6243.0	6254.0	6344.0	6055.0	6055.0	4	OO	f6ff10250ee830c35ac07507333eb4a1	protein_only
Random-edge	4	OS(=O)(=S)[O-]	fef30d4c9e0272bdb7e00d090bbb769b	3.0	109.0	2.0	168.0	159.0	4	OS(=O)(=S)[O-]	fef30d4c9e0272bdb7e00d090bbb769b	both
Random-edge	4	O[C@H]1CO[C@H](O)[C@H](O)[C@H]1O	83ca0f6b434d115c2d3a74bfc12a9eda	3372.0	3559.0	141.0	184.0	184.0	4	O[C@H]1CO[C@H](O)[C@H](O)[C@H]1O	83ca0f6b434d115c2d3a74bfc12a9eda	neither
Random-edge	4	[C@@H]([C@H](C(=O)[O-])O)(C(=O)[O-])O	5997ab74eebed090cbd7cdd0710d1e9f	1.0	2549.0	1.0	1.0	1.0	4	[C@@H]([C@H](C(=O)[O-])O)(C(=O)[O-])O	5997ab74eebed090cbd7cdd0710d1e9f	protein_only
Random-edge	4	[C@@H]([C@H](C(=O)[O-])O)(C(=O)[O-])O	ba14c0a3d8addac12b27f9080e553e97	11.0	4836.0	67.0	11.0	11.0	4	[C@@H]([C@H](C(=O)[O-])O)(C(=O)[O-])O	ba14c0a3d8addac12b27f9080e553e97	protein_only
Random-edge	4	[C@@H]1([C@H]([C@H](O[C@@H]([C@@H]1O)O)C(=O)[O-])O)O	022fb3f73dae00ef40aaa4e42ab852b8	102.0	1.0	1147.0	4.0	3.0	4	[C@@H]1([C@H]([C@H](O[C@@H]([C@@H]1O)O)C(=O)[O-])O)O	022fb3f73dae00ef40aaa4e42ab852b8	both
Random-edge	4	[O-]S(=O)[O-]	24ab95281ff7c21f52271287e6f849aa	1.0	1.0	1.0	4.0	3.0	4	[O-]S(=O)[O-]	24ab95281ff7c21f52271287e6f849aa	both
Random-edge	4	[O-][As]([O-])[O-]	5476ba71ab630fd81d8d88f6bc00a531	2172.0	208.0	485.0	3107.0	3109.0	4	[O-][As]([O-])[O-]	5476ba71ab630fd81d8d88f6bc00a531	neither
Random-edge	4	[OH-][Na+]	56c2fbf10fda0823f3235cead92071f8	2230.0	2491.0	476.0	387.0	387.0	4	[OH-][Na+]	56c2fbf10fda0823f3235cead92071f8	neither
Random-edge	4	ion:Co2+	9349b0c023e13e5b28da19a2c598a33c	3768.0	3750.0	8.0	3768.0	3761.0	4	ion:Co2+	9349b0c023e13e5b28da19a2c598a33c	protein_only
Random-edge	4	ion:Cu2+	7a6c9a45575ac23ddaa089d43e8dda67	3157.0	3146.0	858.0	3157.0	3157.0	4	ion:Cu2+	7a6c9a45575ac23ddaa089d43e8dda67	protein_only
Random-edge	4	ion:Fe2+	4c307f7522e0798595dc00907efaf6b5	2104.0	1924.0	1244.0	2104.0	2104.0	4	ion:Fe2+	4c307f7522e0798595dc00907efaf6b5	protein_only
Random-edge	4	ion:Fe2+	7a64a9d8d04bc5508b2c0936367a40c9	5.0	3140.0	504.0	5.0	5.0	4	ion:Fe2+	7a64a9d8d04bc5508b2c0936367a40c9	protein_only
Random-edge	4	ion:Fe2+	c9628b34dc883949471b57efe94bd01f	9.0	5127.0	345.0	9.0	9.0	4	ion:Fe2+	c9628b34dc883949471b57efe94bd01f	protein_only
Random-edge	4	ion:Fe_unspecified	096938ba652e67f243b3403d11e00f02	60.0	239.0	122.0	60.0	60.0	4	ion:Fe_unspecified	096938ba652e67f243b3403d11e00f02	protein_only
Random-edge	4	ion:Fe_unspecified	84673005138cc9df307778015c3e565b	52.0	3384.0	250.0	52.0	52.0	4	ion:Fe_unspecified	84673005138cc9df307778015c3e565b	protein_only
Random-edge	4	ion:Fe_unspecified	c32541dbbb3edb7ae8661e485f2b60b2	5001.0	4969.0	927.0	5001.0	5001.0	4	ion:Fe_unspecified	c32541dbbb3edb7ae8661e485f2b60b2	protein_only
Random-edge	4	ion:Fe_unspecified	dd3fa42d5879f8a1fd0ccf19e42eed43	5636.0	5617.0	2110.0	5636.0	5638.0	4	ion:Fe_unspecified	dd3fa42d5879f8a1fd0ccf19e42eed43	protein_only
Random-edge	4	ion:Fe_unspecified	fb5cad1bdf5c957282b288c2e61ba77c	5.0	6340.0	30.0	5.0	5.0	4	ion:Fe_unspecified	fb5cad1bdf5c957282b288c2e61ba77c	protein_only
Random-edge	4	ion:Mn_unspecified	4c307f7522e0798595dc00907efaf6b5	2060.0	1926.0	272.0	2060.0	2058.0	4	ion:Mn_unspecified	4c307f7522e0798595dc00907efaf6b5	protein_only
Random-edge	4	ion:Mn_unspecified	91e8ccc3c27b7b9d8403ea57535de8f0	47.0	3717.0	2317.0	47.0	47.0	4	ion:Mn_unspecified	91e8ccc3c27b7b9d8403ea57535de8f0	protein_only
Random-edge	4	ion:Na+	18b81b41aef5f364b6d48565df28ad24	632.0	632.0	4564.0	4564.0	4564.0	4	ion:Na+	18b81b41aef5f364b6d48565df28ad24	neither
Random-edge	4	ion:Ni_unspecified	c492587cf73af64110aea83193d6eb10	5024.0	5008.0	5444.0	5024.0	5025.0	4	ion:Ni_unspecified	c492587cf73af64110aea83193d6eb10	protein_only
Random-edge	4	ion:Zn_unspecified	2cf0d945d1c57b1ab5181e82da70d7c3	1362.0	1160.0	51.0	1362.0	1354.0	4	ion:Zn_unspecified	2cf0d945d1c57b1ab5181e82da70d7c3	protein_only
Random-edge	4	ion:molybdate_or_molybdenum_unspecified	c45a516da04051b288e91ded57e2fcae	5010.0	5003.0	2222.0	5010.0	5010.0	4	ion:molybdate_or_molybdenum_unspecified	c45a516da04051b288e91ded57e2fcae	protein_only
