edge_id	ligand_key	sequence_md5	ligand_name	canonical_smiles	canonical_ion_label	tf_name	organism	protein_accession	tf_family	response_sources	evidence_pair_ids	directness_level	confidence
edge_00001	C(/C(=C/C(=O)O)/C(=O)O)C(=O)O	75fea6b22da78a37d576fa9fa4872c5b	Cis-aconitate	C(/C(=C/C(=O)O)/C(=O)O)C(=O)O		TamR	Streptomyces coelicolor (strain ATCC BAA-471 / A3(2) / M145)	Q9K3T1	MarR	GroovDB;Ligify2_benchmark	rcp_1c2e2f20a326c1a50253	ligand_modulated_tf_dna_binding	high
edge_00002	C(/C(=C\C(=O)O)/C(=O)O)C(=O)O	75fea6b22da78a37d576fa9fa4872c5b	Trans-aconitate	C(/C(=C\C(=O)O)/C(=O)O)C(=O)O		TamR	Streptomyces coelicolor (strain ATCC BAA-471 / A3(2) / M145)	Q9K3T1	MarR	GroovDB;Ligify2_benchmark	rcp_1eeb602b78475d7605a2	ligand_modulated_tf_dna_binding	high
edge_00003	C(=C/C(=O)O)\C(=O)O	6fd6e7e8a06f72623e4c00b3318ab2b7	Fumaric acid	C(=C/C(=O)O)\C(=O)O		pcaR	Pseudomonas putida (strain ATCC 47054 / DSM 6125 / CFBP 8728 / NCIMB 11950 / KT2440)	Q88N41	IclR	GroovDB	rcp_d569806a86de57f1063b	cellular_tf_ligand_response	high
edge_00004	C(=CC(=O)O)C(=CC(=O)O)C(=O)O	274e67c5a1ff0653d52d9adb7ba107d2	b-carboxy-cis,cis-muconate	C(=CC(=O)O)C(=CC(=O)O)C(=O)O		PcaQ	Agrobacterium tumefaciens		LysR	RegTransBase	rcp_271579b5612893cc9042;rcp_b90d74262197681fddd6	proximal_cellular_response	medium
edge_00005	C(=CC(=O)O)C(=CC(=O)O)C(=O)O	6e5eb431b3ffd72d9d82f7154f2830bd	b-carboxy-cis,cis-muconate	C(=CC(=O)O)C(=CC(=O)O)C(=O)O		PcaQ	Sinorhizobium meliloti; pSymB		LysR	RegTransBase	rcp_05d047295e748aa76b9a	cellular_pathway_intermediate	medium
edge_00006	C(=C\C(=O)[O-])\C=C(/C(=O)[O-])\Cl	06e56bbb2f80fefc53848194b5f8fbf1	2-chloro-cis,cis-muconate	C(=C\C(=O)[O-])\C=C(/C(=O)[O-])\Cl		ClcR	Plasmid pAC27		LysR	RegTransBase	rcp_3b5503d8258e411f04bc;rcp_454857a308ced732aa52;rcp_a5490d9884f01dc42c32	direct_functional_modulation_in_vitro	high
edge_00007	C(=C\C(=O)[O-])\C=C(/C(=O)[O-])\Cl	64ec093ad0b276e0f410d812835ceee7	2-chloro-cis,cis-muconate	C(=C\C(=O)[O-])\C=C(/C(=O)[O-])\Cl		CatR	Pseudomonas putida		LysR	RegTransBase	rcp_7090934faf7c0b6dca3d	in_vitro_transcription_dna_binding_response	medium
edge_00008	C(=C\C(=O)[O-])\C=C/C(=O)[O-]	06e56bbb2f80fefc53848194b5f8fbf1	cis,cis-muconate	C(=C\C(=O)[O-])\C=C/C(=O)[O-]		ClcR	Plasmid pAC27		LysR	RegTransBase	rcp_68687c0bc385e0c33ccd	weak_or_minor_effector	medium
edge_00009	C(=C\C(=O)[O-])\C=C/C(=O)[O-]	44a72d5b9c3b9279cd3b67c3c5596f0a	cis,cis-muconate	C(=C\C(=O)[O-])\C=C/C(=O)[O-]		CatR	Pseudomonas sp. EST1001	AY028999	LysR	RegTransBase	rcp_10c055ca9917973761ff;rcp_1f5f7ab860e904084d96;rcp_53623ac9c4efb07eb35d;rcp_8e7f54054db6caf2535c;rcp_b2b9f1c4dbf73ec0d750;rcp_d3261ab5e5481346bff6	ligand_modulated_tf_dna_binding	high
edge_00010	C(=C\C(=O)[O-])\C=C/C(=O)[O-]	c8148763c294736f9131ce9ab41607d4	Cis-cis Muconate	C(=C\C(=O)[O-])\C=C/C(=O)[O-]		benM	Acinetobacter baylyi (strain ATCC 33305 / BD413 / ADP1)	O68014	LysR	GroovDB;Ligify2_benchmark	rcp_5e7f3631765af0a8bb59;rcp_6105ee8a24c191993caa	ligand_modulated_tf_dna_binding	high
edge_00011	C(=O)(N)N	50e5a5685dac1273a7bb776d17d13a18	Urea	C(=O)(N)N		ureR	Proteus mirabilis (strain HI4320)	Q02458	AraC/XylS	GroovDB;Ligify2_benchmark	rcp_bde5b2b01a744752a9d8	ligand_modulated_tf_dna_binding	high
edge_00012	C(=O)(O)[O-].[Na+]	822ab385fea96c34acef4c74619d7227	Sodium Bicarbonate	C(=O)(O)[O-].[Na+]		regA	Citrobacter rodentium	B6EB34	AraC/XylS	GroovDB	rcp_3c3fad1bd3ce1631dbb3	ligand_modulated_tf_dna_binding	high
edge_00013	C(=O)C(=O)O	1717022bae5763ebfa317e2ebce04a07	glyoxylate	C(=O)C(=O)O		IclR	Escherichia coli K-12		IclR	RegulonDB	rcp_67eaa3988cf3740ec18b	direct_ligand_binding	high
edge_00014	C(=O)C(=O)O	1d46f1a2f2ddb83eab40ce091ccca85a	glyoxylate	C(=O)C(=O)O		AllR	Escherichia coli K-12		IclR	RegulonDB	rcp_7ad643961c220c1b7535	ligand_modulated_tf_dna_binding	high
edge_00015	C(=O)C(=O)[O-]	1d46f1a2f2ddb83eab40ce091ccca85a	Glyoxylate	C(=O)C(=O)[O-]		allR	Escherichia coli (strain K12)	P0ACN4	IclR	GroovDB;Ligify2_benchmark	rcp_39476313d5dd9046cb10	ligand_modulated_tf_dna_binding	high
edge_00016	C(=O)[O-]	d42a2c28fa2ed71c23f39232438062f5	formate	C(=O)[O-]		FhlA	Escherichia coli K-12		NtrC/XylR	RegulonDB	rcp_b041c84d449eaa1f1040	direct_effector_transcriptional_activation	medium
edge_00017	C(=[N-])=O	4f3949c2d64173f0904786f1e9fb240f	cyanate	C(=[N-])=O		CynR	Escherichia coli K-12		LysR	PRODORIC;RegulonDB	rcp_77df3f041d95deb867a7;rcp_d3f7f351e0caf08772b1	ligand_modulated_tf_dna_binding	high
edge_00018	C(C(=O)O)C(=O)O	49211f7755ebb7ddb1ce617d4b2f5b04	malonate	C(C(=O)O)C(=O)O		MatR	Rhizobium leguminosarum bv. trifolii		GntR	RegTransBase	rcp_698d5bb6a3ae076daa49	direct_functional_modulation_in_vitro	high
edge_00019	C(C(=O)O)C(=O)O	4c6a3ba1b3cc548947cd27c0251684f9	Malonate	C(C(=O)O)C(=O)O		mdcR	Acinetobacter baylyi (strain ATCC 33305 / BD413 / ADP1)	Q6FBG1	LysR	GroovDB	rcp_0327291dfa01c00f416b	dna_binding_modulation	medium
edge_00020	C(C(=O)O)P(=O)(O)O	74ef57b0dc25299082210b267ccd358b	Phosphonoacetate	C(C(=O)O)P(=O)(O)O		PhnR	Pseudomonas fluorescens 23F		LysR	RegTransBase	rcp_8bc70da0b9e2392f52ba	proximal_cellular_response	medium
edge_00021	C(C(=O)[C@H]([C@@H]([C@H](C(=O)[O-])O)O)O)O	75a2facc22cbb3aaaff061320cf7a8a6	5-dehydro-D-gluconate	C(C(=O)[C@H]([C@@H]([C@H](C(=O)[O-])O)O)O)O		IdnR	Escherichia coli K-12		LacI/GalR	RegulonDB	rcp_ec5cb91afc43a2227381	cellular_tf_ligand_response	medium
edge_00022	C(C(=O)[O-])C(CC(=O)[O-])(C(=O)[O-])O	49211f7755ebb7ddb1ce617d4b2f5b04	citrate	C(C(=O)[O-])C(CC(=O)[O-])(C(=O)[O-])O		MatR	Rhizobium leguminosarum bv. trifolii		GntR	RegTransBase	rcp_a1950648299aa1a4ffa3	weak_aux_ligand_tested_dna_modulation	low
edge_00023	C(C(=O)[O-])C(CC(=O)[O-])(C(=O)[O-])O	5eb09eea840b170bfbc5dc44102b126f	citrate	C(C(=O)[O-])C(CC(=O)[O-])(C(=O)[O-])O		CitI	Weissella paramesenteroides		Unknown	RegTransBase	rcp_0a0071371f2f6726b790	cellular_proximal	medium
edge_00024	C(C(=O)[O-])C(CC(=O)[O-])(C(=O)[O-])O	610b8a94515e779a9532163bac34b049	Citrate	C(C(=O)[O-])C(CC(=O)[O-])(C(=O)[O-])O		acnR	Corynebacterium glutamicum (strain ATCC 13032 / DSM 20300 / BCRC 11384 / JCM 1318 / LMG 3730 / NCIMB 10025)	Q8NQ97	TetR	GroovDB	rcp_e85a76344f7b32370f61	ligand_modulated_tf_dna_binding	high
edge_00025	C(C(=O)[O-])C(CC(=O)[O-])(C(=O)[O-])O	75fea6b22da78a37d576fa9fa4872c5b	Citrate	C(C(=O)[O-])C(CC(=O)[O-])(C(=O)[O-])O		TamR	Streptomyces coelicolor (strain ATCC BAA-471 / A3(2) / M145)	Q9K3T1	MarR	GroovDB;Ligify2_benchmark	rcp_30bb79a61390e93d94ee	ligand_modulated_tf_dna_binding	high
edge_00026	C(C(=O)[O-])C(CC(=O)[O-])(C(=O)[O-])O	beb402c735d6c899286f0579d7c14cba	Citrate	C(C(=O)[O-])C(CC(=O)[O-])(C(=O)[O-])O		citO	Enterococcus faecalis	Q2KKB8	GntR	GroovDB	rcp_eebe4715a5ec6a1be8e9	ligand_modulated_tf_dna_binding	high
edge_00027	C(C(=O)[O-])C(CC(=O)[O-])(C(=O)[O-])O	c1f5d8896f8df82c4ddb47d06271ebaa	citrate	C(C(=O)[O-])C(CC(=O)[O-])(C(=O)[O-])O		CcpC	Bacillus subtilis		LysR	RegTransBase	rcp_fb29bfa8d534068a69b4	ligand_modulated_DNA_binding	high
edge_00028	C(C(=O)[O-])O	3393553806422365e2c79d33fa1fba35	Glycolate	C(C(=O)[O-])O		GlcR	Paracoccus denitrificans (strain Pd 1222)	A1BAC0	GntR	GroovDB	rcp_5d2c973722b1d441f7f5	cellular_tf_ligand_response	high
edge_00029	C(C(=O)[O-])O	5906ab6a487a988f797855890557a11d	glycolate	C(C(=O)[O-])O		GlcC	Escherichia coli K-12		GntR	RegulonDB	rcp_989288a480d917be5539	weak_aux_cellular_regulatory_response	medium
edge_00030	C(C(=O)[O-])[NH3+]	b264c05bcf652e64087840e0bcf76319	Glycine	C(C(=O)[O-])[NH3+]		GcvA	Escherichia coli;K12 MG1655	P0A9F6	LysR	PRODORIC	rcp_7d677e6232238f5b1c33	indirect_coregulator_cellular_response	medium
edge_00031	C(C(C(=O)O)N)C(=O)N	8aa5523875d6f43ba583137b1e8cb515	L-asparagine	C(C(C(=O)O)N)C(=O)N		AsnC	Escherichia coli K-12		Lrp/AsnC	RegulonDB	rcp_584dcf3b066c3a46cbe0	direct_ligand_binding	high
edge_00032	C(C(C(=O)O)O)C(=O)O	9f8b59b14305e26cf7eef28b1555c1b4	malate	C(C(C(=O)O)O)C(=O)O		MleR	Lactococcus lactis		LysR	RegTransBase	rcp_cc688504df306ed53c4f	proximal_cellular_response	medium
edge_00033	C(C(C(=O)[O-])O)O	3393553806422365e2c79d33fa1fba35	DL-glycerate	C(C(C(=O)[O-])O)O		GlcR	Paracoccus denitrificans (strain Pd 1222)	A1BAC0	GntR	GroovDB	rcp_26a0e2ac9e5c3cecc08d	cellular_tf_ligand_response	high
edge_00034	C(C(C(C(=O)O)O)C(=O)O)C(=O)O	75fea6b22da78a37d576fa9fa4872c5b	Isocitrate	C(C(C(C(=O)O)O)C(=O)O)C(=O)O		TamR	Streptomyces coelicolor (strain ATCC BAA-471 / A3(2) / M145)	Q9K3T1	MarR	GroovDB;Ligify2_benchmark	rcp_f59026afbf3a70fbaa7f	ligand_modulated_tf_dna_binding	high
edge_00035	C(C(C(C(C(=O)C(=O)O)O)O)O)O	557c6d697d503ea7d351216d2441ba93	2-ketogluconate	C(C(C(C(C(=O)C(=O)O)O)O)O)O		PtxS	Pseudomonas aeruginosa PAO1		LacI/GalR	RegTransBase	rcp_b0eb1b021a8551777d20	direct_functional_modulation_in_vitro	high
edge_00036	C(C(C(C(C(=O)COP(=O)(O)O)O)O)O)O	b69733282dba9d9c66611dcc06e86583	frructose-1-phosphate	C(C(C(C(C(=O)COP(=O)(O)O)O)O)O)O		FruR	Escherichia coli		LacI/GalR	RegTransBase	rcp_0cbfc4c2f7acdf24d664;rcp_2d5e2dc08fb1a6b5bbe1;rcp_9d3572d98eca0d8b3a35;rcp_fb8bc1977e553fe56cb3	direct_ligand_modulated_dna_binding	medium
edge_00037	C(C(C(CO)O)O)C(=O)C(=O)O	1b3556074b989210c95b1e400285236d	2-keto-3-deoxygluconate	C(C(C(CO)O)O)C(=O)C(=O)O		KdgR	Pectobacterium carotovorum subsp. carotovorum		IclR	RegTransBase	rcp_cb58190db7e95d20d831	TF_DNA_assay_with_cognate_effector_context	medium
edge_00038	C(C(C(CO)O)O)C(=O)C(=O)O	84c138ebe5872e926f82fc8713da4eee	2-keto-3-deoxygluconate	C(C(C(CO)O)O)C(=O)C(=O)O		KdgR	Erwinia chrysanthemi str. 3937		IclR	RegTransBase	rcp_7ffe1e07cc374299fad8	proximal_cellular_response	medium
edge_00039	C(C(C1C(=C(C(=O)O1)O)O)O)OP(=O)(O)O	fa6722683dbb832b1c9f0e37fbd9c1a0	L-ascorbate 6-phosphate	C(C(C1C(=C(C(=O)O1)O)O)O)OP(=O)(O)O		UlaR	Escherichia coli K-12		DeoR	RegulonDB	rcp_a97021abf4763aa75a14	direct_effector_DNA_modulation	high
edge_00040	C(C(COP(=O)(O)O)O)O	c8dcc87318ab75c2006480f939687cbe	Glycerol-3-phosphate	C(C(COP(=O)(O)O)O)O		GylR	Mycolicibacterium smegmatis (strain ATCC 700084 / mc(2)155)	A0R727	IclR	GroovDB	rcp_6b4f1bcbe8e96bb7dc9b	ligand_modulated_tf_dna_binding	high
edge_00041	C(C1=CC(=CC=C1O)O)C(=O)O	3e5c86ffe8d870543b32a787b4d833ae	Homogentisate	C(C1=CC(=CC=C1O)O)C(=O)O		hmgR	Pseudomonas putida (strain ATCC 47054 / DSM 6125 / CFBP 8728 / NCIMB 11950 / KT2440)	Q88E46	IclR	GroovDB;Ligify2_benchmark	rcp_0911b38afed2b35814e7	ligand_modulated_tf_dna_binding	high
edge_00042	C(C1=CC(=CC=C1O)O)C(=O)O	9524c287768b56de1054ca85d719cb9a	Homogentisate	C(C1=CC(=CC=C1O)O)C(=O)O		HmgR	Pseudomonas putida KT2440		IclR	RegTransBase	rcp_6f0b9fe0edbd47197599	direct_functional_modulation_in_vitro	high
edge_00043	C(C1C(C(C(C(O1)O)O)O)O)O	d3aabd2bfef2d44bcfe52a4c266a95fb	D-allose	C(C1C(C(C(C(O1)O)O)O)O)O		AlsR	Escherichia coli K-12		RpiR	RegulonDB	rcp_e5f66f45b0542bdc754c	cellular_tf_ligand_response	medium
edge_00044	C(C1C(C(C(C(O1)O)O)OC2C(C(C(C(O2)CO)O)O)O)O)O	ac5bae385c75812ecedaf300052b8e88	Laminaribiose	C(C1C(C(C(C(O1)O)O)OC2C(C(C(C(O2)CO)O)O)O)O)O		GylR3	Acetivibrio thermocellus	Q9AL35	LacI/GalR	GroovDB	rcp_3fa387fbedbec64ebf63	ligand_modulated_tf_dna_binding	high
edge_00045	C(C1C(C(C(C(O1)OC2C(C(C(C(O2)COP(=O)(O)O)O)O)O)O)O)O)O	4bc4e2950a34015dc197c68f8d50b94b	D-trehalose 6-phosphate	C(C1C(C(C(C(O1)OC2C(C(C(C(O2)COP(=O)(O)O)O)O)O)O)O)O)O		TreR	Escherichia coli K-12		LacI/GalR	RegulonDB	rcp_2ac429c49172aab2f887	pending_pair_level_review	medium
edge_00046	C(C1C(C(C(C(O1)OC2C(OC(C(C2O)O)OC(C(CO)O)C(C(C=O)O)O)CO)O)O)O)O	56b536cd02ed8a727acb9142344361a3	maltotriose	C(C1C(C(C(C(O1)OC2C(OC(C(C2O)O)OC(C(CO)O)C(C(C=O)O)O)CO)O)O)O)O		MalT	Escherichia coli K-12		LuxR	RegulonDB	rcp_a8e55132470120902f1c	direct_ligand_activation_DNA_modulation	high
edge_00047	C(C1C(C(C(C(O1)OCC2C(C(C(C(O2)O)O)O)O)O)O)O)O	228e7a41278dfe231a49f0de7c32ff11	allolactose	C(C1C(C(C(C(O1)OCC2C(C(C(C(O2)O)O)O)O)O)O)O)O		LacI	Escherichia coli K-12		LacI/GalR	RegulonDB	rcp_ed3ac5dddb5124d87ab6	direct_ligand_binding_allosteric_operator_release	high
edge_00048	C(C1C(C(C(C(O1)OCC2C(C(C(C(O2)OC3(C(C(C(O3)CO)O)O)CO)O)O)O)O)O)O)O	21b0d97947ce4efca8d731c2fbf87b47	raffinose	C(C1C(C(C(C(O1)OCC2C(C(C(C(O2)OC3(C(C(C(O3)CO)O)O)CO)O)O)O)O)O)O)O		MsmR	Streptococcus mutans		AraC/XylS	RegTransBase	rcp_163f03ff064ee18d256d	cellular_context_only	low
edge_00049	C(C1C(C(C(C(O1)OCC2C(C(C(C(O2)OC3(C(C(C(O3)CO)O)O)CO)O)O)O)O)O)O)O	66f14e4b4cba98c51d1623c041e8e8fb	raffinose	C(C1C(C(C(C(O1)OCC2C(C(C(C(O2)OC3(C(C(C(O3)CO)O)O)CO)O)O)O)O)O)O)O		RafR	Streptococcus pneumoniae		AraC/XylS	RegTransBase	rcp_0dd69a41356a5afe2db6	cellular_proximal_dual_regulator	medium
edge_00050	C(C1C(C(C(C(O1)OCC2C(C(C(C(O2)OC3(C(C(C(O3)CO)O)O)CO)O)O)O)O)O)O)O	e908cfac6a8247ad7deee126b806863f	raffinose	C(C1C(C(C(C(O1)OCC2C(C(C(C(O2)OC3(C(C(C(O3)CO)O)O)CO)O)O)O)O)O)O)O		RafS	Streptococcus pneumoniae		Unknown	RegTransBase	rcp_2bae43749eb18d4a19a1	genomic_or_cellular_proximal	low
edge_00051	C(C1C(C(C(C(O1)OP(=O)(O)O)O)O)O)O	79ea0e19e24ee6d6775c70c7de8ff63d	glucose-1-phosphate	C(C1C(C(C(C(O1)OP(=O)(O)O)O)O)O)O		TreR	Bacillus subtilis		GntR	RegTransBase	rcp_d4da2c00dc3113bc750e	direct_in_vitro_dna_binding_modulation	high
edge_00052	C(C1C(C(C(O1)(COP(=O)(O)O)O)O)O)O	b69733282dba9d9c66611dcc06e86583	beta-D-fructofuranose 1-phosphate	C(C1C(C(C(O1)(COP(=O)(O)O)O)O)O)O		Cra	Escherichia coli K-12		LacI/GalR	RegulonDB	rcp_91ddbe3751c6127860a3	direct_physiological_effector	high
edge_00053	C(CC(=O)N)[C@@H](C(=O)O)N	df609c1139f536c8b197bf2d8db4dee9	glutamine	C(CC(=O)N)[C@@H](C(=O)O)N		GlnR	Staphylococcus aureus		MerR	RegTransBase	rcp_6322e927c01218c2b68a	nitrogen_dependent_cellular_regulation	low
edge_00054	C(CC(=O)O)C(=O)C(=O)O	73e3816a1d46ca55da62467f634434b5	oxoglutarate	C(CC(=O)O)C(=O)C(=O)O		NtcA	Synechocystis sp.;PCC 6803	P33779	CRP/FNR	PRODORIC	rcp_d72b3defabab220cc3de	direct_effector_modulated_DNA_binding	high
edge_00055	C(CC(=O)O)C(=O)C(=O)O	ac8bce3192a43567b333bb6a2720d47c	2-oxoglutarate	C(CC(=O)O)C(=O)C(=O)O		NtcA	Synechococcus elongatus PCC 7942		CRP/FNR	RegTransBase	rcp_3931be6985b84d6cb2d0	ligand_modulated_tf_dna_binding	high
edge_00056	C(CC(=O)O)C(=O)CC(=O)O	9e8b9f8152505343a9404dfcce565d4a	beta-ketoadipate	C(CC(=O)O)C(=O)CC(=O)O		PcaR	Pseudomonas putida		IclR	RegTransBase	rcp_a0ee3a055c88d9e7dc88	cellular_proximal	medium
edge_00057	C(CC(=O)O)C(=O)O	6fd6e7e8a06f72623e4c00b3318ab2b7	Succinic acid	C(CC(=O)O)C(=O)O		pcaR	Pseudomonas putida (strain ATCC 47054 / DSM 6125 / CFBP 8728 / NCIMB 11950 / KT2440)	Q88N41	IclR	GroovDB	rcp_0e7e490c1e98ecf0ab6f	cellular_tf_ligand_response	high
edge_00058	C(CC(=O)O)C(C(=O)O)NCC(C(C(C(CO)O)O)O)O	50ceda2a9ee123a7f6ea288fedb77348	mannopinic acid	C(CC(=O)O)C(C(=O)O)NCC(C(C(C(CO)O)O)O)O		MoaR	Agrobacterium tumefaciens; pTi15955		DeoR	RegTransBase	rcp_7b48c263ec76d9e01f3e	cellular_proximal_opine_response	medium
edge_00059	C(CC(=O)O)C=O	90ab4a747ef3f993ae17656b8bedbae5	Succinate semialdehyde	C(CC(=O)O)C=O		attJ	Rhizobium radiobacter	Q8VPD8	IclR	GroovDB	rcp_ce3c9556deaf4b344f17	ligand_modulated_tf_dna_binding	high
edge_00060	C(CC(=O)O)CC(=O)O	181f695be898b807f50c04356f61abaa	Glutaric acid	C(CC(=O)O)CC(=O)O		csiR	Pseudomonas putida (strain ATCC 47054 / DSM 6125 / CFBP 8728 / NCIMB 11950 / KT2440)	Q88IU1	GntR	GroovDB;Ligify2_benchmark	rcp_01d2cfa369a6fbf3c913	ligand_modulated_tf_dna_binding	high
edge_00061	C(CC(=O)O)CC(=O)O	6fd6e7e8a06f72623e4c00b3318ab2b7	Glutaric acid	C(CC(=O)O)CC(=O)O		pcaR	Pseudomonas putida (strain ATCC 47054 / DSM 6125 / CFBP 8728 / NCIMB 11950 / KT2440)	Q88N41	IclR	GroovDB	rcp_be018640b64f07f68e74	cellular_tf_ligand_response	high
edge_00062	C(CC(=O)O)CN	a62e1da6d2161478febb0f9c49401e21	GABA	C(CC(=O)O)CN		gabR	Bacillus subtilis (strain 168)	P94426	GntR	GroovDB	rcp_fc623cb8c455a747e356	ligand_modulated_tf_dna_binding	high
edge_00063	C(CC(=O)O)CN=C(N)N	25e1082cde61f47ebf70ca57fba417eb	4-guanidinobutyrate	C(CC(=O)O)CN=C(N)N		GbuR	Pseudomonas aeruginosa PAO1		LysR	RegTransBase	rcp_00835f8375dae3b17f76	cellular_proximal	medium
edge_00064	C(CC(=O)O)CO	90ab4a747ef3f993ae17656b8bedbae5	4-Hydroxybutanoic acid	C(CC(=O)O)CO			Rhizobium radiobacter	Q8VPD8	IclR	GroovDB	rcp_52f7c52a4b24ec0f4fe2	recoverable_blank_TF_direct_ligand	high
edge_00065	C(CC(=O)O)[C@@H](C(=O)O)NC=O	6b4ed5ac602337882e9882a02b6c5d11	N-formylglutamate	C(CC(=O)O)[C@@H](C(=O)O)NC=O		HutC	Pseudomonas putida		GntR	RegTransBase	rcp_216c5137e95496649bad	direct_functional_modulation_in_vitro	high
edge_00066	C(CC(=O)[O-])C(=O)C(=O)[O-]	b89f9e3e1edd2952544c7ac34de0a408	Ketoglutarate	C(CC(=O)[O-])C(=O)C(=O)[O-]		GltC	Bacillus subtilis;168	P20668	LysR	PRODORIC	rcp_d667b68f45befa68f038	direct_effector_modulated_transcription	high
edge_00067	C(CC(=O)[O-])[C@@H](C(=O)[O-])NC=O	6b4ed5ac602337882e9882a02b6c5d11	formylglutamate	C(CC(=O)[O-])[C@@H](C(=O)[O-])NC=O		HutC	Pseudomonas putida	M33922	GntR	RegTransBase	rcp_e4b17c01202e8e83f2fb	proximal_pathway_inducer	medium
edge_00068	C(CCC(=O)O)CC(=O)O	6fd6e7e8a06f72623e4c00b3318ab2b7	Adipic acid	C(CCC(=O)O)CC(=O)O		pcaR	Pseudomonas putida (strain ATCC 47054 / DSM 6125 / CFBP 8728 / NCIMB 11950 / KT2440)	Q88N41	IclR	GroovDB	rcp_851fe446ce91d457f54e	cellular_tf_ligand_response	high
edge_00069	C(CCC(=O)O)CCC(=O)O	6fd6e7e8a06f72623e4c00b3318ab2b7	Pimelic acid	C(CCC(=O)O)CCC(=O)O		pcaR	Pseudomonas putida (strain ATCC 47054 / DSM 6125 / CFBP 8728 / NCIMB 11950 / KT2440)	Q88N41	IclR	GroovDB	rcp_7b00e9d9fd6c2eefd0f8	cellular_tf_ligand_response	high
edge_00070	C(CCCN)CCCN	a42feb659a77b1874d2c6c72f1beeefc	1,7-Diaminoheptane	C(CCCN)CCCN		CgmR	Corynebacterium glutamicum (strain ATCC 13032 / DSM 20300 / BCRC 11384 / JCM 1318 / LMG 3730 / NCIMB 10025)	Q8NMG3	TetR	GroovDB	rcp_79b66a430cb65b254d64	ligand_modulated_tf_dna_binding	high
edge_00071	C(CCCN)CCN	a42feb659a77b1874d2c6c72f1beeefc	1,6-Diaminohexane	C(CCCN)CCN		CgmR	Corynebacterium glutamicum (strain ATCC 13032 / DSM 20300 / BCRC 11384 / JCM 1318 / LMG 3730 / NCIMB 10025)	Q8NMG3	TetR	GroovDB	rcp_68fbeb6e95cd7baf7e85	ligand_modulated_tf_dna_binding	high
edge_00072	C(CCN)CCN	27e8f13d77a01af2c9129bf6c6703e9a	Cadaverine	C(CCN)CCN		acrR	Escherichia coli (strain K12)	P0ACS9	TetR	GroovDB;RegulonDB	rcp_048d742f55325c42395c;rcp_6f24c314334554cd0a08	ligand_modulated_tf_dna_binding	high
edge_00073	C(CCN)CCN	a42feb659a77b1874d2c6c72f1beeefc	Cadaverine	C(CCN)CCN		CgmR	Corynebacterium glutamicum (strain ATCC 13032 / DSM 20300 / BCRC 11384 / JCM 1318 / LMG 3730 / NCIMB 10025)	Q8NMG3	TetR	GroovDB	rcp_092588253c5c2c13243e	cellular_tf_ligand_response	high
edge_00074	C(CCN)CN	27e8f13d77a01af2c9129bf6c6703e9a	putrescine	C(CCN)CN		AcrR	Escherichia coli K-12		TetR	RegulonDB	rcp_07c620e5cc6e079745e5	cellular_or_proximal_response_only	medium
edge_00075	C(CCN)CN	a42feb659a77b1874d2c6c72f1beeefc	Putrescine	C(CCN)CN		CgmR	Corynebacterium glutamicum (strain ATCC 13032 / DSM 20300 / BCRC 11384 / JCM 1318 / LMG 3730 / NCIMB 10025)	Q8NMG3	TetR	GroovDB	rcp_ad3f05b0acc38ece6434	cellular_tf_ligand_response	high
edge_00076	C(CCN)C[C@@H](C(=O)O)N	83bddd0a987410c35d7911df4a93d36f	L-lysine	C(CCN)C[C@@H](C(=O)O)N		ArgP	Escherichia coli K-12		LysR	PRODORIC;RegulonDB	rcp_3b9fdbd493837283b12c;rcp_9402bb732f182faa636c	direct_ligand_modulated_transcription_complex	high
edge_00077	C(CCN)C[C@@H](C(=O)O)N	c1ef8f5a845c0fb35c0194373e4721e1	L-lysine	C(CCN)C[C@@H](C(=O)O)N			Corynebacterium glutamicum (strain ATCC 13032 / DSM 20300 / JCM 1318 / BCRC 11384 / CCUG 27702 / LMG 3730 / NBRC 12168 / NCIMB 10025 / NRRL B-2784 / 534)	P94632	LysR	GroovDB	rcp_6d1d9c9f422d1c517b1a	direct_ligand_binding	high
edge_00078	C(CCN=C(N)N)CN	57aa6cc206b2b758684b0474cd073997	Agmatine	C(CCN=C(N)N)CN		aguR	Pseudomonas aeruginosa (strain ATCC 15692 / DSM 22644 / CIP 104116 / JCM 14847 / LMG 12228 / 1C / PRS 101 / PAO1)	Q9I6J7	TetR	GroovDB;Ligify2_benchmark	rcp_3bb95ada33c2c960cfcb	cellular_tf_ligand_response	high
edge_00079	C(CCNCCCN)CN	27b0da11f38786744438730486bd8d65	Spermidine	C(CCNCCCN)CN		AmvR	Acinetobacter baumannii	A0A0D5YGI2	TetR	GroovDB	rcp_1f511549ad7b44ac2773	direct_physical_binding	high
edge_00080	C(CCNCCCN)CN	27e8f13d77a01af2c9129bf6c6703e9a	Spermidine	C(CCNCCCN)CN		acrR	Escherichia coli (strain K12)	P0ACS9	TetR	GroovDB;RegulonDB	rcp_9395d7ca8224e5e2adfb;rcp_93cfd60d481a549e96c0	direct_in_vitro_dna_binding_modulation	high
edge_00081	C(CCNCCCN)CNCCCN	27b0da11f38786744438730486bd8d65	Spermine	C(CCNCCCN)CNCCCN		AmvR	Acinetobacter baumannii	A0A0D5YGI2	TetR	GroovDB	rcp_23f6caa187b9c7630be5	direct_physical_binding	high
edge_00082	C(CN)C(=O)O	80dcca4860a450607e0a945d130b4197	beta-Alanine	C(CN)C(=O)O		BarR	Sulfolobus acidocaldarius (strain ATCC 33909 / DSM 639 / JCM 8929 / NBRC 15157 / NCIMB 11770)	Q4J717	Lrp/AsnC	GroovDB	rcp_a552cda603f14ddd0c38	ligand_modulated_tf_dna_binding	high
edge_00083	C(CO)C(=O)O	158a09672340197c4885c72b961b040c	3-hydroxypropionic acid	C(CO)C(=O)O		MmsR	Pseudomonas sp. ATCC 13867	M4WVJ6	AraC/XylS	GroovDB	rcp_a4febd7b251bd8c96c41;rcp_b1270036a0912ee6f925	direct_ligand_modulated_dna_binding	high
edge_00084	C(CO)C(=O)O	ae27fe50c13c79bf336e32693d926810	3-hydroxypropionic acid	C(CO)C(=O)O		HpdR	Pseudomonas putida (strain ATCC 47054 / DSM 6125 / CFBP 8728 / NCIMB 11950 / KT2440)	Q88RS4	LysR	GroovDB	rcp_0a604b9d43f89feecd64	promoter_response_with_mutagenesis	medium
edge_00085	C(CS)C(C(=O)O)N	4bcdc70a0814defd19510fab6a823843	homocysteine	C(CS)C(C(=O)O)N		MetR	Salmonella typhimurium	M17356	LysR	RegTransBase	rcp_5a9928f78f1d89d8fc89	mechanistic_tf_response_in_vitro_not_binding	medium
edge_00086	C(CS)[C@@H](C(=O)O)N	108ea9246dea8243279e6ac3401991a7	L-Homocysteine	C(CS)[C@@H](C(=O)O)N		MetR	Streptococcus mutans serotype c (strain ATCC 700610 / UA159)	Q8DTU8	LysR	GroovDB	rcp_5a0602f605046e660ef1	in_vitro_dna_affinity_modulation	high
edge_00087	C(CS)[C@@H](C(=O)O)N	269aa5222a9551dd085c4156f3b4c75e	Homocystein	C(CS)[C@@H](C(=O)O)N		MetR	Salmonella enterica		LysR	PRODORIC	rcp_ca370139c29ae6e90f49	ligand_responsive_transcription_with_TF_DNA_assays	high
edge_00088	C(CS)[C@@H](C(=O)O)N	4bcdc70a0814defd19510fab6a823843	L-homocysteine	C(CS)[C@@H](C(=O)O)N		MetR	Salmonella typhimurium	M17356	LysR	RegTransBase	rcp_81963b524f8d547e1080	inferred_direct_tf_ligand_modulation	high
edge_00089	C(CS)[C@@H](C(=O)O)N	67d8c6fb034ee63a05d25161df201b8a	L-Homocysteine	C(CS)[C@@H](C(=O)O)N		MetR	Escherichia coli (strain K12)	P0A9F9	LysR	RegTransBase;GroovDB;PRODORIC	rcp_3948680da1428e5d5cd0;rcp_8836ba59291f0a3bee6d;rcp_aba96b6309e167a0530e;rcp_ad3796962654bd680189	direct_DNA_binding_modulation	high
edge_00090	C(C[C@@H](C(=O)O)N)CN=C(N)N	83bddd0a987410c35d7911df4a93d36f	L-Arginine	C(C[C@@H](C(=O)O)N)CN=C(N)N		argP	Escherichia coli (strain K12)	P0A8S1	LysR	GroovDB;Ligify2_benchmark	rcp_3f1b2adea186e805fa8c;rcp_614453ee99c71851bd77	direct_effector_dependent_dna_contact	high
edge_00091	C(C[C@@H](C(=O)O)N)CN=C(N)N	a88fa0c4ecd0dfb8f70237571030a56b	L-Arginine	C(C[C@@H](C(=O)O)N)CN=C(N)N		ArgR	Bacillus licheniformis (strain ATCC 14580 / DSM 13 / JCM 2505 / CCUG 7422 / NBRC 12200 / NCIMB 9375 / NCTC 10341 / NRRL NRS-1264 / Gibson 46)	O86130	ArgR/AhrC	GroovDB;PRODORIC	rcp_25ef32cefa186033c5ea;rcp_7b985e86188533c31168;rcp_97bf16133dc0242e4807	ligand_modulated_tf_dna_binding	medium
edge_00092	C(C[C@@H](C(=O)O)N)CN=C(N)N	b10557779ec820b0d25ecd40ec457a2d	L-arginine	C(C[C@@H](C(=O)O)N)CN=C(N)N		AhrC	Bacillus subtilis		ArgR/AhrC	RegTransBase;PRODORIC	rcp_2073d28755234d4377cc;rcp_6384f83ce3d37504e6b2	ligand_modulated_tf_dna_binding	high
edge_00093	C(C[C@@H](C(=O)O)N)CN=C(N)N	c1ef8f5a845c0fb35c0194373e4721e1	L-arginine	C(C[C@@H](C(=O)O)N)CN=C(N)N		LysG	Corynebacterium glutamicum (strain ATCC 13032 / DSM 20300 / JCM 1318 / BCRC 11384 / CCUG 27702 / LMG 3730 / NBRC 12168 / NCIMB 10025 / NRRL B-2784 / 534)	P94632	LysR	GroovDB	rcp_3ea1ac8aa241bb460098;rcp_a9b68e34e1db00dab5f0	direct_ligand_binding	high
edge_00094	C(C[C@@H](C(=O)O)N)CN=C(N)N	e26a1ca480701655494f807bc7f98610	arginine	C(C[C@@H](C(=O)O)N)CN=C(N)N		ArgR	Pseudomonas aeruginosa PAO1		AraC/XylS	RegTransBase;GroovDB;PRODORIC	rcp_1c40c2a1972138294ed9;rcp_4ccf4cc8e14ce862179e;rcp_53185d35b420aa80d345;rcp_5423ff722329c9fbe4c6;rcp_6437f76a686969b9052e;rcp_b2de77325845c32987cb;rcp_bc2e1557935d78484cbc;rcp_cab1b2028dd055e6729d	ligand_enhanced_DNA_binding	medium
edge_00095	C(C[C@@H](C(=O)O)N[C@H](CCC(=O)O)C(=O)O)CN=C(N)N	39aabab2188498c67876bbf95ee61c25	Nopaline	C(C[C@@H](C(=O)O)N[C@H](CCC(=O)O)C(=O)O)CN=C(N)N		nocR	Agrobacterium fabrum (strain C58 / ATCC 33970)	Q00678	LysR	RegTransBase;GroovDB	rcp_024a28ee85a1b19daaa8;rcp_253978a7920a29db567e;rcp_319f8ef6d8409b49a45c;rcp_73ddb93fdd1846327f71;rcp_af92395e17081b49146a;rcp_c602f0eff1fdc5aff45f;rcp_f74da63e946b32c9a403	ligand_modulated_tf_dna_binding	high
edge_00096	C([C@@H](C(=O)O)N)S	cf1ac1423df53baa207595f5ca539e78	L-Cysteine	C([C@@H](C(=O)O)N)S		JTY_2262	Mycobacterium tuberculosis (strain ATCC 25618 / H37Rv)	P9WMC5	TetR	GroovDB	rcp_10c697eee0928d69feee	ligand_modulated_tf_dna_binding	high
edge_00097	C([C@@H]([C@@H]1C(=C(C(=O)O1)O)O)O)O	cf1ac1423df53baa207595f5ca539e78	L-Ascorbic acid	C([C@@H]([C@@H]1C(=C(C(=O)O1)O)O)O)O		JTY_2262	Mycobacterium tuberculosis (strain ATCC 25618 / H37Rv)	P9WMC5	TetR	GroovDB	rcp_8755b15ebf6d6f3ec873	ligand_modulated_tf_dna_binding	high
edge_00098	C([C@@H]([C@@H]1C(=C(C(=O)O1)[O-])O)O)O	4f8e22a41df9a885a8f3de9ccf4c4266	L-ascorbate	C([C@@H]([C@@H]1C(=C(C(=O)O1)[O-])O)O)O		yiaJ	Escherichia coli (strain K12)	P37671	IclR	GroovDB	rcp_52640d87bfc4cf51c2f3	ligand_modulated_tf_dna_binding	high
edge_00099	C([C@@H]([C@H]([C@@H](C(=O)CO)O)O)O)O	46a6f352be84d25094e454349d28a3a1	L-sorbose	C([C@@H]([C@H]([C@@H](C(=O)CO)O)O)O)O		SorR	Lactobacillus casei		Unknown	RegTransBase	rcp_e65ad980fceb1e8ebcc5	cellular_operon_association	medium
edge_00100	C([C@@H]1[C@@H]([C@@H]([C@H](C(O1)O)O)O)O)O	4042f243e2a7c9208bd3e6cfe340be7b	Galactose	C([C@@H]1[C@@H]([C@@H]([C@H](C(O1)O)O)O)O)O		GalS	Escherichia coli;K12 MG1655	P25748	LacI/GalR	PRODORIC;RegulonDB	rcp_2f43ae9371ea349d0631;rcp_5bbd73989e8c18a971d0	cellular_or_proximal_response_only	medium
edge_00101	C([C@@H]1[C@@H]([C@@H]([C@H](C(O1)O)O)O)O)O	5ecc3e5982945c7eb445da4c620dac51	D-galactose	C([C@@H]1[C@@H]([C@@H]([C@H](C(O1)O)O)O)O)O		GalR	Escherichia coli K-12		LacI/GalR	RegulonDB	rcp_6873ac429125293856e1	cellular_or_proximal_response_only	medium
edge_00102	C([C@@H]1[C@@H]([C@@H]([C@H](C(O1)O)O)O)O)O	72f1f7f566074372a9d89656dde8e77f	D-galactose	C([C@@H]1[C@@H]([C@@H]([C@H](C(O1)O)O)O)O)O			Streptococcus mutans serotype c (strain ATCC 700610 / UA159)	Q8DUN0	LacI/GalR	GroovDB	rcp_b1c8a4aa15bae62ac44e	ligand_modulated_tf_dna_binding	high
edge_00103	C([C@@H]1[C@@H]([C@@H]([C@H](C(O1)O)O)O)O)O	7f25133130a3b82473880f24554cf451	galactose	C([C@@H]1[C@@H]([C@@H]([C@H](C(O1)O)O)O)O)O		GalR	Streptococcus thermophilus		LacI/GalR	RegTransBase	rcp_77bf086d8a33ba4f15b8	cellular_proximal_response	medium
edge_00104	C([C@@H]1[C@@H]([C@@H]([C@H](C(O1)O)O)O)O)O	875dd7414f6c9b7ce9b555da6270337d	Galactose	C([C@@H]1[C@@H]([C@@H]([C@H](C(O1)O)O)O)O)O		MxyR	Mycobacterium tuberculosis (strain ATCC 25618 / H37Rv)	P9WMG3	HxlR	GroovDB	rcp_44550fd01779a2218574	ligand_modulated_tf_dna_binding	high
edge_00105	C([C@@H]1[C@@H]([C@@H]([C@H]([C@@H](O1)O[C@@H]2[C@H](OC([C@@H]([C@H]2O)O)O)CO)O)O)O)O	48675ef975ae6cb889bf0f132833bcb7	lactose	C([C@@H]1[C@@H]([C@@H]([C@H]([C@@H](O1)O[C@@H]2[C@H](OC([C@@H]([C@H]2O)O)O)CO)O)O)O)O		LacT	Lactobacillus casei		Unknown	RegTransBase	rcp_f223c2341df098fa6576	indirect_pts_control	high
edge_00106	C([C@@H]1[C@@H]([C@@H]([C@H]([C@@H](O1)O[C@@H]2[C@H](OC([C@@H]([C@H]2O)O)O)CO)O)O)O)O	7f15d13509f293473f51c8a2df056680	lactose	C([C@@H]1[C@@H]([C@@H]([C@H]([C@@H](O1)O[C@@H]2[C@H](OC([C@@H]([C@H]2O)O)O)CO)O)O)O)O		LacI	Agrobacterium tumefaciens		LacI/GalR	RegTransBase	rcp_f174610479d0192846b5	proximal_cellular	medium
edge_00107	C([C@@H]1[C@@H]([C@@H]([C@H]([C@@H](O1)O[C@H]2[C@H](O[C@H]([C@@H]([C@H]2O)O)O)CO)O)O)O)O	61c017d276c816b529212c9451e22f25	Galactobiose	C([C@@H]1[C@@H]([C@@H]([C@H]([C@@H](O1)O[C@H]2[C@H](O[C@H]([C@@H]([C@H]2O)O)O)CO)O)O)O)O		galR	Bifidobacterium breve (strain NCIMB 8807 / UCC2003)	F9Y1U7	LacI/GalR	GroovDB	rcp_9a2c2e48e5337bb5464a	ligand_modulated_tf_dna_binding	high
edge_00108	C([C@@H]1[C@@H]([C@@H]([C@H]([C@H](O1)OC[C@@H]2[C@H]([C@@H]([C@H](C(O2)O)O)O)O)O)O)O)O	0544ae6ac6e7dd6ca5dc2aa8872eecc9	Melibiose	C([C@@H]1[C@@H]([C@@H]([C@H]([C@H](O1)OC[C@@H]2[C@H]([C@@H]([C@H](C(O2)O)O)O)O)O)O)O)O		MelR	Escherichia coli;K12 MG1655	P0ACH8	AraC/XylS	PRODORIC;RegulonDB	rcp_08a2299a0d23047c70e7;rcp_9902b15bc62a193d9bff	in_vitro_transcription_and_dna_binding	high
edge_00109	C([C@@H]1[C@H]([C@@H]([C@@H](C(O1)O)O)O)O)O	118c15447cdf32c3d20c7708eae08b8b	D-Mannose	C([C@@H]1[C@H]([C@@H]([C@@H](C(O1)O)O)O)O)O		TM0110	Thermotoga maritima (strain ATCC 43589 / DSM 3109 / JCM 10099 / NBRC 100826 / MSB8)	R4NZK7	ROK	GroovDB;Ligify2_benchmark	rcp_4667909a7fc10c6bebdb	dna_binding_modulation_by_ligand	high
edge_00110	C([C@@H]1[C@H]([C@@H]([C@@H](C(O1)O)O)O)O)O	82a35eb2ceccbe9d5fb3a7a7d8b47979	mannose	C([C@@H]1[C@H]([C@@H]([C@@H](C(O1)O)O)O)O)O		ManR	Listeria monocytogenes		NtrC/XylR	RegTransBase	rcp_ac744a31eebbc70d1876	cellular_pts_dependent_response	low
edge_00111	C([C@@H]1[C@H]([C@@H]([C@@H](C(O1)O)O)O)O)O	c6c1932de8b804b80c9900787260eb3d	D-Mannose	C([C@@H]1[C@H]([C@@H]([C@@H](C(O1)O)O)O)O)O		ManR	Thermotoga maritima (strain ATCC 43589 / DSM 3109 / JCM 10099 / NBRC 100826 / MSB8)	R4NQX8	ROK	GroovDB;PRODORIC;Ligify2_benchmark	rcp_391c180af5d8b93f7861;rcp_c21cd9e6344eebf22d9b	ligand_modulated_DNA_binding	high
edge_00112	C([C@@H]1[C@H]([C@@H]([C@H](C(O1)O)O)O)O)O	118c15447cdf32c3d20c7708eae08b8b	D-Glucose	C([C@@H]1[C@H]([C@@H]([C@H](C(O1)O)O)O)O)O		TM0110	Thermotoga maritima (strain ATCC 43589 / DSM 3109 / JCM 10099 / NBRC 100826 / MSB8)	R4NZK7	ROK	GroovDB;Ligify2_benchmark	rcp_dd4fb7fc9bbd358caaa8	predicted_or_proximal	low
edge_00113	C([C@@H]1[C@H]([C@@H]([C@H](C(O1)O)O)O)O)O	5a89349df4f1cd48c072ad220d7539b0	D-Glucose	C([C@@H]1[C@H]([C@@H]([C@H](C(O1)O)O)O)O)O		BglR	Thermotoga maritima (strain ATCC 43589 / DSM 3109 / JCM 10099 / NBRC 100826 / MSB8)	R4NMJ0	ROK	GroovDB;Ligify2_benchmark	rcp_2e416603a57c066b2da3	in_vitro_dna_binding_network_validation	medium
edge_00114	C([C@@H]1[C@H]([C@@H]([C@H](C(O1)O)O)O)O)O	bbc43d541907e6425facc1f0f542e0c5	D-Glucose	C([C@@H]1[C@H]([C@@H]([C@H](C(O1)O)O)O)O)O		GluR	Thermotoga maritima (strain ATCC 43589 / DSM 3109 / JCM 10099 / NBRC 100826 / MSB8)	Q9X2G2	ROK	GroovDB	rcp_0e6793dba82fafbd023c	dna_binding_modulation	medium
edge_00115	C([C@@H]1[C@H]([C@@H]([C@H]([C@@H](O1)OC[C@@H]2[C@H]([C@@H]([C@H](C(O2)O)O)O)O)O)O)O)O	5a89349df4f1cd48c072ad220d7539b0	Gentibiose	C([C@@H]1[C@H]([C@@H]([C@H]([C@@H](O1)OC[C@@H]2[C@H]([C@@H]([C@H](C(O2)O)O)O)O)O)O)O)O		BglR	Thermotoga maritima (strain ATCC 43589 / DSM 3109 / JCM 10099 / NBRC 100826 / MSB8)	R4NMJ0	ROK	GroovDB;Ligify2_benchmark	rcp_65f5248192a67fbe2407	ligand_modulated_tf_dna_binding	high
edge_00116	C([C@@H]1[C@H]([C@@H]([C@H]([C@@H](O1)O[C@@H]2[C@H](OC([C@@H]([C@H]2O)N)O)CO)N)O)O)O.Cl	96413e830f38ccd42c56330ee660fa5f	Chitobiose	C([C@@H]1[C@H]([C@@H]([C@H]([C@@H](O1)O[C@@H]2[C@H](OC([C@@H]([C@H]2O)N)O)CO)N)O)O)O.Cl		ChiR	Thermotoga maritima (strain ATCC 43589 / DSM 3109 / JCM 10099 / NBRC 100826 / MSB8)	R4NZ99	ROK	GroovDB;Ligify2_benchmark	rcp_1e45688fcd0e19949903	ligand_modulated_tf_dna_binding	high
edge_00117	C([C@@H]1[C@H]([C@@H]([C@H]([C@@H](O1)O[C@@H]2[C@H](OC([C@@H]([C@H]2O)N)O)CO)N)O)O)O.Cl	d8d0320c909ab4012575b41505f8932d	Chitobiose	C([C@@H]1[C@H]([C@@H]([C@H]([C@@H](O1)O[C@@H]2[C@H](OC([C@@H]([C@H]2O)N)O)CO)N)O)O)O.Cl		ChbR	Escherichia coli;K12 MG1655	P17410	AraC/XylS	PRODORIC	rcp_bfb3935f0f2973677fc2	proximal_cellular_response	medium
edge_00118	C([C@@H]1[C@H]([C@@H]([C@H]([C@@H](O1)O[C@@H]2[C@H](OC([C@@H]([C@H]2O)O)O)CO)O)O)O)O	209c58caea967db6379ffeff55385961	cellobiose	C([C@@H]1[C@H]([C@@H]([C@H]([C@@H](O1)O[C@@H]2[C@H](OC([C@@H]([C@H]2O)O)O)CO)O)O)O)O		LicR	Bacillus subtilis		DeoR	RegTransBase	rcp_4e6fa065d813955b417c	proximal_phosphorylation_mediated	medium
edge_00119	C([C@@H]1[C@H]([C@@H]([C@H]([C@@H](O1)O[C@@H]2[C@H](OC([C@@H]([C@H]2O)O)O)CO)O)O)O)O	5a89349df4f1cd48c072ad220d7539b0	Cellobiose	C([C@@H]1[C@H]([C@@H]([C@H]([C@@H](O1)O[C@@H]2[C@H](OC([C@@H]([C@H]2O)O)O)CO)O)O)O)O		BglR	Thermotoga maritima (strain ATCC 43589 / DSM 3109 / JCM 10099 / NBRC 100826 / MSB8)	R4NMJ0	ROK	GroovDB;Ligify2_benchmark	rcp_86dbf0e3b593bebb3bb3	inferred_direct_tf_ligand_modulation	high
edge_00120	C([C@@H]1[C@H]([C@@H]([C@H]([C@@H](O1)O[C@@H]2[C@H](OC([C@@H]([C@H]2O)O)O)CO)O)O)O)O	efe82a7f59e28ad1298b2d21ff8e8bac	Cellobiose	C([C@@H]1[C@H]([C@@H]([C@H]([C@@H](O1)O[C@@H]2[C@H](OC([C@@H]([C@H]2O)O)O)CO)O)O)O)O		CelR	Thermobifida fusca (strain YX)	Q47RE1	LacI/GalR	GroovDB;Ligify2_benchmark	rcp_98d4506fcbce352b4471	dna_binding_modulated_by_ligand	high
edge_00121	C([C@@H]1[C@H]([C@@H]([C@H]([C@H](O1)O[C@@H]2[C@@H]([C@H]([C@@H]([C@H](O2)CO)O)O)O)O)O)O)O	4bc4e2950a34015dc197c68f8d50b94b	Trehalose	C([C@@H]1[C@H]([C@@H]([C@H]([C@H](O1)O[C@@H]2[C@@H]([C@H]([C@@H]([C@H](O2)CO)O)O)O)O)O)O)O		treR	Escherichia coli (strain K12)	P36673	LacI/GalR	GroovDB;Ligify2_benchmark	rcp_a515eea9a71f3aa44d9e	ligand_modulated_tf_dna_binding	high
edge_00122	C([C@@H]1[C@H]([C@@H]([C@H]([C@H](O1)O[C@@H]2[C@@H]([C@H]([C@@H]([C@H](O2)CO)O)O)O)O)O)O)O	76f34278447a91e2cf202481fd739790	Trehalose	C([C@@H]1[C@H]([C@@H]([C@H]([C@H](O1)O[C@@H]2[C@@H]([C@H]([C@@H]([C@H](O2)CO)O)O)O)O)O)O)O		TreR	Thermotoga maritima (strain ATCC 43589 / DSM 3109 / JCM 10099 / NBRC 100826 / MSB8)	R4NNI4	ROK	GroovDB;PRODORIC	rcp_adf944110f247791e329;rcp_b239c2d52f7401233e0b	ligand_modulated_tf_dna_binding	high
edge_00123	C([C@@H]1[C@H]([C@@H]([C@H]([C@H](O1)O[C@@H]2[C@@H]([C@H]([C@@H]([C@H](O2)COP(=O)(O)O)O)O)O)O)O)O)O	4bc4e2950a34015dc197c68f8d50b94b	Trehalose-6-phosphate	C([C@@H]1[C@H]([C@@H]([C@H]([C@H](O1)O[C@@H]2[C@@H]([C@H]([C@@H]([C@H](O2)COP(=O)(O)O)O)O)O)O)O)O)O			Escherichia coli (strain K12)	P36673	LacI/GalR	GroovDB;PRODORIC;Ligify2_benchmark	rcp_f492c399e54ddc462660	direct_cognate	high
edge_00124	C([C@@H]1[C@H]([C@@H]([C@H]([C@H](O1)O[C@@H]2[C@@H]([C@H]([C@@H]([C@H](O2)COP(=O)(O)O)O)O)O)O)O)O)O	79ea0e19e24ee6d6775c70c7de8ff63d	trehalose-6-phosphate	C([C@@H]1[C@H]([C@@H]([C@H]([C@H](O1)O[C@@H]2[C@@H]([C@H]([C@@H]([C@H](O2)COP(=O)(O)O)O)O)O)O)O)O)O		TreR	Bacillus subtilis		GntR	RegTransBase	rcp_a379ac83dbd78ba15025;rcp_d9a9c36e56f8d078c43c	ligand_modulated_tf_dna_binding	high
edge_00125	C([C@@H]1[C@H]([C@@H]([C@H]([C@H](O1)O[C@@H]2[C@H](OC([C@@H]([C@H]2O)O)O)CO)O)O)O)O	6069bcdfe2911ee08ca4b7c84b669f89	maltose	C([C@@H]1[C@H]([C@@H]([C@H]([C@H](O1)O[C@@H]2[C@H](OC([C@@H]([C@H]2O)O)O)CO)O)O)O)O		MalR	Streptococcus pneumoniae		LacI/GalR	RegTransBase	rcp_38df6c9484cbeffa91e6;rcp_e027e99896109f9558a4;rcp_f55c71f5bf797112eff0	direct_in_vitro_effector	high
edge_00126	C([C@@H]1[C@H]([C@@H]([C@H]([C@H](O1)O[C@@H]2[C@H](OC([C@@H]([C@H]2O)O)O)CO)O)O)O)O	a841fcb05909a597f5af9d5016faf3d7	maltose	C([C@@H]1[C@H]([C@@H]([C@H]([C@H](O1)O[C@@H]2[C@H](OC([C@@H]([C@H]2O)O)O)CO)O)O)O)O		GlvR	Bacillus subtilis		RpiR	RegTransBase	rcp_a706584865bbb80e35d7	cellular_proximal_response	low
edge_00127	C([C@@H]1[C@H]([C@@H]([C@H]([C@H](O1)O[C@@H]2[C@H](O[C@H]([C@@H]([C@H]2O)O)O)CO)O)O)O)O	6069bcdfe2911ee08ca4b7c84b669f89	Maltose	C([C@@H]1[C@H]([C@@H]([C@H]([C@H](O1)O[C@@H]2[C@H](O[C@H]([C@@H]([C@H]2O)O)O)CO)O)O)O)O		SpMalR	Streptococcus pneumoniae (strain ATCC BAA-255 / R6)	P0A4T2	LacI/GalR	GroovDB	rcp_4355043fb42c02ba180d	ligand_modulated_tf_dna_binding	high
edge_00128	C([C@@H]1[C@H]([C@@H]([C@H]([C@H](O1)O[C@H]2[C@@H]([C@H](O[C@@]2(CO)O[C@@H]3[C@@H]([C@H]([C@@H]([C@H](O3)CO)O)O)O)CO)O)O)O)O)O	93ad22b3acb7ccbb633d005d70b30ea7	Melezitose	C([C@@H]1[C@H]([C@@H]([C@H]([C@H](O1)O[C@H]2[C@@H]([C@H](O[C@@]2(CO)O[C@@H]3[C@@H]([C@H]([C@@H]([C@H](O3)CO)O)O)O)CO)O)O)O)O)O		MelR1	Bifidobacterium breve	A0A0L0LVJ5	LacI/GalR	GroovDB	rcp_0fac1111c67c08808db6	ligand_modulated_tf_dna_binding	high
edge_00129	C([C@@H]1[C@H]([C@@H]([C@H]([C@H](O1)O[C@]2([C@H]([C@@H]([C@H](O2)CO)O)O)CO)O)O)O)O	1dbda059dbd2b4ffe5bba3779b03412b	Sucrose	C([C@@H]1[C@H]([C@@H]([C@H]([C@H](O1)O[C@]2([C@H]([C@@H]([C@H](O2)CO)O)O)CO)O)O)O)O		FosR	Escherichia coli	Q5I3L6	LacI/GalR	GroovDB	rcp_4366f7087e68e26fccf3	ligand_modulated_tf_dna_binding	high
edge_00130	C([C@@H]1[C@H]([C@@H]([C@H]([C@H](O1)O[C@]2([C@H]([C@@H]([C@H](O2)CO)O)O)CO)O)O)O)O	3290228581f3ded46603a65c7dbe2a87	sucrose	C([C@@H]1[C@H]([C@@H]([C@H]([C@H](O1)O[C@]2([C@H]([C@@H]([C@H](O2)CO)O)O)CO)O)O)O)O		ScrR	Streptococcus mutans		LacI/GalR	RegTransBase	rcp_81d741b850bf62378f54	cellular_tf_ligand_response	high
edge_00131	C([C@@H]1[C@H]([C@@H]([C@H]([C@H](O1)O[C@]2([C@H]([C@@H]([C@H](O2)CO)O)O)CO)O)O)O)O	e3342ddfbbf04408257fc218f12da2e4	sucrose	C([C@@H]1[C@H]([C@@H]([C@H]([C@H](O1)O[C@]2([C@H]([C@@H]([C@H](O2)CO)O)O)CO)O)O)O)O		SacR	Lactococcus lactis NZ9800		LacI/GalR	RegTransBase	rcp_d291c3f8774e78b0c31c	proximal_cellular_response	medium
edge_00132	C([C@@H]1[C@H]([C@@H]([C@H]([C@H](O1)O[C@]2([C@H]([C@@H]([C@H](O2)CO)O)O)CO)O)O)O)O	ecabffb42d30aac9d5d26e270aeed946	Sucrose	C([C@@H]1[C@H]([C@@H]([C@H]([C@H](O1)O[C@]2([C@H]([C@@H]([C@H](O2)CO)O)O)CO)O)O)O)O		sghR	Agrobacterium tumefaciens A6	A0A2I4PGE9	LacI/GalR	GroovDB	rcp_306e5c6777dd48a392f5	direct_ligand_binding	high
edge_00133	C([C@@H]1[C@H]([C@@H]([C@H]([C@H](O1)O[C@]2([C@H]([C@@H]([C@H](O2)CO)O)O)CO)O)O)O)O	f2eaf8b842625d5e7da52db26065f933	sucrose	C([C@@H]1[C@H]([C@@H]([C@H]([C@H](O1)O[C@]2([C@H]([C@@H]([C@H](O2)CO)O)O)CO)O)O)O)O		ScrR	Clostridium beijerinckii NCIMB 8052		LacI/GalR	RegTransBase	rcp_3e9fd22e3042a5540029	cellular_proximal_response	high
edge_00134	C([C@@H]1[C@H]([C@@H]([C@H]([C@H](O1)O[C@]2([C@H]([C@@H]([C@H](O2)CO)O)O)CO[C@]3([C@H]([C@@H]([C@H](O3)CO)O)O)CO)O)O)O)O	1dbda059dbd2b4ffe5bba3779b03412b	1-Kestose	C([C@@H]1[C@H]([C@@H]([C@H]([C@H](O1)O[C@]2([C@H]([C@@H]([C@H](O2)CO)O)O)CO[C@]3([C@H]([C@@H]([C@H](O3)CO)O)O)CO)O)O)O)O		FosR	Escherichia coli	Q5I3L6	LacI/GalR	GroovDB	rcp_b0a7132217873741a00e	ligand_modulated_tf_dna_binding	high
edge_00135	C([C@@H]1[C@H]([C@@H]([C@H]([C@H](O1)O[C@]2([C@H]([C@@H]([C@H](O2)CO)O)O)CO[C@]3([C@H]([C@@H]([C@H](O3)CO)O)O)CO[C@]4([C@H]([C@@H]([C@H](O4)CO)O)O)CO)O)O)O)O	1dbda059dbd2b4ffe5bba3779b03412b	Nystose	C([C@@H]1[C@H]([C@@H]([C@H]([C@H](O1)O[C@]2([C@H]([C@@H]([C@H](O2)CO)O)O)CO[C@]3([C@H]([C@@H]([C@H](O3)CO)O)O)CO[C@]4([C@H]([C@@H]([C@H](O4)CO)O)O)CO)O)O)O)O		FosR	Escherichia coli	Q5I3L6	LacI/GalR	GroovDB	rcp_d74435b6108e1526ba17	ligand_modulated_tf_dna_binding	high
edge_00136	C([C@@H]1[C@H]([C@H]([C@@H](O1)O)O)O)O	d502041b935317410327e7038ea7895d	D-Ribose	C([C@@H]1[C@H]([C@H]([C@@H](O1)O)O)O)O		BbRbsR	Bifidobacterium breve (strain NCIMB 8807 / UCC2003)	D6BRH8	LacI/GalR	GroovDB	rcp_0c2ee7701bd3cdaa5a0e;rcp_990a282974effe7c88a7	direct_ligand_modulated_dna_binding	high
edge_00137	C([C@@H]1[C@H]([C@H]([C@@H](O1)O)O)O)O	dc1e91f836209d60e254769b84a92a0f	D-ribose	C([C@@H]1[C@H]([C@H]([C@@H](O1)O)O)O)O		RbsR	Escherichia coli K-12		LacI/GalR	GroovDB;RegulonDB;Ligify2_benchmark	rcp_13f6dcf9326a6926c094;rcp_880cc5b71a7710390b3c;rcp_fe8e6745554a257c955e	direct_ligand_binding_and_operator_release	high
edge_00138	C([C@@H]1[C@H]([C@H]([C@H](O1)OP(=O)(O)OP(=O)(O)O)O)O)OP(=O)(O)O	6502f35b8906853b9179b3bfda0a2122	PRPP	C([C@@H]1[C@H]([C@H]([C@H](O1)OP(=O)(O)OP(=O)(O)O)O)O)OP(=O)(O)O		PurR	Bacillus subtilis;168	P37551	Unknown	PRODORIC	rcp_a51dd725e8861d22aef7	dna_binding_modulation	high
edge_00139	C([C@H](C(=O)O)N)O	c38fa069b5c0c42353215cd2ad1e7c5d	D-serine	C([C@H](C(=O)O)N)O		DsdC	Escherichia coli K-12		LysR	RegulonDB	rcp_b59e7ac297e73538c346	indirect_or_insufficient_pair_level_directness	medium
edge_00140	C([C@H](C(=O)O)N)O	d3b9228449ee9e03d8e9ce514e12606e	D-serine	C([C@H](C(=O)O)N)O		DsdC	Escherichia coli	X91821	LysR	RegTransBase	rcp_3e7b9dcbfe263daf38c0	cellular_proximal_response	medium
edge_00141	C([C@H]([C@@H]([C@@H]([C@H](C(=O)[O-])O)O)O)O)O	763f7017b7dc4d72eba1fdff27ead134	D-Galactonate	C([C@H]([C@@H]([C@@H]([C@H](C(=O)[O-])O)O)O)O)O		dgoR	Escherichia coli (strain K12)	P31460	GntR	GroovDB;Ligify2_benchmark	rcp_6b6aedec5597d41d03d9;rcp_86cfc9f0596ae5157c9a	direct_in_vitro_dna_binding_modulation	high
edge_00142	C([C@H]([C@@H]([C@H]([C@@H](C(=O)[O-])O)O)O)O)O	f18e197b155e9d4a1d832cbcbf1b704c	D-idonate	C([C@H]([C@@H]([C@H]([C@@H](C(=O)[O-])O)O)O)O)O			Paracoccus laeviglucosivorans	K7ZN65	IclR	GroovDB	rcp_e80f84d78fc408901cd8	ligand_modulated_tf_dna_binding	high
edge_00143	C([C@H]([C@H](CO)O)O)O	c1a3dc76bc40701ac406cdc2b144a915	Erythritol	C([C@H]([C@H](CO)O)O)O		eryD	Brucella abortus (strain 2308)	Q2YIQ4	Unknown	GroovDB	rcp_0b211b081a78059ff115	cellular_tf_ligand_response	high
edge_00144	C([C@H]([C@H]([C@@H](C(=O)C(=O)O)O)O)O)O	557c6d697d503ea7d351216d2441ba93	ketogluconate	C([C@H]([C@H]([C@@H](C(=O)C(=O)O)O)O)O)O		PtxS	Pseudomonas aeruginosa;PAO1	G3XD97	LacI/GalR	PRODORIC	rcp_4a834336ad8ea570fe30	dna_binding_modulation_by_ligand	high
edge_00145	C([C@H]([C@H]([C@@H](C(=O)C(=O)O)O)O)O)O	eb59456351057b30713da8a926007643	2-Ketogluconic acid	C([C@H]([C@H]([C@@H](C(=O)C(=O)O)O)O)O)O			Pseudomonas plecoglossicida	A0A167V873	LacI/GalR	GroovDB	rcp_04eaa2699cdb9a9edab8	direct_ligand_binding	medium
edge_00146	C([C@H]([C@H]([C@@H](C(=O)COP(=O)(O)O)O)O)O)O	4bc792d85a4dbe1cb77d542f5592166b	fructose-1-phosphate	C([C@H]([C@H]([C@@H](C(=O)COP(=O)(O)O)O)O)O)O		FruR	Salmonella typhimurium		LacI/GalR	RegTransBase	rcp_4ff2961a25fbb51f8138	ligand_modulated_tf_dna_binding	high
edge_00147	C([C@H]([C@H]([C@@H](C(=O)COP(=O)(O)O)O)O)O)O	b69733282dba9d9c66611dcc06e86583	Fructose-1-phosphate	C([C@H]([C@H]([C@@H](C(=O)COP(=O)(O)O)O)O)O)O		cra	Escherichia coli (strain K12)	P0ACP1	LacI/GalR	GroovDB;Ligify2_benchmark	rcp_a4ad8c7efc2c1f0ca71e	ligand_modulated_tf_dna_binding	high
edge_00148	C([C@H]([C@H]([C@@H](C=O)O)O)O)O	32e7363104afe067f8a31e761a3747a5	D-Arabinose	C([C@H]([C@H]([C@@H](C=O)O)O)O)O			Streptomyces lincolnensis	P0DXG2	TetR	GroovDB	rcp_59e2624c82999858ea91	ligand_modulated_tf_dna_binding	high
edge_00149	C([C@H]([C@H]([C@@H]([C@@H](CO)O)O)O)O)O	9c3057cce677d596b6b0a92bb71932cb	mannitol	C([C@H]([C@H]([C@@H]([C@@H](CO)O)O)O)O)O		MtlR	Pseudomonas fluorescens	AAC34292	AraC/XylS	RegTransBase	rcp_7ee17c5bfafa35c912ff	cellular_or_proximal_response_only	medium
edge_00150	C([C@H]([C@H]([C@@H]([C@H](C(=O)O)O)O)O)O)OP(=O)(O)[O-]	3bc30c6e0efeb551e706ffa51cd07ed6	6-phosphogluconate	C([C@H]([C@H]([C@@H]([C@H](C(=O)O)O)O)O)O)OP(=O)(O)[O-]		GntR	Escherichia coli		LacI/GalR	RegTransBase	rcp_0576b404f2448641439f	ligand_modulated_tf_dna_binding	medium
edge_00151	C([C@H]([C@H]([C@@H]([C@H](C(=O)O)O)O)O)O)OP(=O)(O)[O-]	44128bc565504ce2d9e47edbf6104302	6-Phosphogluconate	C([C@H]([C@H]([C@@H]([C@H](C(=O)O)O)O)O)O)OP(=O)(O)[O-]			Pseudomonas aeruginosa (strain ATCC 15692 / DSM 22644 / CIP 104116 / JCM 14847 / LMG 12228 / 1C / PRS 101 / PAO1)	Q9I1F6	LacI/GalR	GroovDB	rcp_b06f377032b6642d874b	ligand_modulated_tf_dna_binding	high
edge_00152	C([C@H]([C@H]([C@@H]([C@H](C(=O)[O-])O)O)O)O)O	3bc30c6e0efeb551e706ffa51cd07ed6	D-gluconate	C([C@H]([C@H]([C@@H]([C@H](C(=O)[O-])O)O)O)O)O				P0ACP5	LacI/GalR	RegTransBase;GroovDB;PRODORIC;RegulonDB;Ligify2_benchmark	rcp_0f53ecb113869bb45ed7;rcp_16260be4202c3d7a28ae;rcp_1ef0b3f4a56b7bac72a4;rcp_28344c15fb19679e4870;rcp_94a5e05a90b994f6c6f0;rcp_e20c65af6677cfb1c5ec	recoverable_blank_TF_effector	medium
edge_00153	C([C@H]([C@H]([C@@H]([C@H](C(=O)[O-])O)O)O)O)O	44128bc565504ce2d9e47edbf6104302	D-gluconate	C([C@H]([C@H]([C@@H]([C@H](C(=O)[O-])O)O)O)O)O			Pseudomonas aeruginosa (strain ATCC 15692 / DSM 22644 / CIP 104116 / JCM 14847 / LMG 12228 / 1C / PRS 101 / PAO1)	Q9I1F6	LacI/GalR	GroovDB	rcp_15f976e324a524d1da06	dna_binding_modulation	medium
edge_00154	C([C@H]([C@H]([C@@H]([C@H](C(=O)[O-])O)O)O)O)O	d59e665a3d710b06925d6bde1c8b91d6	gluconate	C([C@H]([C@H]([C@@H]([C@H](C(=O)[O-])O)O)O)O)O		GntR	Bacillus subtilis		GntR	RegTransBase	rcp_92389ae9e7c43affd879;rcp_9d82b5e9e3a2a5a5c9f5;rcp_e2063765574eb870ae0c;rcp_f222574ce6634fbd36e3	direct_cognate	high
edge_00155	C([C@H]([C@H]([C@@H]([C@H](CO)O)O)O)O)O	8a5c7b0e96ff785f5c99e66aaa1e2b2a	glucitol	C([C@H]([C@H]([C@@H]([C@H](CO)O)O)O)O)O		GutR	Bacillus subtilis		Unknown	RegTransBase	rcp_0abae8cda420ad888386;rcp_8ad974284f462a401b6f	ligand_modulated_tf_dna_binding	high
edge_00156	C([C@H]([C@H]([C@@H]([C@H](CO)O)O)O)O)O	a2d189749af6d11797f208916dc8dacd	glucitol	C([C@H]([C@H]([C@@H]([C@H](CO)O)O)O)O)O		GutM	Escherichia coli		Unknown	RegTransBase	rcp_3c57c8f5c20c42ea370c	cellular_response_proximal	low
edge_00157	C([C@H]([C@H]([C@@H]([C@H](CO)O)O)O)O)O	d8d0322f11a1f10f81fdf876adf44f1d	glucitol	C([C@H]([C@H]([C@@H]([C@H](CO)O)O)O)O)O		GutR	Escherichia coli		DeoR	RegTransBase	rcp_ed97e0a305ecd71f116c	proximal_substrate_metabolite	medium
edge_00158	C1(=C(C(=C(C(=C1Cl)Cl)Cl)Cl)Cl)O	ed9cae1a10e942672ea732b0227b21f7	Pentachlorophenol	C1(=C(C(=C(C(=C1Cl)Cl)Cl)Cl)Cl)O		nalC	Pseudomonas aeruginosa (strain ATCC 15692 / DSM 22644 / CIP 104116 / JCM 14847 / LMG 12228 / 1C / PRS 101 / PAO1)	Q9HXS0	TetR	GroovDB	rcp_b642b550252d8060f486	ligand_modulated_tf_dna_binding	high
edge_00159	C1(=O)NC(=O)NC(=O)N1	7c40f32152f07d08cb79c0f1c0ba1142	Cyanuric acid	C1(=O)NC(=O)NC(=O)N1		orf99	Pseudomonas sp. (strain ADP)	Q936X4	LysR	GroovDB;Ligify2_benchmark	rcp_b3831db8f3ff14cb984a	ligand_modulated_tf_dna_binding	high
edge_00160	C1(C(C(C(C(C1O)O)O)O)O)O	75a3b6f8b6d45965525d324935262d85	myo-inositol	C1(C(C(C(C(C1O)O)O)O)O)O		IolR	Bacillus subtilis		DeoR	RegTransBase	rcp_1d982a52c58ac5ba15cb	cellular_response_proximal	low
edge_00161	C1(C(C(OC(C1O)O)C(=O)O)O)O	022fb3f73dae00ef40aaa4e42ab852b8	alpha-D-glucuronate	C1(C(C(OC(C1O)O)C(=O)O)O)O		ExuR	Escherichia coli K-12		GntR	RegulonDB	rcp_a28d6553f05eb97f90b1	weak_aux_cellular_or_later_biosensor_support	medium
edge_00162	C12=C(NC(=O)N1)NC(=O)NC2=O	1dfbfd4fe197a313a91ec897f8989113	Uric acid	C12=C(NC(=O)N1)NC(=O)NC2=O		HucR	Deinococcus radiodurans (strain ATCC 13939 / DSM 20539 / JCM 16871 / CCUG 27074 / LMG 4051 / NBRC 15346 / NCIMB 9279 / VKM B-1422 / R1)	Q9RV71	MarR	GroovDB;Ligify2_benchmark	rcp_85a547be21b552b5c5aa	ligand_modulated_tf_dna_binding	high
edge_00163	C12=C(NC(=O)N1)NC(=O)NC2=O	21e22c1a7cb93fb1e190cf078daf329d	Urate	C12=C(NC(=O)N1)NC(=O)NC2=O		VvPecS	Vibrio vulnificus (strain YJ016)	Q7ME65	MarR	GroovDB	rcp_38a83dc776c3da448565	ligand_modulated_tf_dna_binding	high
edge_00164	C12=C(NC(=O)N1)NC(=O)NC2=O	a0cd837a84af83b3bf0aa2f4f099d57e	Urate	C12=C(NC(=O)N1)NC(=O)NC2=O		PecS	Klebsiella pneumoniae;Kp52.145		MarR	PRODORIC	rcp_7b0235ea22646ca588c7	direct_dna_binding_attenuation	high
edge_00165	C1=C(C(=O)NC1=O)[C@H]2[C@@H]([C@@H]([C@H](O2)CO)O)O	7ef72b0bab2aa4fe67742c1012ed305f	Showdomycin	C1=C(C(=O)NC1=O)[C@H]2[C@@H]([C@@H]([C@H](O2)CO)O)O		nemR	Escherichia coli (strain K12)	P67430	TetR	GroovDB;Ligify2_benchmark	rcp_7b2e2c4c4eb8f96c0fb4	ligand_modulated_tf_dna_binding	high
edge_00166	C1=C(C=C(C(=C1Cl)O)Cl)Cl	ed9cae1a10e942672ea732b0227b21f7	2,4,6-trichlorophenol	C1=C(C=C(C(=C1Cl)O)Cl)Cl			Pseudomonas aeruginosa (strain ATCC 15692 / DSM 22644 / CIP 104116 / JCM 14847 / LMG 12228 / 1C / PRS 101 / PAO1)	Q9HXS0	TetR	GroovDB	rcp_7c56a6db44e7a58c443a	ligand_modulated_tf_dna_binding	high
edge_00167	C1=C(NC=N1)/C=C/C(=O)O	1faa12aef898babe93227117c0fad338	Urocanate	C1=C(NC=N1)/C=C/C(=O)O		HutC	Pseudomonas fluorescens (strain SBW25)	C3K7E0	GntR	GroovDB	rcp_d60aa8da24b47177a192	ligand_modulated_tf_dna_binding	high
edge_00168	C1=C(NC=N1)/C=C/C(=O)O	6b4ed5ac602337882e9882a02b6c5d11	urocanate	C1=C(NC=N1)/C=C/C(=O)O		HutC	Pseudomonas putida		GntR	RegTransBase	rcp_2b25b6c9c979bf440fe4;rcp_7e53ae8a6599ba4c6893;rcp_9c1d0e35a39ef78358a4;rcp_eb66c179c51ada2dbc04	ligand_modulated_tf_dna_binding	high
edge_00169	C1=C(NC=N1)C[C@@H](C(=O)O)N	2c530e8494ce33e8b8ffa87e78598fa9	Histidine	C1=C(NC=N1)C[C@@H](C(=O)O)N		HisR	Mediterraneibacter gnavus (strain ATCC 29149 / DSM 114966 / JCM 6515 / VPI C7-9)	A7B863	TrpR	GroovDB	rcp_ec6bdc05daee596c016d	direct_physical_binding	high
edge_00170	C1=C(NC=N1)C[C@@H](C(=O)O)N	c1ef8f5a845c0fb35c0194373e4721e1	L-histidine	C1=C(NC=N1)C[C@@H](C(=O)O)N			Corynebacterium glutamicum (strain ATCC 13032 / DSM 20300 / JCM 1318 / BCRC 11384 / CCUG 27702 / LMG 3730 / NBRC 12168 / NCIMB 10025 / NRRL B-2784 / 534)	P94632	LysR	GroovDB	rcp_c8dd7b3bc96aa30f6ff7	direct_ligand_binding	high
edge_00171	C1=CC(=C(C(=C1)Cl)O)O	06e56bbb2f80fefc53848194b5f8fbf1	3-chlorocatechol	C1=CC(=C(C(=C1)Cl)O)O		ClcR	Pseudomonas putida		LysR	RegTransBase	rcp_16ce012c93ceec0c39ad	weak_aux_cellular_promoter	medium
edge_00172	C1=CC(=C(C(=C1)O)C(=O)C2=CC(=C(N2)Cl)Cl)O	34ded561ec6698344bffa193f5e47deb	pyoluteorin	C1=CC(=C(C(=C1)O)C(=O)C2=CC(=C(N2)Cl)Cl)O		PhlF	Pseudomonas fluorescens CHA0	AF207529	TetR	RegTransBase	rcp_58f571f3bcc6cb3f0054	cellular_response	medium
edge_00173	C1=CC(=C(C(=C1)O)C(=O)C2=CC(=C(N2)Cl)Cl)O	a3ebecb39311c67c977e8f29af14fd60	Pyoluteorin	C1=CC(=C(C(=C1)O)C(=O)C2=CC(=C(N2)Cl)Cl)O		phlH	Pseudomonas fluorescens (strain ATCC BAA-477 / NRRL B-23932 / Pf-5)	Q4K424	TetR	GroovDB;Ligify2_benchmark	rcp_fa3c14695f4a9e004599	ligand_modulated_tf_dna_binding	high
edge_00174	C1=CC(=C(C(=C1)O)C(=O)C2=CC(=C(N2)Cl)Cl)O	e5238492f31999a8bb36ce0a6d874016	Pyoluteorin	C1=CC(=C(C(=C1)O)C(=O)C2=CC(=C(N2)Cl)Cl)O		pltZ	Pseudomonas fluorescens (strain ATCC BAA-477 / NRRL B-23932 / Pf-5)	Q4KCY3	TetR	GroovDB	rcp_6e5097de8ba60726f325	ligand_modulated_tf_dna_binding	high
edge_00175	C1=CC(=C(C(=C1)O)O)C=O	b2471b931a88b96814abaa16a0499b37	2,3-dihydroxybenzaldehyde	C1=CC(=C(C(=C1)O)O)C=O		HbpR	Pseudomonas azelaica HBP1		NtrC/XylR	RegTransBase	rcp_240d652885a7b6cf426b	cellular_inducer_analog_response	medium
edge_00176	C1=CC(=C(C(=C1)[O-])C(=O)O)O	0d8c0668d82c7bc12abcaf125fb5457d	2,6-Dihydroxybenzoate	C1=CC(=C(C(=C1)[O-])C(=O)O)O		TsdR	Rhodococcus jostii (strain RHA1)	Q0SFL4	IclR	GroovDB	rcp_22ce3f89e92e05e1571d;rcp_4974ba7773636e981f1f	ligand_modulated_tf_dna_binding	high
edge_00177	C1=CC(=C(C=C1/C=C/C2=CC(=CC(=C2)O)O)O)O	706ea653ec20b9b1cdd43aac78d1c31c	Piceatannol	C1=CC(=C(C=C1/C=C/C2=CC(=CC(=C2)O)O)O)O		Saro_0803	Novosphingobium aromaticivorans (strain ATCC 700278 / DSM 12444 / CCUG 56034 / CIP 105152 / NBRC 16084 / F199)	Q2GA75	MarR	GroovDB	rcp_c7c96d6c7d79bfdf68f7	cellular_tf_ligand_response	high
edge_00178	C1=CC(=C(C=C1C(=O)O)O)O	519ee1f5eed3aa2e420d4ea8959ee359	Protocatechuic acid	C1=CC(=C(C=C1C(=O)O)O)O		PcaV	Streptomyces coelicolor (strain ATCC BAA-471 / A3(2) / M145)	Q9XAM6	MarR	GroovDB	rcp_efcedab04284567af596	ligand_modulated_tf_dna_binding	high
edge_00179	C1=CC(=C(C=C1C(=O)O)O)O	f9632f91e6d80ce1bb9fc39c94f65309	Protocatechuic acid	C1=CC(=C(C=C1C(=O)O)O)O		cbaR	Conidiobolus coronatus	Q9FCY4	MarR	GroovDB	rcp_2030318dbae5d1cbe47e	ligand_modulated_tf_dna_binding	high
edge_00180	C1=CC(=C(C=C1C(=O)O)O)[O-]	7e35611ff47b4475dfeb604b526175e8	3,4-Dihydroxybenzoate	C1=CC(=C(C=C1C(=O)O)O)[O-]		PcaU	Acinetobacter baylyi (strain ATCC 33305 / BD413 / ADP1)	O83046	IclR	GroovDB	rcp_22e65bedcad4e9925c57;rcp_231117247b9a969071f6	synthetic_cellular_response	medium
edge_00181	C1=CC(=C(C=C1C2=C(C(=O)C3=C(C=C(C=C3O2)O)O)O)O)O	05974c9d02bd051c5aaf05641e13261a	Quercetin	C1=CC(=C(C=C1C2=C(C(=O)C3=C(C=C(C=C3O2)O)O)O)O)O		PmeR	Pseudomonas syringae pv. tomato (strain ATCC BAA-871 / DC3000)	Q87X86	TetR	GroovDB	rcp_cc231a5f74911afd0358	ligand_modulated_tf_dna_binding	high
edge_00182	C1=CC(=C(C=C1C2=C(C(=O)C3=C(C=C(C=C3O2)O)O)O)O)O	3d8ba3e9d65112249c95e52019e5bc49	Quercetin	C1=CC(=C(C=C1C2=C(C(=O)C3=C(C=C(C=C3O2)O)O)O)O)O		lmrA	Bacillus subtilis (strain 168)	O34619	TetR	GroovDB;Ligify2_benchmark	rcp_d3d9687a60e45a572dbf	ligand_modulated_tf_dna_binding	high
edge_00183	C1=CC(=C(C=C1C2=C(C(=O)C3=C(C=C(C=C3O2)O)O)O)O)O	565138dd35eebdf76237e9c0b48f4152	quercetin	C1=CC(=C(C=C1C2=C(C(=O)C3=C(C=C(C=C3O2)O)O)O)O)O		TtgR	Pseudomonas putida DOT-T1E	Q9AIU0	TetR	manual_tetr_seed	rcp_bee41aab0a51a2a4fc17	direct_ligand_binding	medium
edge_00184	C1=CC(=C(C=C1C2=C(C(=O)C3=C(C=C(C=C3O2)O)O)O)O)O	fba2943fbe8a3bfb6e3ae4a552ca7e17	Quercetin	C1=CC(=C(C=C1C2=C(C(=O)C3=C(C=C(C=C3O2)O)O)O)O)O		yxaF	Bacillus subtilis (strain 168)	P42105	TetR	GroovDB;Ligify2_benchmark	rcp_dec42606ddbe86638e26	ligand_modulated_tf_dna_binding	high
edge_00185	C1=CC(=C(C=C1C2=C(C(=O)C3=C(O2)C=C(C=C3)O)O)O)O	3d8ba3e9d65112249c95e52019e5bc49	Fisetin	C1=CC(=C(C=C1C2=C(C(=O)C3=C(O2)C=C(C=C3)O)O)O)O		lmrA	Bacillus subtilis (strain 168)	O34619	TetR	GroovDB;Ligify2_benchmark	rcp_09a41bb954e6cede62d3	ligand_modulated_tf_dna_binding	high
edge_00186	C1=CC(=C(C=C1C2=CC(=O)C3=C(C=C(C=C3O2)O)O)O)O	565138dd35eebdf76237e9c0b48f4152	Luteolin	C1=CC(=C(C=C1C2=CC(=O)C3=C(C=C(C=C3O2)O)O)O)O		TtgR	Pseudomonas putida DOT-T1E		TetR	RegTransBase	rcp_3252e417bd4f47343b96	in_vitro_dna_binding_modulation	high
edge_00187	C1=CC(=C(C=C1C2=CC(=O)C3=C(C=C(C=C3O2)O)O)O)O	89db38f5d27836a8aa2d7b3061fe21d3	luteolin	C1=CC(=C(C=C1C2=CC(=O)C3=C(C=C(C=C3O2)O)O)O)O		NodD	Plasmid pRL1JI		LysR	RegTransBase	rcp_1142496829a3ec903591;rcp_d45fdd84d92d0f047391	cellular_or_proximal_response_only	medium
edge_00188	C1=CC(=C(C=C1C2=CC(=O)C3=C(C=C(C=C3O2)O)O)O)O	b5067d80fc68300b0cfb7b531b558d42	luteolin	C1=CC(=C(C=C1C2=CC(=O)C3=C(C=C(C=C3O2)O)O)O)O		NodD1	Rhizobium sp. BR816		LysR	RegTransBase	rcp_042d6384e17c5882e472	cellular_tf_ligand_response	high
edge_00189	C1=CC(=C(C=C1C2=CC(=O)C3=C(C=C(C=C3O2)O)O)O)O	de22dd68ad2a20975814057d3b412b56	luteolin	C1=CC(=C(C=C1C2=CC(=O)C3=C(C=C(C=C3O2)O)O)O)O		NodD1	Sinorhizobium meliloti		LysR	RegTransBase	rcp_074b859b4f5cfcaaa47e;rcp_5549b93e761db2c951b9;rcp_5e6dd4f55fb56f2e0590;rcp_76ef5f7e08113370be6f;rcp_a21ad5c39c5e7bf7319d;rcp_c855f115a7c6ba0c04a9;rcp_cf69d4def89ddd1a957f;rcp_e751d16ed9dc60e60ac5	ligand_modulated_tf_dna_binding	high
edge_00190	C1=CC(=C(C=C1C2=CC(=O)C3=C(C=C(C=C3O2)O)O)O)O	ebdb40cd5cac5f76be85b39316c47894	luteolin	C1=CC(=C(C=C1C2=CC(=O)C3=C(C=C(C=C3O2)O)O)O)O		NodD2	Rhizobium sp. BR816		LysR	RegTransBase	rcp_e92012b69e27d8fa6cf6	cellular_tf_ligand_response	high
edge_00191	C1=CC(=C(C=C1C2=CC(=O)C3=C(C=C(C=C3O2)O)O)O)O	f6cd615b7489d5674e4f3fd4f01e34d3	luteolin	C1=CC(=C(C=C1C2=CC(=O)C3=C(C=C(C=C3O2)O)O)O)O		NodD3	Sinorhizobium meliloti 1021; pRmeSU47a		LysR	RegTransBase	rcp_0381249177c8e8e596b3	cellular_or_proximal_response_only	medium
edge_00192	C1=CC(=C(C=C1C2=CC(=O)C3=C(O2)C=C(C=C3)O)O)O	de22dd68ad2a20975814057d3b412b56	7,3',4' -trihydroxyflavone	C1=CC(=C(C=C1C2=CC(=O)C3=C(O2)C=C(C=C3)O)O)O		NodD1	Sinorhizobium meliloti RCR2011		LysR	RegTransBase	rcp_80b91fbac270fab0a25c	cellular_tf_ligand_response	medium
edge_00193	C1=CC(=C(C=C1C2C(C(=O)C3=C(C=C(C=C3O2)O)O)O)O)O	2d23a9d0eabe55875c58261b6edad005	taxifolin	C1=CC(=C(C=C1C2C(C(=O)C3=C(C=C(C=C3O2)O)O)O)O)O		NodD	Plasmid pRL1JI		LysR	RegTransBase	rcp_c72ee053cf7733a55e25;rcp_edfa4069cd0f2888364d	cellular_or_proximal_response_only	medium
edge_00194	C1=CC(=C(C=C1C2C(C(=O)C3=C(C=C(C=C3O2)O)O)O)O)O	de22dd68ad2a20975814057d3b412b56	taxifolin	C1=CC(=C(C=C1C2C(C(=O)C3=C(C=C(C=C3O2)O)O)O)O)O		NodD	Megaplasmid pSym-a		LysR	RegTransBase	rcp_ba54c32757a78c2c031e	cellular_or_proximal_response_only	medium
edge_00195	C1=CC(=C(C=C1CC(=O)O)Cl)O	28995a05778b7991174ba659d0c59eee	3-Chloro-4-hydroxyphenylacetic acid	C1=CC(=C(C=C1CC(=O)O)Cl)O		NmNadR	Neisseria meningitidis serogroup B (strain ATCC BAA-335 / MC58)	Q7DD70	MarR	GroovDB	rcp_b61aaed751ee6575c058	direct_ligand_binding	high
edge_00196	C1=CC(=C(C=C1CC(=O)[O-])Cl)O	933b3a62c8c7a29f5a10a9efdad85827	3-chloro-4-hydroxyphenylacetate	C1=CC(=C(C=C1CC(=O)[O-])Cl)O		CprK	Desulfitobacterium dehalogenans JW/IU-DC1		CRP/FNR	RegTransBase	rcp_30b8cbc103b9f5b2fd24	direct_physical_binding_and_dna_modulation	high
edge_00197	C1=CC(=C(C=C1CCN)O)O	45870494002d99357634c95d958f92e5	Dopamine	C1=CC(=C(C=C1CCN)O)O		emrR	Salmonella typhimurium (strain LT2 / SGSC1412 / ATCC 700720)	Q7CPY9	MarR	GroovDB	rcp_7e14af5ec1186850b210	ligand_modulated_tf_dna_binding	high
edge_00198	C1=CC(=C(C=C1Cl)Cl)O	ed9cae1a10e942672ea732b0227b21f7	2,4-dichlorophenol	C1=CC(=C(C=C1Cl)Cl)O			Pseudomonas aeruginosa (strain ATCC 15692 / DSM 22644 / CIP 104116 / JCM 14847 / LMG 12228 / 1C / PRS 101 / PAO1)	Q9HXS0	TetR	GroovDB	rcp_d8ee30bb0e59b6441ac4	ligand_modulated_tf_dna_binding	high
edge_00199	C1=CC(=C(C=C1Cl)Cl)OCC(=O)O	d193f6905753f1c78f731671041151ae	2,4-Dichlorophenoxyacetic acid	C1=CC(=C(C=C1Cl)Cl)OCC(=O)O		IadR	Variovorax paradoxus (strain S110)	C5CSP2	MarR	GroovDB	rcp_638733a255122c67b531	direct_ligand_binding	high
edge_00200	C1=CC(=C(C=C1Cl)O)OC2=C(C=C(C=C2)Cl)Cl	c3fe75f91a7aefc078b78fcdb03a3ece	Triclosan	C1=CC(=C(C=C1Cl)O)OC2=C(C=C(C=C2)Cl)Cl		smeT	Stenotrophomonas maltophilia	Q8KLP4	TetR	GroovDB	rcp_0cf085c8ac19c96d8f04	ligand_modulated_tf_dna_binding	high
edge_00201	C1=CC(=C(C=C1Cl)O)OC2=C(C=C(C=C2)Cl)Cl	ed9cae1a10e942672ea732b0227b21f7	Triclosan	C1=CC(=C(C=C1Cl)O)OC2=C(C=C(C=C2)Cl)Cl		nalC	Pseudomonas aeruginosa (strain ATCC 15692 / DSM 22644 / CIP 104116 / JCM 14847 / LMG 12228 / 1C / PRS 101 / PAO1)	Q9HXS0	TetR	GroovDB	rcp_2ea9f820cad2737f8ab9	ligand_modulated_tf_dna_binding	high
edge_00202	C1=CC(=C(C=C1N)O)C(=O)[O-]	70f81efe2e633d3049babd7e342e9b08	Para-amino-salicylate	C1=CC(=C(C=C1N)O)C(=O)[O-]		Rv2887	Mycobacterium tuberculosis (strain ATCC 25618 / H37Rv)	P9WME9	MarR	GroovDB	rcp_7467be86d5b1d5bdef14	ligand_modulated_tf_dna_binding	high
edge_00203	C1=CC(=C(C=C1O)C(=O)O)O	33f0d6ab60f41030462812b293488bb3	Gentisate	C1=CC(=C(C=C1O)C(=O)O)O		GenR	Comamonas testosteroni (strain CNB-2)	D0IZS0	MarR	GroovDB	rcp_2d235ab8e4c2b32dd31e	ligand_modulated_tf_dna_binding	high
edge_00204	C1=CC(=C(C=C1O)O)C2=C(C(=O)C3=C(C=C(C=C3O2)O)O)O	05974c9d02bd051c5aaf05641e13261a	Morin	C1=CC(=C(C=C1O)O)C2=C(C(=O)C3=C(C=C(C=C3O2)O)O)O		PmeR	Pseudomonas syringae pv. tomato (strain ATCC BAA-871 / DC3000)	Q87X86	TetR	GroovDB	rcp_d083c71d01dd18eff3ac	ligand_modulated_tf_dna_binding	high
edge_00205	C1=CC(=C(C=C1O)O)O	9103790fdf4641ab9ed9358d2311dc10	Hydroxyquinol	C1=CC(=C(C=C1O)O)O		RolR	Corynebacterium glutamicum (strain ATCC 13032 / DSM 20300 / BCRC 11384 / JCM 1318 / LMG 3730 / NCIMB 10025)	Q8NR95	TetR	GroovDB;Ligify2_benchmark	rcp_a21185dc35254de00bb1	ligand_modulated_tf_dna_binding	high
edge_00206	C1=CC(=C(C=C1[N+](=O)[O-])[N+](=O)[O-])O	64bea006ef1b176c4639c5dd6c38a563	2,4-dinitrophenol	C1=CC(=C(C=C1[N+](=O)[O-])[N+](=O)[O-])O		MprA	Escherichia coli K-12		MarR	RegulonDB	rcp_62552c50aed249cd8a41	direct_ligand_binding	high
edge_00207	C1=CC(=C(C=C1[N+](=O)[O-])[N+](=O)[O-])O	f989fd5b26380b589faf7a7bb8a524cb	2,4-Dinitrophenol	C1=CC(=C(C=C1[N+](=O)[O-])[N+](=O)[O-])O		NpdR	Rhodococcus erythropolis	Q9AH06	IclR	GroovDB	rcp_28bb869c5fda092d06a8	ligand_modulated_tf_dna_binding	high
edge_00208	C1=CC(=CC(=C1)Br)C(=O)[O-]	7778980e5ac87e0bb8e6c8cfea5ef5af	3-bromobenzoate	C1=CC(=CC(=C1)Br)C(=O)[O-]		XylS3	Plasmid pWW53		AraC/XylS	RegTransBase	rcp_e0c571a32d6581dca008	cellular_or_proximal_response_only	medium
edge_00209	C1=CC(=CC(=C1)Br)C(=O)[O-]	e8b9a7cf73b430bac3688dfbe705d433	3-bromobenzoate	C1=CC(=CC(=C1)Br)C(=O)[O-]		XylS1	Plasmid pWW53		AraC/XylS	RegTransBase	rcp_226b989ecbc9c7ebfe63	cellular_or_proximal_response_only	medium
edge_00210	C1=CC(=CC(=C1)C(=O)[O-])C(=O)[O-]	1d4c056e2397ed1fb1214832260c7479	Isophthalate	C1=CC(=CC(=C1)C(=O)[O-])C(=O)[O-]		iphR	Comamonas sp. E6	C4TNS6	IclR	GroovDB	rcp_ff844144a3c41114475d	ligand_modulated_tf_dna_binding	high
edge_00211	C1=CC(=CC(=C1)Cl)C(=O)O	06e56bbb2f80fefc53848194b5f8fbf1	3-chlorobenzoate	C1=CC(=CC(=C1)Cl)C(=O)O		ClcR	Pseudomonas putida		LysR	RegTransBase	rcp_59d216edfe5897b617f3	cellular_proximal_not_direct_ligand	medium
edge_00212	C1=CC(=CC(=C1)Cl)C(=O)O	7778980e5ac87e0bb8e6c8cfea5ef5af	3-chlorobenzoate	C1=CC(=CC(=C1)Cl)C(=O)O		XylS3	Plasmid pWW53		AraC/XylS	RegTransBase	rcp_c9183112b44077121013	cellular_or_proximal_response_only	medium
edge_00213	C1=CC(=CC(=C1)Cl)C(=O)O	997e55a3a2bd4784bea428a9023accf1	3-chlorobenzoate	C1=CC(=CC(=C1)Cl)C(=O)O		TcbR	Pseudomonas sp. P51	M57629	LysR	RegTransBase	rcp_ac6465e6d8a2ba2fff0a	cellular_proximal_response	high
edge_00214	C1=CC(=CC(=C1)Cl)C(=O)O	e8b9a7cf73b430bac3688dfbe705d433	3-chlorobenzoate	C1=CC(=CC(=C1)Cl)C(=O)O		XylS1	Plasmid pWW53		AraC/XylS	RegTransBase	rcp_b3fee4f6b33d928bcc34	cellular_or_proximal_response_only	medium
edge_00215	C1=CC(=CC(=C1)Cl)C(=O)O	f9632f91e6d80ce1bb9fc39c94f65309	3-Chlorobenzoic acid	C1=CC(=CC(=C1)Cl)C(=O)O			Conidiobolus coronatus	Q9FCY4	MarR	GroovDB	rcp_fa5414781b3c1024fe7a	ligand_modulated_tf_dna_binding	high
edge_00216	C1=CC(=CC(=C1)Cl)NN=C(C#N)C#N	fb6e88c6713a37167434ab00fcd8dc48	Carbonyl cyanide m-chlorophenyl hydrazone	C1=CC(=CC(=C1)Cl)NN=C(C#N)C#N		VceR	Vibrio cholerae serotype O1 (strain ATCC 39315 / El Tor Inaba N16961)	Q9KS52	TetR	GroovDB	rcp_5762e163d18bd5da5cdf	ligand_modulated_tf_dna_binding	high
edge_00217	C1=CC(=CC(=C1)Cl)O	d71a5f0ba47b0a0edf233917ad3c036d	3-chlorophenol	C1=CC(=CC(=C1)Cl)O		DmpR	Plasmid pVI150		NtrC/XylR	RegTransBase	rcp_c6e954b13d08885ce045	cellular_tf_ligand_response	high
edge_00218	C1=CC(=CC(=C1)I)C(=O)[O-]	7778980e5ac87e0bb8e6c8cfea5ef5af	3-iodobenzoate	C1=CC(=CC(=C1)I)C(=O)[O-]		XylS3	Plasmid pWW53		AraC/XylS	RegTransBase	rcp_91f4ec1b393abfee443f	cellular_or_proximal_response_only	medium
edge_00219	C1=CC(=CC(=C1)NC(=O)NC2=CC=CC(=C2)C(=N)N)C(=N)N	506feb33435607c1483aefbbb4983a16	Amicarbalide	C1=CC(=CC(=C1)NC(=O)NC2=CC=CC(=C2)C(=N)N)C(=N)N		qacR	Staphylococcus aureus	P0A0N4	TetR	GroovDB	rcp_dec9bcbabba2e66828f9	ligand_modulated_tf_dna_binding	high
edge_00220	C1=CC(=CC(=C1)O)CCC(=O)O	62040962c3fe17fc1c7f7539ddf2f4d3	3-(3-Hydroxyphenyl)propanoic acid	C1=CC(=CC(=C1)O)CCC(=O)O			Escherichia coli (strain K12)	P77569	IclR	GroovDB;PRODORIC;Ligify2_benchmark	rcp_a53dceb9bf3684a3346d;rcp_d03475c69426213cb6c0	ligand_dependent_TF_DNA_modulation	high
edge_00221	C1=CC(=CC(=C1)O)CCC(=O)[O-]	62040962c3fe17fc1c7f7539ddf2f4d3	3-(3-hydroxyphenyl)propanoate	C1=CC(=CC(=C1)O)CCC(=O)[O-]		MhpR	Escherichia coli K-12		IclR	RegulonDB	rcp_8a444fa68e300cbd92c0	direct_ligand_binding_and_tf_activation	high
edge_00222	C1=CC(=CC(=C1)O)O	9103790fdf4641ab9ed9358d2311dc10	Resorcinol	C1=CC(=CC(=C1)O)O		RolR	Corynebacterium glutamicum (strain ATCC 13032 / DSM 20300 / BCRC 11384 / JCM 1318 / LMG 3730 / NCIMB 10025)	Q8NR95	TetR	GroovDB;Ligify2_benchmark	rcp_57ef9e8e72ec8a298c77	ligand_modulated_tf_dna_binding	high
edge_00223	C1=CC(=CC(=C1)[O-])C(=O)O	33f0d6ab60f41030462812b293488bb3	3-Hydroxybenzoate	C1=CC(=CC(=C1)[O-])C(=O)O		GenR	Comamonas testosteroni (strain CNB-2)	D0IZS0	MarR	GroovDB	rcp_e7e1f9a1796a3c1ae456	ligand_modulated_tf_dna_binding	high
edge_00224	C1=CC(=CC2=NC3=C(C=CC(=C3)N)C=C21)N	27e8f13d77a01af2c9129bf6c6703e9a	proflavin	C1=CC(=CC2=NC3=C(C=CC(=C3)N)C=C21)N		AcrR	Escherichia coli str. K-12 substr. MG1655	P0ACS9	TetR	manual_tetr_seed	rcp_3938eceb5ea1a6b83b19	direct_physical_binding	high
edge_00225	C1=CC(=CC2=NC3=C(C=CC(=C3)N)C=C21)N	506feb33435607c1483aefbbb4983a16	proflavine	C1=CC(=CC2=NC3=C(C=CC(=C3)N)C=C21)N		QacR	Staphylococcus aureus		TetR	RegTransBase	rcp_792a3eafab3cb2dd28e5	direct_in_vitro_dna_complex_modulation	high
edge_00226	C1=CC(=CC2=NC3=C(C=CC(=C3)N)C=C21)N	e86e5da6075a4bbfc5e5edec5737181f	Proflavine	C1=CC(=CC2=NC3=C(C=CC(=C3)N)C=C21)N		eilR	Enterobacter lignolyticus (strain SCF1)	E3G817	TetR	GroovDB	rcp_5cb3fbc8ec79da1f1f53	cellular_tf_ligand_response	high
edge_00227	C1=CC(=CC=C1/C=C/C(=O)O)O	4cf873e869300db146397fcfc316f1c1	p-Coumaric acid	C1=CC(=CC=C1/C=C/C(=O)O)O		CarR	Acetobacterium woodii (strain ATCC 29683 / DSM 1030 / JCM 2381 / KCTC 1655 / WB1)	H6LGM3	PadR	GroovDB	rcp_98e87b9dfd44ef6e4c4e	ligand_modulated_tf_dna_binding	high
edge_00228	C1=CC(=CC=C1/C=C/C2=CC(=CC(=C2)O)O)O	706ea653ec20b9b1cdd43aac78d1c31c	Resveratrol	C1=CC(=CC=C1/C=C/C2=CC(=CC(=C2)O)O)O		Saro_0803	Novosphingobium aromaticivorans (strain ATCC 700278 / DSM 12444 / CCUG 56034 / CIP 105152 / NBRC 16084 / F199)	Q2GA75	MarR	GroovDB	rcp_aa0ec70c186711bd3212	cellular_tf_ligand_response	high
edge_00229	C1=CC(=CC=C1C(=N)N)OCCCOC2=CC=C(C=C2)C(=N)N	506feb33435607c1483aefbbb4983a16	Propamidine	C1=CC(=CC=C1C(=N)N)OCCCOC2=CC=C(C=C2)C(=N)N		qacR	Staphylococcus aureus	P0A0N4	TetR	GroovDB	rcp_619d4477185d23a2e34d	ligand_modulated_tf_dna_binding	high
edge_00230	C1=CC(=CC=C1C(=O)O)O	2900b6a9b36a8201a9466a6f09269c55	4-Hydroxybenzoate	C1=CC(=CC=C1C(=O)O)O		hosA	Escherichia coli O127:H6 (strain E2348/69 / EPEC)	P69782	MarR	GroovDB	rcp_2465889cfa55b78ea90c;rcp_8ee75611fecdfd1047b6	direct_ligand_binding_plus_regulation	high
edge_00231	C1=CC(=CC=C1C(=O)O)O	3bab02b578cdc61473e5afd60d6b8a99	4-hydroxybenzoate	C1=CC(=CC=C1C(=O)O)O		HbaR	Rhodopseudomonas palustris		CRP/FNR	RegTransBase	rcp_c2a4e69c9d213f6001d7	proximal_cellular_response	high
edge_00232	C1=CC(=CC=C1C(=O)O)O	5dc429b5717736abbd44c40bf1cf317c	4-Hydroxybenzoate	C1=CC(=CC=C1C(=O)O)O		SCO3209	Streptomyces coelicolor (strain ATCC BAA-471 / A3(2) / M145)	Q9Z4X2	IclR	GroovDB	rcp_292da1a283eff66e3f5c	direct_ligand_binding	high
edge_00233	C1=CC(=CC=C1C(=O)O)O	ec3d822b62cf0c4398f20bc111373d53	4-hydroxybenzoate	C1=CC(=CC=C1C(=O)O)O		PobR	Xanthomonas campestris pv. campestris (strain ATCC 33913 / DSM 3586 / NCPPB 528 / LMG 568 / P 25)	Q8PDI3	AraC/XylS	GroovDB	rcp_272fbf777b1060e8a939	direct_ligand_binding	high
edge_00234	C1=CC(=CC=C1C(=O)O)[O-]	ec3d822b62cf0c4398f20bc111373d53	4-hydroxybenzoate	C1=CC(=CC=C1C(=O)O)[O-]		pobR	Xanthomonas campestris pv. campestris (strain ATCC 33913 / DSM 3586 / NCPPB 528 / LMG 568 / P 25)	Q8PDI3	AraC/XylS	GroovDB	rcp_2f6ae86722542c1a314d	ligand_modulated_tf_dna_binding	high
edge_00235	C1=CC(=CC=C1C(=O)[O-])C(=O)[O-]	6c73f217c3ac7b7ee55816ebb94150b3	Terephthalate	C1=CC(=CC=C1C(=O)[O-])C(=O)[O-]		tphR	Comamonas testosteroni	Q5D0X8	IclR	GroovDB;Ligify2_benchmark	rcp_5b36bd8fd6a0a96ac882	ligand_modulated_tf_dna_binding	high
edge_00236	C1=CC(=CC=C1C(=O)[O-])[N+](=O)[O-]	d903094136aa1d8e7c298f2acca4b2b2	4-Nitrobenzoate	C1=CC(=CC=C1C(=O)[O-])[N+](=O)[O-]			Nocardioides sp. (strain LMS-CY)	P0DXG5	TetR	GroovDB;Ligify2_benchmark	rcp_f16674d98099c15d6f7c	direct_cognate	high
edge_00237	C1=CC(=CC=C1C2=C(C(=O)C3=C(C=C(C=C3O2)O)O)O)O	1eefa48ccd3af3b811d7897b3b377942	kaempferol	C1=CC(=CC=C1C2=C(C(=O)C3=C(C=C(C=C3O2)O)O)O)O		NodD1	Rhizobium leguminosarum bv. phaseoli		LysR	RegTransBase	rcp_616b92757434fcec3922	cellular_tf_ligand_response	high
edge_00238	C1=CC(=CC=C1C2=C(C(=O)C3=C(C=C(C=C3O2)O)O)O)O	65286cb7c8215f289fd210bb395278d4	kaempferol	C1=CC(=CC=C1C2=C(C(=O)C3=C(C=C(C=C3O2)O)O)O)O		NodD2	Rhizobium leguminosarum bv. phaseoli		LysR	RegTransBase	rcp_66ec588f6e2efa6a4222	cellular_tf_ligand_response	high
edge_00239	C1=CC(=CC=C1C2=C(C(=O)C3=C(C=C(C=C3O2)O)O)O)O	6d5bc4e93aca428adc951d2a01b6c9c4	kaempferol	C1=CC(=CC=C1C2=C(C(=O)C3=C(C=C(C=C3O2)O)O)O)O		NodD3	Rhizobium leguminosarum bv. phaseoli		LysR	RegTransBase	rcp_0b5ef72e7a7ef2649797	cellular_tf_ligand_response	high
edge_00240	C1=CC(=CC=C1C2=C(C(=O)C3=C(C=C(C=C3O2)O)O)O)O	ebdb40cd5cac5f76be85b39316c47894	kaempherol	C1=CC(=CC=C1C2=C(C(=O)C3=C(C=C(C=C3O2)O)O)O)O		NodD2	Rhizobium sp. BR816		LysR	RegTransBase	rcp_73214825346c51b6ab74	cellular_tf_ligand_response	high
edge_00241	C1=CC(=CC=C1C2=C(C(=O)C3=C(O2)C=C(C=C3)O)O)O	dc9475fd23b2a1a448a8559f04c02975	3',4',7-trihydroxyflavone	C1=CC(=CC=C1C2=C(C(=O)C3=C(O2)C=C(C=C3)O)O)O		NodD2	Sinorhizobium meliloti		LysR	RegTransBase	rcp_4dbc468319ac9cb26121	cellular_or_proximal_response_only	medium
edge_00242	C1=CC(=CC=C1C2=C(C(=O)C3=C(O2)C=C(C=C3)O)O)O	de22dd68ad2a20975814057d3b412b56	3',4',7-trihydroxyflavone	C1=CC(=CC=C1C2=C(C(=O)C3=C(O2)C=C(C=C3)O)O)O		NodD1	Sinorhizobium meliloti		LysR	RegTransBase	rcp_86f0675f74066b4d8022	cellular_or_proximal_response_only	medium
edge_00243	C1=CC(=CC=C1C2=CC(=O)C3=C(O2)C=C(C=C3)O)O	dc9475fd23b2a1a448a8559f04c02975	4',7-dihydroxyflavone	C1=CC(=CC=C1C2=CC(=O)C3=C(O2)C=C(C=C3)O)O		NodD2	Sinorhizobium meliloti		LysR	RegTransBase	rcp_6a1266d2750f82d69205	cellular_or_proximal_response_only	medium
edge_00244	C1=CC(=CC=C1C2=CC(=O)C3=C(O2)C=C(C=C3)O)O	de22dd68ad2a20975814057d3b412b56	4',7-dihydroxyflavone	C1=CC(=CC=C1C2=CC(=O)C3=C(O2)C=C(C=C3)O)O		NodD1	Sinorhizobium meliloti		LysR	RegTransBase	rcp_44f509cc3bfde8e1d118	cellular_or_proximal_response_only	medium
edge_00245	C1=CC(=CC=C1C2=CC3=C(N2)C=C(C=C3)C(=N)N)C(=N)N	1d014875acbf6a6ca30bdc246134d9c3	DAPI	C1=CC(=CC=C1C2=CC3=C(N2)C=C(C=C3)C(=N)N)C(=N)N		mepR	Staphylococcus aureus	Q5Y812	MarR	GroovDB	rcp_c4939388ffde01ac0ddc	direct_physical_binding	high
edge_00246	C1=CC(=CC=C1C2=CC3=C(N2)C=C(C=C3)C(=N)N)C(=N)N	506feb33435607c1483aefbbb4983a16	4',6-Diamidino-2-phenylindole	C1=CC(=CC=C1C2=CC3=C(N2)C=C(C=C3)C(=N)N)C(=N)N			Staphylococcus aureus	P0A0N4	TetR	GroovDB	rcp_2c536df9efd42f22e446	dna_binding_modulation	medium
edge_00247	C1=CC(=CC=C1C2=CC=C(O2)C3=CC=C(C=C3)C(=N)N)C(=N)N	506feb33435607c1483aefbbb4983a16	DB75	C1=CC(=CC=C1C2=CC=C(O2)C3=CC=C(C=C3)C(=N)N)C(=N)N		QacR	Staphylococcus aureus	P0A0N4	TetR	manual_tetr_seed	rcp_cc3a493f03a85e2ae02f	direct_ligand_binding	medium
edge_00248	C1=CC(=CC=C1C2=COC3=CC(=CC(=C3C2=O)O)O)O	3d8ba3e9d65112249c95e52019e5bc49	Genistein	C1=CC(=CC=C1C2=COC3=CC(=CC(=C3C2=O)O)O)O		lmrA	Bacillus subtilis (strain 168)	O34619	TetR	GroovDB;Ligify2_benchmark	rcp_4e4b2b80931c177b06bc	ligand_modulated_tf_dna_binding	high
edge_00249	C1=CC(=CC=C1C2=COC3=CC(=CC(=C3C2=O)O)O)O	a1500955e1f419ecc05fc0cc2ab4a5d1	Genistein	C1=CC(=CC=C1C2=COC3=CC(=CC(=C3C2=O)O)O)O		BdtR	Bradyrhizobium diazoefficiens (strain JCM 10833 / BCRC 13528 / IAM 13628 / NBRC 14792 / USDA 110)	Q89EP9	TetR	GroovDB	rcp_6102973795c3ca618b82	ligand_modulated_tf_dna_binding	high
edge_00250	C1=CC(=CC=C1C2=COC3=CC(=CC(=C3C2=O)O)O)O	c83457c674d27655630573801468e382	Genistein	C1=CC(=CC=C1C2=COC3=CC(=CC(=C3C2=O)O)O)O		FrrA	Bradyrhizobium diazoefficiens (strain JCM 10833 / BCRC 13528 / IAM 13628 / NBRC 14792 / USDA 110)	Q89M71	TetR	GroovDB	rcp_741c4ad793049513f316	ligand_modulated_tf_dna_binding	high
edge_00251	C1=CC(=CC=C1CC(=O)O)O	28995a05778b7991174ba659d0c59eee	4-Hydroxyphenylacetic acid	C1=CC(=CC=C1CC(=O)O)O		NmNadR	Neisseria meningitidis serogroup B (strain ATCC BAA-335 / MC58)	Q7DD70	MarR	GroovDB	rcp_32694ea6ac03c92998ab	direct_ligand_binding	high
edge_00252	C1=CC(=CC=C1CCC(=O)C2=C(C=C(C=C2O)O)O)O	05974c9d02bd051c5aaf05641e13261a	Phloretin	C1=CC(=CC=C1CCC(=O)C2=C(C=C(C=C2O)O)O)O		PmeR	Pseudomonas syringae pv. tomato (strain ATCC BAA-871 / DC3000)	Q87X86	TetR	GroovDB	rcp_fbb31276e46e08ace1c0	ligand_modulated_tf_dna_binding	high
edge_00253	C1=CC(=CC=C1CCC(=O)C2=C(C=C(C=C2O)O)O)O	565138dd35eebdf76237e9c0b48f4152	Phloretin	C1=CC(=CC=C1CCC(=O)C2=C(C=C(C=C2O)O)O)O		ttgR	Pseudomonas putida (strain DOT-T1E)	Q9AIU0	TetR	GroovDB	rcp_205f68fdf593ec0c898d	direct_ligand_binding	high
edge_00254	C1=CC(=CC=C1CCO)O	7d2ae900d7f26d0eb7637a8a86d42a48	Tyrosol	C1=CC(=CC=C1CCO)O		cmeR	Campylobacter jejuni	Q7B8P6	TetR	GroovDB	rcp_a7b8f3fbc6644d737267	cellular_tf_ligand_response	high
edge_00255	C1=CC(=CC=C1CO)Cl	fbd2e3540d73868a25cd309b410b2bd7	p-chlorobenzyl alcohol	C1=CC(=CC=C1CO)Cl		XylR	TOL plasmid		NtrC/XylR	RegTransBase	rcp_27ccfe2a3680ce78d8d4	footprinting_dna_modulation	high
edge_00256	C1=CC(=CC=C1C[C@@H](C(=O)O)N)O	2d30e9c6a468d54a6af5c09e8e9ff6b1	Tyrosine	C1=CC(=CC=C1C[C@@H](C(=O)O)N)O		TyrR	Escherichia coli;K12 MG1655	P07604	NtrC/XylR	PRODORIC	rcp_f0a4f983dd291d53bdfc	ligand_modulated_tf_dna_binding	high
edge_00257	C1=CC(=CC=C1N/C(=N/C(=NCCCCCCN=C(/N=C(/NC2=CC=C(C=C2)Cl)\N)N)N)/N)Cl	506feb33435607c1483aefbbb4983a16	Chlorhexidine	C1=CC(=CC=C1N/C(=N/C(=NCCCCCCN=C(/N=C(/NC2=CC=C(C=C2)Cl)\N)N)N)/N)Cl		qacR	Staphylococcus aureus	P0A0N4	TetR	GroovDB	rcp_6e64b3e663c9b0fccef4	ligand_modulated_tf_dna_binding	high
edge_00258	C1=CC(=CC=C1NN=C(C#N)C#N)OC(F)(F)F	fb6e88c6713a37167434ab00fcd8dc48	Carbonyl cyanide p-trifluoromethoxyphenyl hydrazone	C1=CC(=CC=C1NN=C(C#N)C#N)OC(F)(F)F		VceR	Vibrio cholerae serotype O1 (strain ATCC 39315 / El Tor Inaba N16961)	Q9KS52	TetR	GroovDB	rcp_87cdc299f0f776e58d60	ligand_modulated_tf_dna_binding	high
edge_00259	C1=CC(=CC=C1O)Cl	d71a5f0ba47b0a0edf233917ad3c036d	4-chlorophenol	C1=CC(=CC=C1O)Cl		DmpR	Plasmid pVI150		NtrC/XylR	RegTransBase	rcp_90ffee4d6706496c0d69	cellular_tf_ligand_response	high
edge_00260	C1=CC(=CC=C1[C@H]([C@@H](CO)NC(=O)C(Cl)Cl)O)[N+](=O)[O-]	565138dd35eebdf76237e9c0b48f4152	chloramphenicol	C1=CC(=CC=C1[C@H]([C@@H](CO)NC(=O)C(Cl)Cl)O)[N+](=O)[O-]		TtgR	Pseudomonas putida DOT-T1E	Q9AIU0	TetR	RegTransBase;manual_tetr_seed	rcp_67bcb7189d7bba4e65f2;rcp_8d00ccf9ac9449a5f616	direct_binding_or_ligand_bound_structure	high
edge_00261	C1=CC(=CC=C1[C@H]([C@@H](CO)NC(=O)C(Cl)Cl)O)[N+](=O)[O-]	fb6e88c6713a37167434ab00fcd8dc48	Chloramphenicol	C1=CC(=CC=C1[C@H]([C@@H](CO)NC(=O)C(Cl)Cl)O)[N+](=O)[O-]		VceR	Vibrio cholerae serotype O1 (strain ATCC 39315 / El Tor Inaba N16961)	Q9KS52	TetR	GroovDB	rcp_ec077806fd6fd1674eac	ligand_modulated_tf_dna_binding	high
edge_00262	C1=CC(=CN=C1)C(=O)O	b6074a83b15968e8a1ab9bac9bf608b7	Nicotinic acid	C1=CC(=CN=C1)C(=O)O		niaR	Thermotoga maritima (strain ATCC 43589 / DSM 3109 / JCM 10099 / NBRC 100826 / MSB8)	Q9X1T8	Unknown	GroovDB	rcp_62723697621fee8820af	ligand_modulated_tf_dna_binding	high
edge_00263	C1=CC(=CN=C1)C(=O)O	cf1ac1423df53baa207595f5ca539e78	Niacin	C1=CC(=CN=C1)C(=O)O		JTY_2262	Mycobacterium tuberculosis (strain ATCC 25618 / H37Rv)	P9WMC5	TetR	GroovDB	rcp_83cbf622dce51a5d1c50	ligand_modulated_tf_dna_binding	high
edge_00264	C1=CC(=CN=C1)C(=O)O	fae62ea385f53f8563fddd6b88bfc8e5	Niacin	C1=CC(=CN=C1)C(=O)O		BhNiaR	Halalkalibacterium halodurans (strain ATCC BAA-125 / DSM 18197 / FERM 7344 / JCM 9153 / C-125)	Q9KDJ7	Unknown	GroovDB	rcp_ef9ec014ab594ec8196e	ligand_modulated_tf_dna_binding	high
edge_00265	C1=CC(=C[N+](=C1)[C@H]2[C@@H]([C@@H]([C@H](O2)COP(=O)(O)OP(=O)([O-])OC[C@@H]3[C@H]([C@H]([C@@H](O3)N4C=NC5=C(N=CN=C54)N)O)O)O)O)C(=O)N	79f2d641fc35a223bde10f005a05f411	NAD+	C1=CC(=C[N+](=C1)[C@H]2[C@@H]([C@@H]([C@H](O2)COP(=O)(O)OP(=O)([O-])OC[C@@H]3[C@H]([C@H]([C@@H](O3)N4C=NC5=C(N=CN=C54)N)O)O)O)O)C(=O)N		NdnR	Corynebacterium glutamicum (strain R)	A0AB72VA40	Unknown	GroovDB	rcp_8225ea0522b5e808f9a3	ligand_modulated_tf_dna_binding	high
edge_00266	C1=CC(=NC=C1O)C(=O)O	bde5dd01003cb0bee9f2c9ea8115fa39	5-Hydroxypicolinic acid	C1=CC(=NC=C1O)C(=O)O		HpaR	Alcaligenes faecalis	A0A0A2NIP2	TetR	GroovDB	rcp_6b2067fee8c5119578d4	ligand_modulated_tf_dna_binding	high
edge_00267	C1=CC(=O)NC=C1C(=O)CCC(=O)[O-]	0199fedbe2fbb583eb8d0d75c1e886ef	6-hydroxy-3-succinoyl-pyridine	C1=CC(=O)NC=C1C(=O)CCC(=O)[O-]			Pseudomonas putida (strain DSM 28022 / S16)	A0A0B4KIF6	TetR	GroovDB	rcp_cbc06dd72b77dd3abdbf	ligand_modulated_tf_dna_binding	high
edge_00268	C1=CC(=O)NC=C1O	c837f70c025d3538b4ea20efaa592b7d	2,5-Dihydroxypyridine	C1=CC(=O)NC=C1O		NdpR	Sphingomonas melonis TY	A0A142I9H0	TetR	GroovDB	rcp_7270e7078e7c9183b4dc	ligand_modulated_tf_dna_binding	high
edge_00269	C1=CC(=O)OC1CC(=O)OC(=O)O	274e67c5a1ff0653d52d9adb7ba107d2	gamma-carboxymuconolactone	C1=CC(=O)OC1CC(=O)OC(=O)O		PcaQ	Agrobacterium tumefaciens		LysR	RegTransBase	rcp_7b4ecb9f67946bfbc0d9	cellular_proximal_coinducer_response	medium
edge_00270	C1=CC2=C(C=C1O)C(=CN2)CC(=O)O	d193f6905753f1c78f731671041151ae	5-Hydroxyindole-3-Acetic acid	C1=CC2=C(C=C1O)C(=CN2)CC(=O)O		IadR	Variovorax paradoxus (strain S110)	C5CSP2	MarR	GroovDB	rcp_6f2f86fcff146e56c6ae	direct_ligand_binding	high
edge_00271	C1=CC2=C(C=C1O)OC3=C2C(=O)OC4=C3C=CC(=C4)O	565138dd35eebdf76237e9c0b48f4152	Coumestrol	C1=CC2=C(C=C1O)OC3=C2C(=O)OC4=C3C=CC(=C4)O		TtgR	Pseudomonas putida DOT-T1E		TetR	RegTransBase	rcp_c8f071a91ac18afc57f0	in_vitro_dna_binding_modulation	high
edge_00272	C1=CC=C(C(=C1)C(=O)O)N	68606451d2c61cc31249dbf6a09de070	Anthranilic acid	C1=CC=C(C(=C1)C(=O)O)N		RaaR	Ralstonia solanacearum (strain GMI1000)	Q8XRE2	LysR	GroovDB	rcp_32ca7f1df8d8a3260f39	ligand_modulated_tf_dna_binding	high
edge_00273	C1=CC=C(C(=C1)C(=O)O)O	d193f6905753f1c78f731671041151ae	Salicylic acid	C1=CC=C(C(=C1)C(=O)O)O		IadR	Variovorax paradoxus (strain S110)	C5CSP2	MarR	GroovDB	rcp_1a89c25516b9d9367e04	direct_physical_binding	high
edge_00274	C1=CC=C(C(=C1)C(=O)O)[O-]	34ded561ec6698344bffa193f5e47deb	salicylate	C1=CC=C(C(=C1)C(=O)O)[O-]		PhlF	Pseudomonas fluorescens CHA0	AF207529	TetR	RegTransBase	rcp_1cccb0cc8f6a92290b0b	cellular_response	medium
edge_00275	C1=CC=C(C(=C1)C(=O)O)[O-]	64bea006ef1b176c4639c5dd6c38a563	salicylate	C1=CC=C(C(=C1)C(=O)O)[O-]		MprA	Escherichia coli K-12		MarR	RegulonDB	rcp_63143ca16866820a92ae	direct_ligand_binding	medium
edge_00276	C1=CC=C(C(=C1)C(=O)O)[O-]	70f81efe2e633d3049babd7e342e9b08	Salicylate	C1=CC=C(C(=C1)C(=O)O)[O-]		Rv2887	Mycobacterium tuberculosis (strain ATCC 25618 / H37Rv)	P9WME9	MarR	GroovDB	rcp_84f88e9aeeb34577bae1	ligand_modulated_tf_dna_binding	high
edge_00277	C1=CC=C(C(=C1)C(=O)O)[O-]	7491b973920367d57bff7e055ae7b44a	salicylate	C1=CC=C(C(=C1)C(=O)O)[O-]		nahR	Plasmid NAH7		LysR	RegTransBase	rcp_9a238d61c5d959620960	proximal_cellular_response	medium
edge_00278	C1=CC=C(C(=C1)C(=O)O)[O-]	7d2ae900d7f26d0eb7637a8a86d42a48	Salicylate	C1=CC=C(C(=C1)C(=O)O)[O-]		cmeR	Campylobacter jejuni	Q7B8P6	TetR	GroovDB	rcp_9c3c75415847beac50aa	cellular_tf_ligand_response	high
edge_00279	C1=CC=C(C(=C1)C(=O)O)[O-]	cad395e3116df1c3d268532f0e9da79b	salicylate	C1=CC=C(C(=C1)C(=O)O)[O-]		MarR	Escherichia coli K-12		MarR	RegulonDB	rcp_d0f1d97a0762f304e364	direct_ligand_binding_and_dna_modulation	high
edge_00280	C1=CC=C(C(=C1)C(=O)[O-])C(=O)[O-]	6dcb122429d3c871c4098ced28752a0c	Phthalate	C1=CC=C(C(=C1)C(=O)[O-])C(=O)[O-]		ophR'	Rhodococcus sp. DK17	A4ZXZ2	IclR	GroovDB;Ligify2_benchmark	rcp_50d91b61a3434f189dca	ligand_modulated_tf_dna_binding	high
edge_00281	C1=CC=C(C(=C1)O)Cl	d71a5f0ba47b0a0edf233917ad3c036d	2-chlorophenol	C1=CC=C(C(=C1)O)Cl		DmpR	Plasmid pVI150		NtrC/XylR	RegTransBase	rcp_323509e8a37e2a2cfa52	cellular_tf_ligand_response	high
edge_00282	C1=CC=C(C(=C1)O)O	46855e252d1d27ea0be99dc990c5979b	Catechol	C1=CC=C(C(=C1)O)O		AcsR	Corynebacterium glutamicum (strain ATCC 13032 / DSM 20300 / JCM 1318 / BCRC 11384 / CCUG 27702 / LMG 3730 / NBRC 12168 / NCIMB 10025 / NRRL B-2784 / 534)	Q8NMQ5	MarR	GroovDB	rcp_1210a2ba63c4dff46d15	ligand_modulated_tf_dna_binding	high
edge_00283	C1=CC=C(C(=C1)O)O	d193f6905753f1c78f731671041151ae	Catachol	C1=CC=C(C(=C1)O)O		IadR	Variovorax paradoxus (strain S110)	C5CSP2	MarR	GroovDB	rcp_8874c433c5c2be674522	direct_physical_binding	high
edge_00284	C1=CC=C(C(=C1)[N+](=O)[O-])O	d71a5f0ba47b0a0edf233917ad3c036d	nitrophenol	C1=CC=C(C(=C1)[N+](=O)[O-])O		DmpR	Plasmid pVI150		NtrC/XylR	RegTransBase	rcp_f5fb8129ab203a9dfc70	cellular_reporter_effector_response	medium
edge_00285	C1=CC=C(C=C1)/C=C/C2=CC(=CC(=C2)O)O	706ea653ec20b9b1cdd43aac78d1c31c	Pinosylvin	C1=CC=C(C=C1)/C=C/C2=CC(=CC(=C2)O)O		Saro_0803	Novosphingobium aromaticivorans (strain ATCC 700278 / DSM 12444 / CCUG 56034 / CIP 105152 / NBRC 16084 / F199)	Q2GA75	MarR	GroovDB	rcp_81e068b08812b2b3d684	cellular_tf_ligand_response	high
edge_00286	C1=CC=C(C=C1)C(=O)O	d193f6905753f1c78f731671041151ae	Benzoic acid	C1=CC=C(C=C1)C(=O)O		IadR	Variovorax paradoxus (strain S110)	C5CSP2	MarR	GroovDB	rcp_25994f29707936c1d93c	direct_physical_binding	high
edge_00287	C1=CC=C(C=C1)C(=O)[O-]	6d3a50a15a34f501c0c0a2a14a7bf341	benzoate	C1=CC=C(C=C1)C(=O)[O-]		BenR	Pseudomonas putida		AraC/XylS	RegTransBase	rcp_5812ab61176e48196567;rcp_6a17368555592238edac	cellular_response	medium
edge_00288	C1=CC=C(C=C1)C(=O)[O-]	b146a40cae7d61009ca2a001971a3d27	benzoate	C1=CC=C(C=C1)C(=O)[O-]		BadR	Rhodopseudomonas palustris		MarR	RegTransBase	rcp_439c98fb1f09635f5f59	cellular_proximal_response	medium
edge_00289	C1=CC=C(C=C1)C(=O)[O-]	c8148763c294736f9131ce9ab41607d4	Benzoate	C1=CC=C(C=C1)C(=O)[O-]		benM	Acinetobacter baylyi (strain ATCC 33305 / BD413 / ADP1)	O68014	LysR	GroovDB;Ligify2_benchmark	rcp_8ddccb49d953a64ad93f	ligand_modulated_tf_dna_binding	high
edge_00290	C1=CC=C(C=C1)C(=O)[O-]	d34c92c109c7d573654f25487ec0a7a3	benzoate	C1=CC=C(C=C1)C(=O)[O-]		XylS	TOL plasmid		AraC/XylS	RegTransBase	rcp_218df91ff846f3a023ba;rcp_4f4dffff2ef2ac7d9166;rcp_64ee399ef1933b9fcfbd;rcp_775cdfe1de3ec0708b96;rcp_8f2d8dab47700da35748;rcp_c26188d1623ad864c810;rcp_c59c43938f7bbaed47ab	proximal_cellular_xyls_benzoate_induction	high
edge_00291	C1=CC=C(C=C1)C(=O)[O-]	e8b9a7cf73b430bac3688dfbe705d433	benzoate	C1=CC=C(C=C1)C(=O)[O-]		XylS1	Plasmid pWW53		AraC/XylS	RegTransBase	rcp_c92a54c70567e6c87dee	cellular_tf_ligand_response	high
edge_00292	C1=CC=C(C=C1)C(O)Cl	fbd2e3540d73868a25cd309b410b2bd7	chlorobenzyl alcohol	C1=CC=C(C=C1)C(O)Cl		XylR	Pseudomonas putida;pWW0		NtrC/XylR	RegTransBase	rcp_405a25eb5ae1da5c3552	proximal_transcriptional_response	medium
edge_00293	C1=CC=C(C=C1)C2=CC(=O)C3=C(O2)C=C(C=C3)O	2d23a9d0eabe55875c58261b6edad005	7-hydroxyflavone	C1=CC=C(C=C1)C2=CC(=O)C3=C(O2)C=C(C=C3)O		NodD	Plasmid pRL1JI		LysR	RegTransBase	rcp_28157a947073fc90cbce;rcp_90cb08f44d777ac78142	cellular_or_proximal_response_only	medium
edge_00294	C1=CC=C(C=C1)C2=CC(=O)C3=C(O2)C=C(C=C3)O	de22dd68ad2a20975814057d3b412b56	7-hydroxyflavone	C1=CC=C(C=C1)C2=CC(=O)C3=C(O2)C=C(C=C3)O		NodD	Megaplasmid pSym-a		LysR	RegTransBase	rcp_96697ef6096bd3892332	cellular_or_proximal_response_only	medium
edge_00295	C1=CC=C(C=C1)C2=NNC(=N2)C3=CC=C(C=C3)F	e937c04535573a9dbeacf5ab972b0e8d	BDM14744	C1=CC=C(C=C1)C2=NNC(=N2)C3=CC=C(C=C3)F		ethR	Mycobacterium tuberculosis (strain ATCC 25618 / H37Rv)	P9WMC1	TetR	GroovDB	rcp_dca486e6c873e4f2a631	direct_physical_binding	high
edge_00296	C1=CC=C(C=C1)CC(=O)O	d193f6905753f1c78f731671041151ae	Phenylacetic acid	C1=CC=C(C=C1)CC(=O)O		IadR	Variovorax paradoxus (strain S110)	C5CSP2	MarR	GroovDB	rcp_bbbe287043d43afbed4a	direct_physical_binding	high
edge_00297	C1=CC=C(C=C1)CCC(=O)[O-]	de66fefae2695402d2b9a57258e15605	3-phenylpropanoate	C1=CC=C(C=C1)CCC(=O)[O-]		HcaR	Escherichia coli K-12		LysR	RegulonDB	rcp_392e220374dc221ef16a	ligand_modulated_tf_dna_binding	high
edge_00298	C1=CC=C(C=C1)CO	fbd2e3540d73868a25cd309b410b2bd7	benzyl alcohol	C1=CC=C(C=C1)CO		XylR	Plasmid pWW53		NtrC/XylR	RegTransBase	rcp_203ac9e1baece3fc8439;rcp_4c292e25cf92506975f0;rcp_99cfff6a1131e02e3004	cellular_or_proximal_response_only	medium
edge_00299	C1=CC=C(C=C1)C[C@@H](C(=O)O)N	2d30e9c6a468d54a6af5c09e8e9ff6b1	Phenylanalnine	C1=CC=C(C=C1)C[C@@H](C(=O)O)N		TyrR	Escherichia coli;K12 MG1655	P07604	NtrC/XylR	PRODORIC	rcp_fc61ab2ab553976eb72b	direct_ligand_binding	high
edge_00300	C1=CC=C(C=C1)O	cb3da3a785085a564f37f469702e6526	phenol	C1=CC=C(C=C1)O		PhhR	Pseudomonas putida P35X		NtrC/XylR	RegTransBase	rcp_67597e2ab7f9ec633cdc	cellular_tf_ligand_response	high
edge_00301	C1=CC=C(C=C1)O	d71a5f0ba47b0a0edf233917ad3c036d	phenol	C1=CC=C(C=C1)O		dmpR	Pseudomonas sp. CF600	CAA48174	NtrC/XylR	RegTransBase	rcp_1f3ceb44ad12352f64bb;rcp_b632c376aaa0c69a0a51;rcp_c98afb23c92f2bcca53a;rcp_ec788f7c649662bb0d84	cellular_tf_ligand_response	high
edge_00302	C1=CC=C(C=C1)S(=O)(=O)[O-]	a5b252bfc3d0b31dc236b5878691cc8c	benzenesulphonate	C1=CC=C(C=C1)S(=O)(=O)[O-]		AsfR	Pseudomonas putida S-313		LysR	RegTransBase	rcp_fe06c82689dfed0fc12f	cellular_or_proximal_response_only	medium
edge_00303	C1=CC=C(C=C1)[As+](C2=CC=CC=C2)(C3=CC=CC=C3)C4=CC=CC=C4	506feb33435607c1483aefbbb4983a16	Tetraphenylarsonium	C1=CC=C(C=C1)[As+](C2=CC=CC=C2)(C3=CC=CC=C3)C4=CC=CC=C4		qacR	Staphylococcus aureus	P0A0N4	TetR	GroovDB	rcp_0ac02cdba82538f205e5	ligand_modulated_tf_dna_binding	high
edge_00304	C1=CC=C2C(=C1)C(=CC=C2)CC3=CC(N5C(=C3C4CC4)SCC5C(O)=O)=O	47351510103424e59337fdeef71184e0	C10	C1=CC=C2C(=C1)C(=CC=C2)CC3=CC(N5C(=C3C4CC4)SCC5C(O)=O)=O		Rv3160c	Mycobacterium tuberculosis (strain ATCC 25618 / H37Rv)	O53310	TetR	GroovDB	rcp_f6f358f2afd41fa4adc1	direct_ligand_interaction_and_dna_release_high_risk_organism	medium
edge_00305	C1=CC=C2C(=C1)C(=CN2)C(=O)O	d193f6905753f1c78f731671041151ae	Indole-3-Carboxylic acid	C1=CC=C2C(=C1)C(=CN2)C(=O)O		IadR	Variovorax paradoxus (strain S110)	C5CSP2	MarR	GroovDB	rcp_a75a7b9691d12d457f65	direct_ligand_binding	high
edge_00306	C1=CC=C2C(=C1)C(=CN2)CC(=O)O	7d2ae900d7f26d0eb7637a8a86d42a48	Indole-3-acetic acid	C1=CC=C2C(=C1)C(=CN2)CC(=O)O			Campylobacter jejuni	Q7B8P6	TetR	GroovDB	rcp_7bd4df3ca8a458850821	synthetic_cellular_response_recoverable_TF	low
edge_00307	C1=CC=C2C(=C1)C(=CN2)CC(=O)O	d193f6905753f1c78f731671041151ae	Indole-3-Acetic acid	C1=CC=C2C(=C1)C(=CN2)CC(=O)O		IadR	Variovorax paradoxus (strain S110)	C5CSP2	MarR	GroovDB	rcp_8e460b0906949104876c	direct_ligand_binding	high
edge_00308	C1=CC=C2C(=C1)C(=CN2)CCC(=O)O	d193f6905753f1c78f731671041151ae	Indole-3-propionic acid	C1=CC=C2C(=C1)C(=CN2)CCC(=O)O		IadR	Variovorax paradoxus (strain S110)	C5CSP2	MarR	GroovDB	rcp_25989d953d1aa3cff834	direct_ligand_binding	high
edge_00309	C1=CC=C2C(=C1)C(=CN2)CCCC(=O)O	d193f6905753f1c78f731671041151ae	Indole-3-Butyric acid	C1=CC=C2C(=C1)C(=CN2)CCCC(=O)O		IadR	Variovorax paradoxus (strain S110)	C5CSP2	MarR	GroovDB	rcp_47adde511dd958ab41d5	direct_ligand_binding	high
edge_00310	C1=CC=C2C(=C1)C(=CN2)CCO	7d2ae900d7f26d0eb7637a8a86d42a48	Tryptophol	C1=CC=C2C(=C1)C(=CN2)CCO		cmeR	Campylobacter jejuni	Q7B8P6	TetR	GroovDB	rcp_fb527b47f45a5b44fd55	cellular_tf_ligand_response	high
edge_00311	C1=CC=C2C(=C1)C(=CN2)[C@@H]([C@@H](COP(=O)(O)O)O)O	2d9e9a69d9e1ee4ef456a1c101c79eb2	Indoleglycerol phosphate	C1=CC=C2C(=C1)C(=CN2)[C@@H]([C@@H](COP(=O)(O)O)O)O		TrpI	Pseudomonas aeruginosa (strain ATCC 15692 / DSM 22644 / CIP 104116 / JCM 14847 / LMG 12228 / 1C / PRS 101 / PAO1)	P11720	LysR	RegTransBase;GroovDB;PRODORIC;Ligify2_benchmark	rcp_32fe81ceec8fa2341dca;rcp_3e9df057c66a4d66688b;rcp_46aaed3414d60303d0c0;rcp_84b9ec434075da3b8f6b;rcp_ac707a5f3a9411a4965e;rcp_cb16c1dc51028bc47892;rcp_e4348b56fc85f78fec94;rcp_e6642d29a4897c765d25	ligand_modulated_tf_dna_binding	high
edge_00312	C1=CC=C2C(=C1)C=CC(=C2O)N=NC3=C4C=CC(=CC4=C(C=C3O)S(=O)(=O)[O-])[N+](=O)[O-].[Na+]	8f4196da191608b11dd0dd3b2f4e22ea	Eriochrome black T	C1=CC=C2C(=C1)C=CC(=C2O)N=NC3=C4C=CC(=CC4=C(C=C3O)S(=O)(=O)[O-])[N+](=O)[O-].[Na+]		SCO4008	Streptomyces coelicolor (strain ATCC BAA-471 / A3(2) / M145)	Q9ADP7	TetR	GroovDB	rcp_1c6269a125e638989e8d	ligand_modulated_tf_dna_binding	high
edge_00313	C1=CC=C2C(=C1)C=CC=C2CC(=O)O	d193f6905753f1c78f731671041151ae	1-Naphthaleneacetic acid	C1=CC=C2C(=C1)C=CC=C2CC(=O)O		IadR	Variovorax paradoxus (strain S110)	C5CSP2	MarR	GroovDB	rcp_811b4ba254649178bf88	direct_ligand_binding	high
edge_00314	C1=CC=C2C(=C1)C=CC=C2O	565138dd35eebdf76237e9c0b48f4152	1-naphtol	C1=CC=C2C(=C1)C=CC=C2O		TtgR	Pseudomonas putida DOT-T1E		TetR	RegTransBase	rcp_1b37cd6968561a5b8d09	in_vitro_dna_binding_modulation	high
edge_00315	C1=CC=C2C(=C1)C=CC=C2O	676eab037c878bfed933ed17ce320e00	1-Naphthol	C1=CC=C2C(=C1)C=CC=C2O			Pseudomonas putida (strain DOT-T1E)	Q93PU6	IclR	GroovDB	rcp_c133403eaf55014fb4f8	ligand_modulated_tf_dna_binding	high
edge_00316	C1=CC=C2C(=C1)C=CC=N2	9be4db049abb6558c9bda526a3e2444a	Quinoline	C1=CC=C2C(=C1)C=CC=N2		OxoS	Pseudomonas putida 86		AraC/XylS	RegTransBase	rcp_b1ac779fb472d4a136c1	cellular_pathway_induction	low
edge_00317	C1=CC=C2C(=C1)C=CN2	32496ea0e675803cfa92f30984af8179	Indole	C1=CC=C2C(=C1)C=CN2		emhR	Pseudomonas fluorescens	C1KA83	TetR	GroovDB	rcp_4bb9faf902540c696139	ligand_modulated_tf_dna_binding	high
edge_00318	C1=CC=C2C(=C1)C=CN2	676eab037c878bfed933ed17ce320e00	Indole	C1=CC=C2C(=C1)C=CN2		ttgV	Pseudomonas putida (strain DOT-T1E)	Q93PU6	IclR	GroovDB	rcp_b4c95dc1ffb50e809537	ligand_modulated_tf_dna_binding	high
edge_00319	C1=CC=C2C(=C1)N=C3C=CC=C(C3=N2)C(=O)O	35f4ffa33a2bf5a1d756db0063cc379e	Phenazine-1-carboxylic acid	C1=CC=C2C(=C1)N=C3C=CC=C(C3=N2)C(=O)O		RhPcaR	Rhizorhabdus histidinilytica	A0A1T5GXU1	GntR	GroovDB	rcp_605e452994802572b472;rcp_b2cb377a4c0cfa88ddf1	ligand_modulated_tf_dna_binding	high
edge_00320	C1=CC=C2C(=C1)N=C3C=CC=C(C3=N2)C(=O)O	395c51cb61677d4d71404cdb78580b80	Phenazine-1-carboxylic acid	C1=CC=C2C(=C1)N=C3C=CC=C(C3=N2)C(=O)O		hutC	Pseudomonas aeruginosa (strain ATCC 15692 / DSM 22644 / CIP 104116 / JCM 14847 / LMG 12228 / 1C / PRS 101 / PAO1)	Q9HU78	GntR	GroovDB	rcp_758e90543a66f50b0260;rcp_b9bc0e580a1db72dae50	ligand_modulated_tf_dna_binding	high
edge_00321	C1=CC=NC(=C1)C2=CC=CC=N2	bc065e0b1cf7ff5683bfa06a591c9fc5	dipyridyl	C1=CC=NC(=C1)C2=CC=CC=N2		Rob	Escherichia coli;K12 MG1655	P0ACI0	AraC/XylS	PRODORIC	rcp_28808c4264556c525a2a	transcriptional_activation_not_direct_binding	medium
edge_00322	C1=CN(C(=O)N=C1N)[C@H]2[C@@H]([C@@H]([C@H](O2)CO)O)O	c829c282ec820dc3a5445a74e559a7d9	cytidine	C1=CN(C(=O)N=C1N)[C@H]2[C@@H]([C@@H]([C@H](O2)CO)O)O		CytR	Escherichia coli K-12		LacI/GalR	PRODORIC;RegulonDB	rcp_672b27664308fa4d9496;rcp_de867db4922928c2ec8d	direct_ligand_binding_allosteric_regulation	high
edge_00323	C1=CN(C=N1)CCC(=O)[O-]	6b4ed5ac602337882e9882a02b6c5d11	imidazole propionate	C1=CN(C=N1)CCC(=O)[O-]		HutC	Pseudomonas putida	M33922	GntR	RegTransBase	rcp_97f47b766f88206ed456	proximal_cellular_response	low
edge_00324	C1=CN=CC=C1C(=O)NN	703731838437a22018a315dbd47848e1	Isoniazid	C1=CN=CC=C1C(=O)NN		OxiR	Mycobacterium tuberculosis (strain ATCC 25618 / H37Rv)	O53612	TetR	GroovDB;Ligify2_benchmark	rcp_5728756a101cb03f905e	ligand_modulated_tf_dna_binding	high
edge_00325	C1=CN=CC=C1C(=O)NN	ec5d32bd86ce6715d928f2a335b20c29	Isoniazid	C1=CN=CC=C1C(=O)NN		InbR	Mycobacterium tuberculosis (strain ATCC 25618 / H37Rv)	L7N6A2	TetR	GroovDB	rcp_7b0da1ae26c23143f083	ligand_modulated_tf_dna_binding	high
edge_00326	C1=CNC(=O)NC1=O	eb9b9a05110a11a2cf9ed5fbe3e01cdb	Uracil	C1=CNC(=O)NC1=O		rutR	Escherichia coli (strain K12)	P0ACU2	TetR	GroovDB	rcp_36f501d5350048f855c0	ligand_modulated_tf_dna_binding	high
edge_00327	C1=NC(=C2C(=N1)N(C=N2)[C@@H]3[C@@H]([C@@H]([C@H](O3)COP(=O)(O)OS(=O)(=O)O)O)O)N	fef30d4c9e0272bdb7e00d090bbb769b	adenosine 5'-phosphosulfate	C1=NC(=C2C(=N1)N(C=N2)[C@@H]3[C@@H]([C@@H]([C@H](O3)COP(=O)(O)OS(=O)(=O)O)O)O)N		Cbl	Escherichia coli K-12		LysR	RegulonDB	rcp_536ba2014424bf7bba4a	in_vitro_tf_response	high
edge_00328	C1=NC(=C2C(=N1)N(C=N2)[C@H]3[C@@H]([C@@H]([C@H](O3)COP(=O)(O)OP(=O)(O)OC[C@@H]4[C@H]([C@H]([C@@H](O4)O)O)O)O)O)N	d3eca727231a6a5c1825a7737c094645	ADP-ribose	C1=NC(=C2C(=N1)N(C=N2)[C@H]3[C@@H]([C@@H]([C@H](O3)COP(=O)(O)OP(=O)(O)OC[C@@H]4[C@H]([C@H]([C@@H](O4)O)O)O)O)O)N		MsNrtR	Mycolicibacterium smegmatis (strain ATCC 700084 / mc(2)155)	A0QX74	Unknown	GroovDB	rcp_f4f906c38d7e6ed8b84c	ligand_modulated_tf_dna_binding	high
edge_00329	C1=NC(=C2C(=N1)N(C=N2)[C@H]3[C@@H]([C@@H]([C@H](O3)COP(=O)(O)OS(=O)(=O)O)O)O)N	24ab95281ff7c21f52271287e6f849aa	Adenosine 5′-phosphosulphate	C1=NC(=C2C(=N1)N(C=N2)[C@H]3[C@@H]([C@@H]([C@H](O3)COP(=O)(O)OS(=O)(=O)O)O)O)N		SsuR	Corynebacterium glutamicum (strain ATCC 13032 / DSM 20300 / JCM 1318 / BCRC 11384 / CCUG 27702 / LMG 3730 / NBRC 12168 / NCIMB 10025 / NRRL B-2784 / 534)	Q8NUC9	ROK	GroovDB	rcp_f646f25c58a5afeb848c	ligand_modulated_tf_dna_binding	high
edge_00330	C1=NC(=C2C(=N1)N(C=N2)[C@H]3[C@@H]([C@@H]([C@H](O3)COP(=O)(O)OS(=O)(=O)O)O)O)N	fef30d4c9e0272bdb7e00d090bbb769b	phosphosulphate	C1=NC(=C2C(=N1)N(C=N2)[C@H]3[C@@H]([C@@H]([C@H](O3)COP(=O)(O)OS(=O)(=O)O)O)O)N		Cbl	Escherichia coli;K12 MG1655	Q47083	LysR	PRODORIC	rcp_b9786367554fedbf2554	direct_in_vitro_transcription_modulation	high
edge_00331	C1=NC(=C2C(=N1)N(C=N2)[C@H]3[C@@H]([C@@H]([C@H](O3)CSCC[C@@H](C(=O)O)N)O)O)N	06203f9343fb400ec3ae5290492b9912	S-adenosylhomocysteine	C1=NC(=C2C(=N1)N(C=N2)[C@H]3[C@@H]([C@@H]([C@H](O3)CSCC[C@@H](C(=O)O)N)O)O)N		mcbR	Corynebacterium glutamicum	H7C662	TetR	GroovDB	rcp_223ddce8b250b63a3677	direct_physical_binding	high
edge_00332	C1=NC2=C(N1)C(=O)NC(=N2)N	8772cb040f2b5d7253f583d2f328de82	Guanine	C1=NC2=C(N1)C(=O)NC(=N2)N		purR	Escherichia coli (strain K12)	P0ACP7	LacI/GalR	GroovDB	rcp_4dd0ad173a0cefe41f27	ligand_modulated_tf_dna_binding	high
edge_00333	C1=NC2=C(N1)C(=O)NC(=O)N2	21e22c1a7cb93fb1e190cf078daf329d	Xanthine	C1=NC2=C(N1)C(=O)NC(=O)N2		VvPecS	Vibrio vulnificus (strain YJ016)	Q7ME65	MarR	GroovDB	rcp_921f4fa7f9dde01ceb54	ligand_modulated_tf_dna_binding	high
edge_00334	C1=NC2=C(N1)C(=O)NC(=O)N2	5af6a3118746fa391bf78318a1462877	xanthine	C1=NC2=C(N1)C(=O)NC(=O)N2		XdhR	Cupriavidus neocaledonicus	A0A375H536	LysR	Ligify2024_supplement	rcp_84aa4933aa953272f359	cellular_tf_ligand_response	high
edge_00335	C1=NC2=C(N1)C(=O)NC=N2	8772cb040f2b5d7253f583d2f328de82	hypoxanthine	C1=NC2=C(N1)C(=O)NC=N2		PurR	Escherichia coli K-12		LacI/GalR	GroovDB;RegulonDB	rcp_7933749696e6453f0947;rcp_be0fdd418c59d4f65c37	direct_corepressor_dna_binding	high
edge_00336	C1=NC2=C(N1C3C(C(C(O3)COP(=O)(O)OP(=O)(O)O)OP(=O)(O)OP(=O)(O)O)O)N=C(NC2=O)N	c1f65f3709f35c8b3405eb592fe006ea	ppGpp	C1=NC2=C(N1C3C(C(C(O3)COP(=O)(O)OP(=O)(O)O)OP(=O)(O)OP(=O)(O)O)O)N=C(NC2=O)N		XdhR	Streptomyces coelicolor (strain ATCC BAA-471 / A3(2) / M145)	Q9EWZ1	TetR	GroovDB	rcp_9e57e8e7e620de70f77d	ligand_modulated_tf_dna_binding	high
edge_00337	C1=NC2=C(N1[C@H]3[C@@H]([C@@H]([C@H](O3)CO)O)O)NC(=O)NC2=O	a349e53e7e641c59727a480c8e6f1826	xanthosine	C1=NC2=C(N1[C@H]3[C@@H]([C@@H]([C@H](O3)CO)O)O)NC(=O)NC2=O		XapR	Escherichia coli K-12		LysR	PRODORIC;RegulonDB	rcp_0f0e9f361fd4e23a93e2;rcp_368743fb5d48b3e66625	cellular_tf_ligand_response	medium
edge_00338	C1=NC2=C(N1[C@H]3[C@@H]([C@@H]([C@H](O3)COP(=O)(O)OP(=O)(O)OP(=O)(O)O)O)O)N=C(NC2=O)N	c1f65f3709f35c8b3405eb592fe006ea	GTP	C1=NC2=C(N1[C@H]3[C@@H]([C@@H]([C@H](O3)COP(=O)(O)OP(=O)(O)OP(=O)(O)O)O)O)N=C(NC2=O)N		XdhR	Streptomyces coelicolor (strain ATCC BAA-471 / A3(2) / M145)	Q9EWZ1	TetR	GroovDB	rcp_2b07ce460239e384e70c	ligand_modulated_tf_dna_binding	high
edge_00339	C1=NC2=C(N1[C@H]3[C@@H]([C@@H]([C@H](O3)COP(=O)(O)OP(=O)(O)OP(=O)(O)O)O)O)N=C(NC2=O)N	c79fef4f9009b810c0c44eb9c8d15bcd	GTP	C1=NC2=C(N1[C@H]3[C@@H]([C@@H]([C@H](O3)COP(=O)(O)OP(=O)(O)OP(=O)(O)O)O)O)N=C(NC2=O)N		CodY	Clostridioides difficile;630		CodY	PRODORIC	rcp_6a6ab28e59556861cd2e	ligand_enhanced_dna_binding	high
edge_00340	C1C(C(C(C(=O)O1)O)O)O	d59e665a3d710b06925d6bde1c8b91d6	glucono-lactone	C1C(C(C(C(=O)O1)O)O)O		GntR	Bacillus subtilis		GntR	RegTransBase	rcp_5273b435e02cdd151016;rcp_d22988815895f00fa197	direct_in_vitro_dna_binding_modulation	high
edge_00341	C1C(C(C(C(O1)O)OP(=O)(O)OC2C(OC(C2O)(CO)OC3C(C(C(C(O3)COP(=O)(O)O)O)O)O)O)O)O	ed4b57ebe9bbf30f4281dee9b3475e2b	agrocinopines	C1C(C(C(C(O1)O)OP(=O)(O)OC2C(OC(C2O)(CO)OC3C(C(C(C(O3)COP(=O)(O)O)O)O)O)O)O)O		AccR	Agrobacterium tumefaciens; pTi		DeoR	RegTransBase	rcp_9f9cd7fa9831a34b3415	proximal_opine_response	medium
edge_00342	C1C(O1)CBr	a049c5cbb07becd695230578af9845a9	Epibromohydrin	C1C(O1)CBr		cifR	Pseudomonas aeruginosa (strain ATCC 15692 / DSM 22644 / CIP 104116 / JCM 14847 / LMG 12228 / 1C / PRS 101 / PAO1)	Q9HZR6	TetR	GroovDB	rcp_b2f15fd4648202f1ac6e	ligand_modulated_tf_dna_binding	high
edge_00343	C1C(OC2=C(C1=O)C=CC(=C2)O)C3=CC=C(C=C3)O	dc9475fd23b2a1a448a8559f04c02975	4',7-dihydroxyflavanone	C1C(OC2=C(C1=O)C=CC(=C2)O)C3=CC=C(C=C3)O		NodD2	Sinorhizobium meliloti		LysR	RegTransBase	rcp_8077e421162a5bc8ae49	cellular_or_proximal_response_only	medium
edge_00344	C1C(OC2=C(C1=O)C=CC(=C2)O)C3=CC=C(C=C3)O	de22dd68ad2a20975814057d3b412b56	4',7-dihydroxyflavanone	C1C(OC2=C(C1=O)C=CC(=C2)O)C3=CC=C(C=C3)O		NodD1	Sinorhizobium meliloti		LysR	RegTransBase	rcp_205d00c2a33997cf7e58	cellular_or_proximal_response_only	medium
edge_00345	C1C(OC2=CC=CC=C2C1=O)C3=CC=CC=C3	89db38f5d27836a8aa2d7b3061fe21d3	flavanone	C1C(OC2=CC=CC=C2C1=O)C3=CC=CC=C3		NodD	Rhizobium leguminosarum;3D1K2	P04680	LysR	PRODORIC	rcp_1462d91efd12ad6c31c7	cellular_proximal	medium
edge_00346	C1C2C(C(C(O2)N3C=NC4=C(N=CN=C43)N)O)OP(=O)(OCC5C(C(C(O5)N6C=NC7=C(N=CN=C76)N)O)OP(=O)(O1)O)O	b400dc39150ffad0b9cf186add4c38e6	c-di-AMP	C1C2C(C(C(O2)N3C=NC4=C(N=CN=C43)N)O)OP(=O)(OCC5C(C(C(O5)N6C=NC7=C(N=CN=C76)N)O)OP(=O)(O1)O)O		DarR	Mycolicibacterium smegmatis	A0R352	TetR	manual_tetr_seed	rcp_ba537a54e780441ada23	direct_ligand_binding	high
edge_00347	C1C=CN(C=C1C(=O)N)[C@H]2[C@@H]([C@@H]([C@H](O2)COP(=O)(O)OP(=O)(O)OC[C@@H]3[C@H]([C@H]([C@@H](O3)N4C=NC5=C(N=CN=C54)N)O)O)O)O	37d0b6d0de038c7a6e3d0a072e67df91	NADH	C1C=CN(C=C1C(=O)N)[C@H]2[C@@H]([C@@H]([C@H](O2)COP(=O)(O)OP(=O)(O)OC[C@@H]3[C@H]([C@H]([C@@H](O3)N4C=NC5=C(N=CN=C54)N)O)O)O)O		Rex	Clostridium acetobutylicum;2291 W	A6LQ78	Unknown	PRODORIC	rcp_a5822847514c9c2f5aed	direct_redox_ligand_binding	high
edge_00348	C1C=CN(C=C1C(=O)N)[C@H]2[C@@H]([C@@H]([C@H](O2)COP(=O)(O)OP(=O)(O)OC[C@@H]3[C@H]([C@H]([C@@H](O3)N4C=NC5=C(N=CN=C54)N)O)O)O)O	79f2d641fc35a223bde10f005a05f411	NADH	C1C=CN(C=C1C(=O)N)[C@H]2[C@@H]([C@@H]([C@H](O2)COP(=O)(O)OP(=O)(O)OC[C@@H]3[C@H]([C@H]([C@@H](O3)N4C=NC5=C(N=CN=C54)N)O)O)O)O		NdnR	Corynebacterium glutamicum (strain R)	A0AB72VA40	Unknown	GroovDB	rcp_9cf5a26c094fc8507407	ligand_modulated_tf_dna_binding	high
edge_00349	C1CC(=O)N(C1C(=O)O)CC(C(C(C(CO)O)O)O)O	50ceda2a9ee123a7f6ea288fedb77348	agropinic acid	C1CC(=O)N(C1C(=O)O)CC(C(C(C(CO)O)O)O)O		MoaR	Agrobacterium tumefaciens; pTi15955		DeoR	RegTransBase	rcp_12b7b8dc4e132e93aa49	cellular_proximal_low	low
edge_00350	C1CC1C(=O)C2CC2	936bba5d2ce12a5aa16a51240affa10d	dicyclopropylketone	C1CC1C(=O)C2CC2		AlkS	Pseudomonas putida; OCT	AJ245436	LuxR	RegTransBase	rcp_0f3c7272feecdad199b6;rcp_6e91368c3d861329cb36;rcp_c91aea38046e472571f5;rcp_e6902c79c5991b0794e6	proximal_cellular_response	medium
edge_00351	C1CCC(C1)CNC(=O)N2CCCC2	e937c04535573a9dbeacf5ab972b0e8d	N-(cyclopentylmethyl)pyrrolidine-1-carboxamide	C1CCC(C1)CNC(=O)N2CCCC2			Mycobacterium tuberculosis (strain ATCC 25618 / H37Rv)	P9WMC1	TetR	GroovDB	rcp_552bca07bb29767a69c7	direct_ligand_binding	high
edge_00352	C1CN(CCC1C2=NC(=NO2)C3=CC=CS3)C(=O)CC#N	e937c04535573a9dbeacf5ab972b0e8d	BDM31343	C1CN(CCC1C2=NC(=NO2)C3=CC=CS3)C(=O)CC#N		EthR	Mycobacterium tuberculosis	P9WMC1	TetR	manual_tetr_seed	rcp_35396bbf9eb896a5dff5	direct_ligand_binding	high
edge_00353	C1C[C@H](NC1)C(=O)O	129b769f0dc6a67fc00668f635b6bbfd	proline	C1C[C@H](NC1)C(=O)O		putA	Pseudomonas putida KT2442		Unknown	RegTransBase	rcp_75617a13452a032b8266;rcp_d57a051813be29478336	cellular_proximal	medium
edge_00354	C1C[C@H](NC1)C(=O)O	702e8d7c8276c258a03073321c251e61	proline	C1C[C@H](NC1)C(=O)O		PutR	Rhodobacter capsulatus		Lrp/AsnC	RegTransBase	rcp_56fc044d6e494ba21975	proximal_cellular	medium
edge_00355	C1C[C@H](NC1)C(=O)O	7fb8755092b49f3938ef0f81c3f41ba5	proline	C1C[C@H](NC1)C(=O)O		PutR	Agrobacterium tumefaciens		Lrp/AsnC	RegTransBase	rcp_141e2f6e6c541fef900d;rcp_8939d5005f171f2861e9	direct_DNA_modulation	high
edge_00356	C1C[C@H](NC1)C(=O)O	884e2c3c155627527491df46cab43073	proline	C1C[C@H](NC1)C(=O)O		PutA	Sinorhizobium meliloti		Unknown	RegTransBase	rcp_ad235733e0fbdba5ba31	cellular_proximal_response	high
edge_00357	C1C[C@H](NC1)C(=O)O	9098f33bb7a1698ecd0f1b4487a6d4f6	Proline	C1C[C@H](NC1)C(=O)O		PutR	Pseudomonas aeruginosa PAO1		GntR	RegTransBase	rcp_f91ae6ee9f3f8fac4c04	cellular_proximal_regulation	medium
edge_00358	C1[C@@H]([C@@H]([C@H](C(O1)O)O)O)O	83ca0f6b434d115c2d3a74bfc12a9eda	L-Arabinose	C1[C@@H]([C@@H]([C@H](C(O1)O)O)O)O		araC	Escherichia coli (strain K12)	P0A9E0	AraC/XylS	GroovDB;PRODORIC;Ligify2_benchmark	rcp_697ac2092afed4746508;rcp_9ff63e89d04d95c0aaff;rcp_c7c0e7dbbcb98ff5f885	direct_ligand_binding_conformational_dna_control	high
edge_00359	C1[C@@H]([C@@H]([C@H](C(O1)O)O)O)O	875dd7414f6c9b7ce9b555da6270337d	Arabinose	C1[C@@H]([C@@H]([C@H](C(O1)O)O)O)O		MxyR	Mycobacterium tuberculosis (strain ATCC 25618 / H37Rv)	P9WMG3	HxlR	GroovDB	rcp_08359366a754fcc06cbd	ligand_modulated_tf_dna_binding	high
edge_00360	C1[C@@H]([C@@H]([C@H](C(O1)O)O)O)O	8fc07ece9dde7abde463f7d68391dcc0	L-arabinose	C1[C@@H]([C@@H]([C@H](C(O1)O)O)O)O		GbpR	Agrobacterium tumefaciens		LysR	RegTransBase	rcp_1a53c45496e053a9f478;rcp_c817ee7561622160bbc2	cellular_sugar_response_ambiguous	medium
edge_00361	C1[C@@H]([C@@H]([C@H](C(O1)O)O)O)O	f07d4f3f0080778a7d41505d784155bc	L-arabinose	C1[C@@H]([C@@H]([C@H](C(O1)O)O)O)O		AraR	Bacillus subtilis		GntR	RegTransBase;GroovDB;PRODORIC;Ligify2_benchmark	rcp_0270285a12e2be04d326;rcp_201138fb94532aaa1d86;rcp_742a8356f2fc1365e387;rcp_afccfa0f9e0084187a46;rcp_d3144736a72b7676f513;rcp_dab7426dd0587e5cddc5;rcp_ef03d92245efa6184a7c	direct_effector_binding	high
edge_00362	C1[C@@H]2CN(CN2C3=C(N1)N=C(NC3=O)N)C4=CC=C(C=C4)C(=O)NC(CCC(=O)O)C(=O)O	f15febc5d993f4120a98da94a6f03671	5,10-Methylenetetrahydrofolate	C1[C@@H]2CN(CN2C3=C(N1)N=C(NC3=O)N)C4=CC=C(C=C4)C(=O)NC(CCC(=O)O)C(=O)O		Atu1419	Agrobacterium fabrum (strain C58 / ATCC 33970)	A9CJ36	GntR	GroovDB	rcp_cc6dbeed396e74f014e2	ligand_modulated_tf_dna_binding	high
edge_00363	C1[C@@H]2[C@H]([C@H]([C@@H](O2)N3C=NC4=C(N=CN=C43)N)O)OP(=O)(O1)O	9a58754a5c561c0784b75360a962f090	cAMP	C1[C@@H]2[C@H]([C@H]([C@@H](O2)N3C=NC4=C(N=CN=C43)N)O)OP(=O)(O1)O		CAP	Escherichia coli		CRP/FNR	RegTransBase	rcp_30fa73a36f129ad927a8;rcp_fc8ac22cacd38dd04d90	direct_ligand_binding	high
edge_00364	C1[C@@H]2[C@H]([C@H]([C@@H](O2)N3C=NC4=C(N=CN=C43)N)O)OP(=O)(O1)O	d913cf1a8f4296daab521d724340c0d0	cAMP	C1[C@@H]2[C@H]([C@H]([C@@H](O2)N3C=NC4=C(N=CN=C43)N)O)OP(=O)(O1)O		Vfr	Pseudomonas aeruginosa;PAO1	P55222	CRP/FNR	PRODORIC	rcp_fd92bbb6c332d104c0e4	direct_ligand_binding	high
edge_00365	C1[C@@H]2[C@H]([C@H]([C@@H](O2)N3C=NC4=C(N=CN=C43)N)O)OP(=O)(OC[C@@H]5[C@H]([C@H]([C@@H](O5)N6C=NC7=C(N=CN=C76)N)O)OP(=O)(O1)O)O	4e1ccb72005313492c8aa8aec3ed2185	Cyclic di-AMP	C1[C@@H]2[C@H]([C@H]([C@@H](O2)N3C=NC4=C(N=CN=C43)N)O)OP(=O)(OC[C@@H]5[C@H]([C@H]([C@@H](O5)N6C=NC7=C(N=CN=C76)N)O)OP(=O)(O1)O)O			Streptococcus agalactiae	K0JNC6	GntR	GroovDB	rcp_2356d4aabf2b930c8153	ligand_modulated_tf_dna_binding	high
edge_00366	C1[C@@H]2[C@H]([C@H]([C@@H](O2)N3C=NC4=C(N=CN=C43)N)O)OP(=O)(OC[C@@H]5[C@H]([C@H]([C@@H](O5)N6C=NC7=C(N=CN=C76)N)O)OP(=O)(O1)O)O	b400dc39150ffad0b9cf186add4c38e6	Cyclic di-AMP	C1[C@@H]2[C@H]([C@H]([C@@H](O2)N3C=NC4=C(N=CN=C43)N)O)OP(=O)(OC[C@@H]5[C@H]([C@H]([C@@H](O5)N6C=NC7=C(N=CN=C76)N)O)OP(=O)(O1)O)O		DarR	Mycolicibacterium smegmatis (strain ATCC 700084 / mc(2)155)	A0R352	TetR	GroovDB	rcp_8109260c852d793fb7c7	ligand_modulated_tf_dna_binding	high
edge_00367	C1[C@@H]2[C@H]([C@H]([C@@H](O2)N3C=NC4=C(N=CN=C43)N)O)OP(=O)(OC[C@@H]5[C@H]([C@H]([C@@H](O5)N6C=NC7=C(N=CN=C76)N)O)OP(=O)(O1)O)O	c3fdfbe4fdc14cf6ada926bbb5b37079	Cyclic di-AMP	C1[C@@H]2[C@H]([C@H]([C@@H](O2)N3C=NC4=C(N=CN=C43)N)O)OP(=O)(OC[C@@H]5[C@H]([C@H]([C@@H](O5)N6C=NC7=C(N=CN=C76)N)O)OP(=O)(O1)O)O		DasR	Mycobacterium tuberculosis (strain ATCC 25177 / H37Ra)	A5U0I1	GntR	GroovDB	rcp_a66f76cdf54490aa11c6	ligand_modulated_tf_dna_binding	high
edge_00368	C1[C@H](OC2=CC(=CC(=C2C1=O)O)O)C3=CC(=C(C=C3)O)O	1eefa48ccd3af3b811d7897b3b377942	eriodictyol	C1[C@H](OC2=CC(=CC(=C2C1=O)O)O)C3=CC(=C(C=C3)O)O		NodD1	Rhizobium leguminosarum bv. phaseoli		LysR	RegTransBase	rcp_0eeafc772119ce46ac64	cellular_tf_ligand_response	high
edge_00369	C1[C@H](OC2=CC(=CC(=C2C1=O)O)O)C3=CC(=C(C=C3)O)O	65286cb7c8215f289fd210bb395278d4	eriodictyol	C1[C@H](OC2=CC(=CC(=C2C1=O)O)O)C3=CC(=C(C=C3)O)O		NodD2	Rhizobium leguminosarum bv. phaseoli		LysR	RegTransBase	rcp_3b32760d8b4bb7434ab4	cellular_tf_ligand_response	high
edge_00370	C1[C@H](OC2=CC(=CC(=C2C1=O)O)O)C3=CC(=C(C=C3)O)O	6d5bc4e93aca428adc951d2a01b6c9c4	eriodictyol	C1[C@H](OC2=CC(=CC(=C2C1=O)O)O)C3=CC(=C(C=C3)O)O		NodD3	Rhizobium sp. BR816		LysR	RegTransBase	rcp_700495ec0911a365455d;rcp_e7c0f88717b124fc3e64	cellular_tf_ligand_response	high
edge_00371	C1[C@H](OC2=CC(=CC(=C2C1=O)O)O)C3=CC(=C(C=C3)O)O	89db38f5d27836a8aa2d7b3061fe21d3	eriodictyol	C1[C@H](OC2=CC(=CC(=C2C1=O)O)O)C3=CC(=C(C=C3)O)O		NodD	Plasmid pRL1JI		LysR	RegTransBase	rcp_17801f444531626c7d7d;rcp_75080bfd2806cb30ffcc	cellular_or_proximal_response_only	medium
edge_00372	C1[C@H](OC2=CC(=CC(=C2C1=O)O)O)C3=CC(=C(C=C3)O)O	b5067d80fc68300b0cfb7b531b558d42	eriodictyol	C1[C@H](OC2=CC(=CC(=C2C1=O)O)O)C3=CC(=C(C=C3)O)O		NodD1	Rhizobium sp. BR816		LysR	RegTransBase	rcp_8a11d0793f44c80f2f60	cellular_tf_ligand_response	high
edge_00373	C1[C@H](OC2=CC(=CC(=C2C1=O)O)O)C3=CC(=C(C=C3)O)O	de22dd68ad2a20975814057d3b412b56	eriodictyol	C1[C@H](OC2=CC(=CC(=C2C1=O)O)O)C3=CC(=C(C=C3)O)O		NodD	Megaplasmid pSym-a		LysR	RegTransBase	rcp_384d7bcb4dae778559dc	cellular_or_proximal_response_only	medium
edge_00374	C1[C@H](OC2=CC(=CC(=C2C1=O)O)O)C3=CC(=C(C=C3)O)O	ebdb40cd5cac5f76be85b39316c47894	eriodictyol	C1[C@H](OC2=CC(=CC(=C2C1=O)O)O)C3=CC(=C(C=C3)O)O		NodD2	Rhizobium sp. BR816		LysR	RegTransBase	rcp_70c3fd8f2701dc11d109	cellular_tf_ligand_response	high
edge_00375	C1[C@H](OC2=CC(=CC(=C2C1=O)O)O)C3=CC=C(C=C3)O	05974c9d02bd051c5aaf05641e13261a	Naringenin	C1[C@H](OC2=CC(=CC(=C2C1=O)O)O)C3=CC=C(C=C3)O		PmeR	Pseudomonas syringae pv. tomato (strain ATCC BAA-871 / DC3000)	Q87X86	TetR	GroovDB	rcp_0a7b0d4cd4ca983c51c3	ligand_modulated_tf_dna_binding	high
edge_00376	C1[C@H](OC2=CC(=CC(=C2C1=O)O)O)C3=CC=C(C=C3)O	565138dd35eebdf76237e9c0b48f4152	Naringenin	C1[C@H](OC2=CC(=CC(=C2C1=O)O)O)C3=CC=C(C=C3)O		ttgR	Pseudomonas putida (strain DOT-T1E)	Q9AIU0	TetR	GroovDB	rcp_86449594afc2f0552efb	direct_ligand_binding	high
edge_00377	C1[C@H](OC2=CC(=CC(=C2C1=O)O)O)C3=CC=C(C=C3)O	758161bcd490116f7e0134d119bdf6c4	naringenin	C1[C@H](OC2=CC(=CC(=C2C1=O)O)O)C3=CC=C(C=C3)O		FdeR	Herbaspirillum seropedicae (strain SmR1)	D8J0W4	LysR	Ligify2024_supplement	rcp_a17ce3dad79f43045553	cellular_biosensor_validation	medium
edge_00378	C1[C@H]([C@@H]([C@H](C(O1)O)O)O)O	00a82d6c6e0d7f1ab456ff684a37cabf	D-xylose	C1[C@H]([C@@H]([C@H](C(O1)O)O)O)O		xylR	Escherichia coli (strain K12)	P0ACI3	AraC/XylS	GroovDB;Ligify2_benchmark	rcp_1d3c765aa9f47488b623;rcp_3b841cb532b028bd1eeb	direct_ligand_binding	high
edge_00379	C1[C@H]([C@@H]([C@H](C(O1)O)O)O)O	118c15447cdf32c3d20c7708eae08b8b	D-xylose	C1[C@H]([C@@H]([C@H](C(O1)O)O)O)O		TM0110	Thermotoga maritima (strain ATCC 43589 / DSM 3109 / JCM 10099 / NBRC 100826 / MSB8)	R4NZK7	ROK	GroovDB;Ligify2_benchmark	rcp_65669104a3778592b902;rcp_6677d8b7947b5e3bb523	dna_binding_modulation_by_ligand	high
edge_00380	C1[C@H]([C@@H]([C@H](C(O1)O)O)O)O	35aa67a5c3b306ce1b907b6ee7301b89	xylose	C1[C@H]([C@@H]([C@H](C(O1)O)O)O)O		XylR	Lactobacillus pentosus		ROK	RegTransBase	rcp_6382e5f20aeb044c5948;rcp_8fb8c2580fd458863da0	proximal_cellular_response	medium
edge_00381	C1[C@H]([C@@H]([C@H](C(O1)O)O)O)O	498b98f640ba8c76d12e0155a79c0d44	Xylose	C1[C@H]([C@@H]([C@H](C(O1)O)O)O)O		XylR	Bacillus licheniformis;Gibson 46		ROK	PRODORIC	rcp_75ea3b9c0aef457e9a63	operator_binding_with_cognate_inducer	high
edge_00382	C1[C@H]([C@@H]([C@H](C(O1)O)O)O)O	93ab9e1f3f3661afec99264baf8caf3f	xylose	C1[C@H]([C@@H]([C@H](C(O1)O)O)O)O		XylR	Bacillus subtilis		ROK	RegTransBase	rcp_79c0508bd7155b9b0b97;rcp_81c07a8af1a71339d865	inferred_direct_tf_ligand_modulation	high
edge_00383	C1[C@H]([C@@H]([C@H](C(O1)O)O)O)O	a613da2483180d0a9b367640dfebb6ca	xylose	C1[C@H]([C@@H]([C@H](C(O1)O)O)O)O		XylR	Bacillus licheniformis		ROK	RegTransBase	rcp_fb789243b74e764d996a	xylose_responsive_repressor_context	medium
edge_00384	C1[C@H]([C@@H]([C@H](C(O1)O)O)O)O	ac4aa0bbf3b67991f63545b0134635dd	xylose	C1[C@H]([C@@H]([C@H](C(O1)O)O)O)O		UxuR	Geobacillus stearothermophilus		GntR	RegTransBase	rcp_54803172dbbfd843fdef	in_vitro_dna_binding_modulation_partial	medium
edge_00385	C1[C@H]([C@@H]([C@H](C(O1)O)O)O)O	b0279e6a20e9982d955ee96deb30527a	xylose	C1[C@H]([C@@H]([C@H](C(O1)O)O)O)O		XylR	Bacillus megaterium		ROK	RegTransBase	rcp_5c63f8b072f211664665;rcp_61790856e577b71ab3d1;rcp_c058d7036b044b3a2d81;rcp_e09307a264e94ceb2988;rcp_f085f82a76d971674c4b	direct_or_near_direct_effector	medium
edge_00386	C1[C@H]([C@@H]([C@H]([C@@H](O1)O[C@H](CO)[C@@H]([C@H](C=O)O)O)O)O)O	ac4aa0bbf3b67991f63545b0134635dd	xylobiose	C1[C@H]([C@@H]([C@H]([C@@H](O1)O[C@H](CO)[C@@H]([C@H](C=O)O)O)O)O)O		UxuR	Geobacillus stearothermophilus		GntR	RegTransBase	rcp_90c69f17f031f1bd7eb5	direct_dna_binding_modulation_nonbest_effector	medium
edge_00387	C1[C@H]([C@@H]([C@H]([C@@H]([C@H]1N)O[C@@H]2[C@@H]([C@H]([C@@H]([C@H](O2)CN)O)O)O)O)O[C@@H]3[C@@H]([C@H]([C@@H]([C@H](O3)CO)O)N)O)N	bd2c0c3b229e8225d739a3a5570c8f77	Kanamycin	C1[C@H]([C@@H]([C@H]([C@@H]([C@H]1N)O[C@@H]2[C@@H]([C@H]([C@@H]([C@H](O2)CN)O)O)O)O)O[C@@H]3[C@@H]([C@H]([C@@H]([C@H](O3)CO)O)N)O)N		EcmrR	Escherichia coli O157:H7	A0A8I3B050	MerR	GroovDB	rcp_a2e0c14298c1519118fc	cellular_tf_ligand_response	high
edge_00388	C1[C@H]([C@@H]([C@H]([C@H](O1)O)O)O)O	00a82d6c6e0d7f1ab456ff684a37cabf	alpha-D-xylopyranose	C1[C@H]([C@@H]([C@H]([C@H](O1)O)O)O)O		XylR	Escherichia coli K-12		AraC/XylS	RegulonDB	rcp_014940dbc86ab80fea1d	direct_ligand_binding	high
edge_00389	C1[C@H]([C@H]([C@H](C(O1)(CO)O)O)O)O	471e7e12bd0d94b45bf7712702e8b708	D-Psicose	C1[C@H]([C@H]([C@H](C(O1)(CO)O)O)O)O		PsiR	Agrobacterium fabrum (strain C58 / ATCC 33970)	A9CH24	LacI/GalR	GroovDB;Ligify2_benchmark	rcp_8daf20658eda16ba48eb;rcp_ce4d7be0ded3c9ce17a8	synthetic_cellular_biosensor	medium
edge_00390	C1[C@H]([C@H]([C@H](C(O1)O)O)O)O	4558794d532eb131fc4f97dd125c2fb4	ribose	C1[C@H]([C@H]([C@H](C(O1)O)O)O)O		RbsR	Lactobacillus sakei		LacI/GalR	RegTransBase	rcp_5a88ce4922140ebe1051	cellular_genetic_response	medium
edge_00391	C1[C@H]2[C@@H]([C@@H](S1)CCCCC(=O)OP(=O)([O-])OC[C@@H]3[C@H]([C@H]([C@@H](O3)N4C=NC5=C(N=CN=C54)N)O)O)NC(=O)N2	6377acf0c94f2e3fccfb248537a1ca53	biotinyl-5'-adenylate	C1[C@H]2[C@@H]([C@@H](S1)CCCCC(=O)OP(=O)([O-])OC[C@@H]3[C@H]([C@H]([C@@H](O3)N4C=NC5=C(N=CN=C54)N)O)O)NC(=O)N2		BirA	Escherichia coli K-12		Unknown	RegulonDB	rcp_863171af77f001e95d57	direct_corepressor_ligand_response	high
edge_00392	C=C(CC(=O)O)C(=O)O	bb1cef1879f11122fc5c7b7b2a865563	Itaconic acid	C=C(CC(=O)O)C(=O)O		RipR	Salmonella typhimurium (strain LT2 / SGSC1412 / ATCC 700720)	H9L457	LysR	GroovDB	rcp_5c590878faacd793236f	cellular_synthetic_regulation	medium
edge_00393	C=CC(=O)[O-]	e38967547f0b7f76c104d21489da98fa	Acrylate	C=CC(=O)[O-]		acuR	Cereibacter sphaeroides (strain ATCC 17023 / DSM 158 / JCM 6121 / CCUG 31486 / LMG 2827 / NBRC 12203 / NCIMB 8253 / ATH 2.4.1.)	Q3J6K8	TetR	GroovDB	rcp_5f6ee2e03aeef031e6a5	cellular_tf_ligand_response	high
edge_00394	C=O	42aa88b8937af3dbc7154b9a93528a6f	Formaldehyde	C=O		frmR	Escherichia coli (strain K12)	P0AAP3	ArsR/SmtB	GroovDB;RegulonDB	rcp_0b6a07f3c7ffcc3bf094;rcp_576a11f57c4f4e27afee	direct_physical_binding	high
edge_00395	C=O	f19666584a8be65a74d3dd898234e769	formaldehyde	C=O		hxlR	Bacillus subtilis (strain 168)	P42406	HxlR	GroovDB	rcp_f62ab61a232db592eec8	cellular_tf_ligand_response	high
edge_00396	CC(=C)CCOP(=O)(O)OP(=O)(O)O	421e369511aa386e5088317f1187d080	Isopentenyl pyrophosphate	CC(=C)CCOP(=O)(O)OP(=O)(O)O		CrtR	Corynebacterium glutamicum (strain ATCC 13032 / DSM 20300 / BCRC 11384 / JCM 1318 / LMG 3730 / NCIMB 10025)	Q8NSP1	MarR	GroovDB;Ligify2_benchmark	rcp_11b1693da2f5182e48b9	ligand_modulated_tf_dna_binding	high
edge_00397	CC(=CCC/C(=C/CC/C(=C/CC/C(=C/COP(=O)(O)OP(=O)(O)O)/C)/C)/C)C	421e369511aa386e5088317f1187d080	GGPP	CC(=CCC/C(=C/CC/C(=C/CC/C(=C/COP(=O)(O)OP(=O)(O)O)/C)/C)/C)C		CrtR	Corynebacterium glutamicum (strain ATCC 13032 / DSM 20300 / BCRC 11384 / JCM 1318 / LMG 3730 / NCIMB 10025)	Q8NSP1	MarR	GroovDB;Ligify2_benchmark	rcp_91dd1b66730430feff13	ligand_modulated_tf_dna_binding	high
edge_00398	CC(=CCC/C(=C/CO)/C)C	02953687e8d0addea914d1380911f850	Geraniol	CC(=CCC/C(=C/CO)/C)C		SMC09139	Nitratiruptor tergarcus DSM 16512	A0A1W1WSF7	TetR	GroovDB	rcp_48f72cf09e32c26fe01a	cellular_tf_ligand_response	high
edge_00399	CC(=O)C(=O)O	46a9878e5f5f0a1f25c26a908baa14ab	Pyruvat	CC(=O)C(=O)O		PdhR	Escherichia coli;K12 MG1655	P0ACL9	GntR	PRODORIC	rcp_1a43d171717812c1158a	direct_ligand_releases_DNA_binding	high
edge_00400	CC(=O)C(=O)[C@H](COP(=O)(O)O)O	3c73933c9d6e747ef6c5b84b70ff8e1b	(2S)-2-hydroxy-3,4-dioxopentyl phosphate	CC(=O)C(=O)[C@H](COP(=O)(O)O)O		LsrR	Escherichia coli K-12		Unknown	RegulonDB	rcp_61bfd9021cbc3db1657b	ligand_modulated_tf_dna_binding	high
edge_00401	CC(=O)C(=O)[O-]	1717022bae5763ebfa317e2ebce04a07	pyruvate	CC(=O)C(=O)[O-]		IclR	Escherichia coli K-12		IclR	RegulonDB	rcp_5001f9175712afc99aad	direct_ligand_binding	high
edge_00402	CC(=O)C(=O)[O-]	46a9878e5f5f0a1f25c26a908baa14ab	Pyruvate	CC(=O)C(=O)[O-]		pdhR	Escherichia coli (strain K12)	P0ACL9	GntR	GroovDB;RegulonDB;Ligify2_benchmark	rcp_52f1244330b66bc96b2e;rcp_f0b13831e40382901e4f	ligand_modulated_tf_dna_binding	high
edge_00403	CC(=O)C1=C(C(=C(C=C1O)O)C(=O)C)O	a3ebecb39311c67c977e8f29af14fd60	2,4-DAPG	CC(=O)C1=C(C(=C(C=C1O)O)C(=O)C)O			Pseudomonas fluorescens (strain ATCC BAA-477 / NRRL B-23932 / Pf-5)	Q4K424	TetR	GroovDB	rcp_6dc6ab80a3fd913e0456	ligand_modulated_tf_dna_binding	high
edge_00404	CC(=O)C1=C(C(=C(C=C1O)O)C(=O)C)O	ffbb2d4b803cf31b024971047bb5c441	2,4-DAPG	CC(=O)C1=C(C(=C(C=C1O)O)C(=O)C)O			Pseudomonas fluorescens	Q4JIX3	TetR	GroovDB	rcp_c01dc903d70bdbbc70e7	ligand_modulated_tf_dna_binding	high
edge_00405	CC(=O)C1=C(C=C(C=C1O)O)O	a3ebecb39311c67c977e8f29af14fd60	MAPG	CC(=O)C1=C(C=C(C=C1O)O)O		phlH	Pseudomonas fluorescens (strain ATCC BAA-477 / NRRL B-23932 / Pf-5)	Q4K424	TetR	GroovDB;Ligify2_benchmark	rcp_1e0283da6bf47d43968c	ligand_modulated_tf_dna_binding	high
edge_00406	CC(=O)C1CCC2C1(CCC3C2CCC4=CC(=O)CCC34C)C	96dfd42f15b450646d33d7e3f78edcf9	Progesterone	CC(=O)C1CCC2C1(CCC3C2CCC4=CC(=O)CCC34C)C		PinR	Nocardioides simplex	A0A0A1DUF2	TetR	GroovDB	rcp_9a489edc477543f848b9	direct_physical_binding	high
edge_00407	CC(=O)NC(CO)C(=O)O	14303662561815729cd506cb95d39cd6	N-acetyl-L-serine	CC(=O)NC(CO)C(=O)O		CysB	Escherichia coli	M15041	LysR	RegTransBase	rcp_a642254ae94fa0ab694d	direct_inducer_modulates_tf_dna_binding	high
edge_00408	CC(=O)NC(CO)C(=O)O	54af86e0a3a42d86125fac694a43e9c7	N-acetyl-L-serine	CC(=O)NC(CO)C(=O)O		CysB	Salmonella typhimurium	M15040	LysR	RegTransBase	rcp_e151cd95d5373365058f	direct_binding	high
edge_00409	CC(=O)NC1C(C(C(OC1O)COP(=O)(O)O)O)O	958ba29334f789f470d07397b634d739	N-acetyl-D-glucosamine 6-phosphate	CC(=O)NC1C(C(C(OC1O)COP(=O)(O)O)O)O		NagC	Escherichia coli K-12		ROK	RegulonDB	rcp_dcb5a8e9f11da4060b24	direct_physiological_effector_dna_regulation	high
edge_00410	CC(=O)NC1C(C(C(OC1O)COP(=O)(O)O)O)O	b46f10ef56added92a63b1b09f0f6dac	N-acetyl-D-glucosamine 6-phosphate	CC(=O)NC1C(C(C(OC1O)COP(=O)(O)O)O)O		MurR	Escherichia coli K-12		RpiR	RegulonDB	rcp_a6b5c5d99b055066b52a	direct_ligand_binding_and_DNA_modulation	high
edge_00411	CC(=O)N[C@@H](CO)C(=O)O	14303662561815729cd506cb95d39cd6	N-acetyl-serine	CC(=O)N[C@@H](CO)C(=O)O		cysB	Escherichia coli (strain K12)	P0A9F3	LysR	GroovDB;Ligify2_benchmark	rcp_47fb37b098a49f5848fa	ligand_modulated_tf_dna_binding	high
edge_00412	CC(=O)N[C@@H]1[C@H](CC(O[C@H]1[C@@H]([C@@H](CO)O)O)(C(=O)O)O)O	f045ac8532b007ba5d1d09a74fe1186e	N-Acetylneuraminate	CC(=O)N[C@@H]1[C@H](CC(O[C@H]1[C@@H]([C@@H](CO)O)O)(C(=O)O)O)O		nanR	Escherichia coli (strain K12)	P0A8W0	GntR	GroovDB;RegulonDB	rcp_2fc17010003ee3e809bd;rcp_661bb90acdd81b4ee698	direct_physical_binding	high
edge_00413	CC(=O)N[C@@H]1[C@H]([C@@H]([C@H](O[C@H]1O[C@@H]2[C@H](OC([C@@H]([C@H]2O)NC(=O)C)O)CO)CO)O)O	d8d0320c909ab4012575b41505f8932d	diacetylchitobiose	CC(=O)N[C@@H]1[C@H]([C@@H]([C@H](O[C@H]1O[C@@H]2[C@H](OC([C@@H]([C@H]2O)NC(=O)C)O)CO)CO)O)O		ChbR	Escherichia coli;K12 MG1655	P17410	AraC/XylS	PRODORIC	rcp_5686b1253605d05f7066	proximal_cellular_ligand_form_issue	medium
edge_00414	CC(=O)OC[C@@H](C(=O)O)N	0e6a555c3399b9bf19c5f08dff954f20	acetylserine	CC(=O)OC[C@@H](C(=O)O)N		CymR	Bacillus subtilis;168	O34527	Rrf2	PRODORIC	rcp_5b063a67821e09f59f29	cellular_proximal_effector	medium
edge_00415	CC(=O)OC[C@@H](C(=O)O)N	14303662561815729cd506cb95d39cd6	O-acetyl-serine	CC(=O)OC[C@@H](C(=O)O)N			Escherichia coli (strain K12)	P0A9F3	LysR	RegTransBase;GroovDB;PRODORIC;Ligify2_benchmark	rcp_2c893cea1ff75599aaf6;rcp_74a5d4fa1659b5b0ad9c;rcp_a6588f8e1e7ac1068762	recoverable_blank_TF_effector	medium
edge_00416	CC(=O)OP(=O)(O)O	82382896a78e2676c7a39d4494c2d6b4	acetyl phosphate	CC(=O)OP(=O)(O)O		CsgD	Salmonella enterica		LuxR	PRODORIC	rcp_e0c24870575cf2b4460b	direct_covalent_modification_in_vitro	medium
edge_00417	CC(=O)O[Hg]C1=CC=CC=C1	fb6e88c6713a37167434ab00fcd8dc48	Phenylmercuric acetate	CC(=O)O[Hg]C1=CC=CC=C1		VceR	Vibrio cholerae serotype O1 (strain ATCC 39315 / El Tor Inaba N16961)	Q9KS52	TetR	GroovDB	rcp_1f281ee0df53743dc730	ligand_modulated_tf_dna_binding	high
edge_00418	CC(=O)SCCNC(=O)CCNC(=O)[C@@H](C(C)(C)COP(=O)(O)OP(=O)(O)OC[C@@H]1[C@H]([C@H]([C@@H](O1)N2C=NC3=C(N=CN=C32)N)O)OP(=O)(O)O)O	39bbdc17542b17769e1766121f5da97e	Acetyl-CoA	CC(=O)SCCNC(=O)CCNC(=O)[C@@H](C(C)(C)COP(=O)(O)OP(=O)(O)OC[C@@H]1[C@H]([C@H]([C@@H](O1)N2C=NC3=C(N=CN=C32)N)O)OP(=O)(O)O)O		AccR	Streptomyces avermitilis (strain ATCC 31267 / DSM 46492 / JCM 5070 / NBRC 14893 / NCIMB 12804 / NRRL 8165 / MA-4680)	Q82CR4	TetR	GroovDB	rcp_dee288c58678d6e661c4	ligand_modulated_tf_dna_binding	high
edge_00419	CC(=O)SCCNC(=O)CCNC(=O)[C@@H](C(C)(C)COP(=O)(O)OP(=O)(O)OC[C@@H]1[C@H]([C@H]([C@@H](O1)N2C=NC3=C(N=CN=C32)N)O)OP(=O)(O)O)O	efd434f12dfcb5e89f13c44d637deba2	Acetyl-CoA	CC(=O)SCCNC(=O)CCNC(=O)[C@@H](C(C)(C)COP(=O)(O)OP(=O)(O)OC[C@@H]1[C@H]([C@H]([C@@H](O1)N2C=NC3=C(N=CN=C32)N)O)OP(=O)(O)O)O		BkdR	Streptomyces albidoflavus	D6B1F8	TetR	GroovDB	rcp_f35b2b04b6f65a81e1b7	ligand_modulated_tf_dna_binding	high
edge_00420	CC(=O)[C@@](C)(C(=O)O)O	06ca4eea8ba87c5d3718a5b9e34adfe7	(S)-2-acetolactate	CC(=O)[C@@](C)(C(=O)O)O		IlvY	Escherichia coli K-12		LysR	RegulonDB	rcp_aa6f05d63a16ebbc08ba	direct_effector_transcriptional_activation	medium
edge_00421	CC(=O)[C@H]1CC[C@@H]2[C@@]1(CC[C@H]3[C@H]2CCC4=CC(=O)CC[C@]34C)C	471c70c900552b5e9081db33b52a5ab4	Progesterone	CC(=O)[C@H]1CC[C@@H]2[C@@]1(CC[C@H]3[C@H]2CCC4=CC(=O)CC[C@]34C)C		mtrR	Neisseria gonorrhoeae	P39897	TetR	GroovDB	rcp_93cb786e0c62ba4cd2e3	direct_physical_binding	high
edge_00422	CC(=O)[O-]	efd434f12dfcb5e89f13c44d637deba2	Acetate	CC(=O)[O-]		BkdR	Streptomyces albidoflavus	D6B1F8	TetR	GroovDB	rcp_cfdbc4284b7ea3bf1469	ligand_modulated_tf_dna_binding	high
edge_00423	CC(=O)c1c(O)cc(O)c(C(C)=O)c1O	0e6410067fb3d6eb5f154b348a372b15	2,4-diacetylphloroglucinol	CC(=O)c1c(O)cc(O)c(C(C)=O)c1O		PhlF	Pseudomonas fluorescens F113		TetR	RegTransBase	rcp_b916e2e3e3c173cd0bbf	direct_DNA_binding_modulation	medium
edge_00424	CC(=O)c1c(O)cc(O)c(C(C)=O)c1O	34ded561ec6698344bffa193f5e47deb	2,4-diacetylphloroglucinol	CC(=O)c1c(O)cc(O)c(C(C)=O)c1O		PhlF	Pseudomonas fluorescens CHA0	AF207529	TetR	RegTransBase	rcp_aff42da504d16276b745	cellular_tf_ligand_response	high
edge_00425	CC(C(=O)C)O	06ca4eea8ba87c5d3718a5b9e34adfe7	alpha-aceto-b-hydroxybutyrate	CC(C(=O)C)O		IlvY	Escherichia coli	M11689	LysR	RegTransBase	rcp_210a056729b3816a4acb	direct_functional_modulation_in_vitro	high
edge_00426	CC(C(=O)C)O	8a2d88ad87755399e64f7e1afc64e4b7	Acetoin	CC(C(=O)C)O		acoR	Bacillus thuringiensis (strain Al Hakam)	A0REX6	NtrC/XylR	GroovDB	rcp_395273960db245f38830	cellular_tf_ligand_response	high
edge_00427	CC(C(=O)O)C(=O)O	49211f7755ebb7ddb1ce617d4b2f5b04	methylmalonate	CC(C(=O)O)C(=O)O		MatR	Rhizobium leguminosarum bv. trifolii		GntR	RegTransBase	rcp_93f2f294036cb3fd9ab6	direct_ligand_modulated_dna_binding	high
edge_00428	CC(C(=O)O)C(=O)O	87627c4de0d29158e410c01923d8e394	Methylmalonic acid	CC(C(=O)O)C(=O)O		PccD	Saccharopolyspora erythraea (strain ATCC 11635 / DSM 40517 / JCM 4748 / NBRC 13426 / NCIMB 8594 / NRRL 2338)	A4FF46	TetR	GroovDB;Ligify2_benchmark	rcp_05772969d4dc3a2c743a	ligand_modulated_tf_dna_binding	high
edge_00429	CC(C(=O)O)OC(=O)C	06ca4eea8ba87c5d3718a5b9e34adfe7	acetolactate	CC(C(=O)O)OC(=O)C		IlvY	Escherichia coli;K12 MG1655	P05827	LysR	RegTransBase;PRODORIC	rcp_7d87767ac1cf9538d179;rcp_8923db5a3030499df88e	dna_modulation_mechanistic	high
edge_00430	CC(C(=O)O)P(=O)(O)O	74ef57b0dc25299082210b267ccd358b	2-phosphonopropionate	CC(C(=O)O)P(=O)(O)O		PhnR	Pseudomonas fluorescens 23F		LysR	RegTransBase	rcp_e37e16b22bb54a952e79	proximal_cellular	medium
edge_00431	CC(C(=O)[O-])O	3393553806422365e2c79d33fa1fba35	DL-lactate	CC(C(=O)[O-])O		GlcR	Paracoccus denitrificans (strain Pd 1222)	A1BAC0	GntR	GroovDB	rcp_45ea8b66610b4eca7465	direct_dna_modulation_promiscuous_ligand	medium
edge_00432	CC(C(=O)[O-])OC1C(C(OC(C1O)COP(=O)([O-])[O-])O)NC(=O)C	b46f10ef56added92a63b1b09f0f6dac	N-acetyl-D-muramate 6-phosphate	CC(C(=O)[O-])OC1C(C(OC(C1O)COP(=O)([O-])[O-])O)NC(=O)C		MurR	Escherichia coli K-12		RpiR	RegulonDB	rcp_e8ddb61bb613ea89901b	direct_ligand_binding_and_dna_modulation	high
edge_00433	CC(C(C(C(=O)COP(=O)(O)O)O)O)O	1c22e9428d5342ff7ce99f6d8c9c5ee3	L-fuculose 1-phosphate	CC(C(C(C(=O)COP(=O)(O)O)O)O)O		FucR	Escherichia coli K-12		DeoR	RegulonDB	rcp_25e492c16f88f07f3bdf	cellular_tf_ligand_response	medium
edge_00434	CC(C(C(C(C=O)O)O)O)O	83ca0f6b434d115c2d3a74bfc12a9eda	D-fucose	CC(C(C(C(C=O)O)O)O)O		AraC	Escherichia coli K-12		AraC/XylS	RegulonDB	rcp_44f44fbd66b4529275ec	direct_ligand_binding	high
edge_00435	CC(C)(C1=CC=CC=C1)OO	f6ff10250ee830c35ac07507333eb4a1	Cumene hydroperoxide	CC(C)(C1=CC=CC=C1)OO		OseR	Streptococcus suis	A0AB33U4B8	MarR	GroovDB	rcp_8b562e7c710cc13204a4	ligand_modulated_tf_dna_binding	high
edge_00436	CC(C)(COP(=O)(O)OP(=O)(O)OC[C@@H]1[C@H]([C@H]([C@@H](O1)N2C=NC3=C(N=CN=C32)N)O)OP(=O)(O)O)[C@H](C(=O)NCCC(=O)NCCSC(=O)/C=C/C4=CC(=C(C(=C4)OC)O)OC)O	0c66fe8d9adabf8c06717230f10be31f	Sinapoyl-CoA	CC(C)(COP(=O)(O)OP(=O)(O)OC[C@@H]1[C@H]([C@H]([C@@H](O1)N2C=NC3=C(N=CN=C32)N)O)OP(=O)(O)O)[C@H](C(=O)NCCC(=O)NCCSC(=O)/C=C/C4=CC(=C(C(=C4)OC)O)OC)O		FerC	Sphingobium sp. (strain NBRC 103272 / SYK-6)	G2IJ09	MarR	GroovDB;Ligify2_benchmark	rcp_73051e87254216d71807	ligand_modulated_tf_dna_binding	high
edge_00437	CC(C)(COP(=O)(O)OP(=O)(O)OC[C@@H]1[C@H]([C@H]([C@@H](O1)N2C=NC3=C(N=CN=C32)N)O)OP(=O)(O)O)[C@H](C(=O)NCCC(=O)NCCSC(=O)/C=C/C4=CC(=C(C=C4)O)O)O	0c66fe8d9adabf8c06717230f10be31f	Caffeoyl-CoA	CC(C)(COP(=O)(O)OP(=O)(O)OC[C@@H]1[C@H]([C@H]([C@@H](O1)N2C=NC3=C(N=CN=C32)N)O)OP(=O)(O)O)[C@H](C(=O)NCCC(=O)NCCSC(=O)/C=C/C4=CC(=C(C=C4)O)O)O		FerC	Sphingobium sp. (strain NBRC 103272 / SYK-6)	G2IJ09	MarR	GroovDB;Ligify2_benchmark	rcp_401d2411afb20a34bc4d	ligand_modulated_emsa	high
edge_00438	CC(C)(COP(=O)(O)OP(=O)(O)OC[C@@H]1[C@H]([C@H]([C@@H](O1)N2C=NC3=C(N=CN=C32)N)O)OP(=O)(O)O)[C@H](C(=O)NCCC(=O)NCCSC(=O)/C=C/C4=CC=C(C=C4)O)O	0c66fe8d9adabf8c06717230f10be31f	p-Coumaroyl-CoA	CC(C)(COP(=O)(O)OP(=O)(O)OC[C@@H]1[C@H]([C@H]([C@@H](O1)N2C=NC3=C(N=CN=C32)N)O)OP(=O)(O)O)[C@H](C(=O)NCCC(=O)NCCSC(=O)/C=C/C4=CC=C(C=C4)O)O		FerC	Sphingobium sp. (strain NBRC 103272 / SYK-6)	G2IJ09	MarR	GroovDB;Ligify2_benchmark	rcp_0ec24ef45cc345a3d826	direct_DNA_modulation	high
edge_00439	CC(C)(COP(=O)(O)OP(=O)(O)OC[C@@H]1[C@H]([C@H]([C@@H](O1)N2C=NC3=C(N=CN=C32)N)O)OP(=O)(O)O)[C@H](C(=O)NCCC(=O)NCCSC(=O)C4=CC(=CC=C4)O)O	2acbee4a13230ef7a3a27aad51803c15	3-Hydroxybenzoyl-CoA	CC(C)(COP(=O)(O)OP(=O)(O)OC[C@@H]1[C@H]([C@H]([C@@H](O1)N2C=NC3=C(N=CN=C32)N)O)OP(=O)(O)O)[C@H](C(=O)NCCC(=O)NCCSC(=O)C4=CC(=CC=C4)O)O			Aromatoleum sp. (strain CIB)	P0DXG3	TetR	GroovDB	rcp_87e7ca8bbd04f7705528	ligand_modulated_tf_dna_binding	high
edge_00440	CC(C)(COP(=O)(O)OP(=O)(O)OC[C@@H]1[C@H]([C@H]([C@@H](O1)N2C=NC3=C(N=CN=C32)N)O)OP(=O)(O)O)[C@H](C(=O)NCCC(=O)NCCSC(=O)C4=CC=C(C=C4)Cl)O	f9b6ef990a0b83a3eeeb133d4584bd1d	4-Chlorobenzoyl-CoA	CC(C)(COP(=O)(O)OP(=O)(O)OC[C@@H]1[C@H]([C@H]([C@@H](O1)N2C=NC3=C(N=CN=C32)N)O)OP(=O)(O)O)[C@H](C(=O)NCCC(=O)NCCSC(=O)C4=CC=C(C=C4)Cl)O			Comamonas sediminis	A0A7M1LCC3	TetR	GroovDB	rcp_55b505c65171dc0b2020	ligand_modulated_tf_dna_binding	high
edge_00441	CC(C)(COP(=O)(O)OP(=O)(O)OC[C@@H]1[C@H]([C@H]([C@@H](O1)N2C=NC3=C(N=CN=C32)N)O)OP(=O)(O)O)[C@H](C(=O)NCCC(=O)NCCSC(=O)C4=CC=CC=C4)O	33f0d6ab60f41030462812b293488bb3	Benzoyl-CoA	CC(C)(COP(=O)(O)OP(=O)(O)OC[C@@H]1[C@H]([C@H]([C@@H](O1)N2C=NC3=C(N=CN=C32)N)O)OP(=O)(O)O)[C@H](C(=O)NCCC(=O)NCCSC(=O)C4=CC=CC=C4)O		GenR	Comamonas testosteroni (strain CNB-2)	D0IZS0	MarR	GroovDB	rcp_158730f13227a81c00ff	ligand_modulated_tf_dna_binding	high
edge_00442	CC(C)(COP(=O)(O)OP(=O)(O)OC[C@@H]1[C@H]([C@H]([C@@H](O1)N2C=NC3=C(N=CN=C32)N)O)OP(=O)(O)O)[C@H](C(=O)NCCC(=O)NCCSC(=O)C4CCCCC4=O)O	b146a40cae7d61009ca2a001971a3d27	2-Ketocyclohexane-1-carboxyl-CoA	CC(C)(COP(=O)(O)OP(=O)(O)OC[C@@H]1[C@H]([C@H]([C@@H](O1)N2C=NC3=C(N=CN=C32)N)O)OP(=O)(O)O)[C@H](C(=O)NCCC(=O)NCCSC(=O)C4CCCCC4=O)O		BadR	Rhodopseudomonas palustris (strain ATCC BAA-98 / CGA009)	O07458	MarR	GroovDB	rcp_d80d50afc5ada158ecef	ligand_modulated_tf_dna_binding	high
edge_00443	CC(C)(COP(=O)(O)OP(=O)(O)OC[C@@H]1[C@H]([C@H]([C@@H](O1)N2C=NC3=C(N=CN=C32)N)O)OP(=O)(O)O)[C@H](C(=O)NCCC(=O)NCCSC(=O)C=CC4=CC(=C(C=C4)O)OC)O	0c66fe8d9adabf8c06717230f10be31f	Feruloyl-CoA	CC(C)(COP(=O)(O)OP(=O)(O)OC[C@@H]1[C@H]([C@H]([C@@H](O1)N2C=NC3=C(N=CN=C32)N)O)OP(=O)(O)O)[C@H](C(=O)NCCC(=O)NCCSC(=O)C=CC4=CC(=C(C=C4)O)OC)O		FerC	Sphingobium sp. (strain NBRC 103272 / SYK-6)	G2IJ09	MarR	GroovDB;Ligify2_benchmark	rcp_0e4487b2807a735beff1;rcp_dab61a81fae960a6e61b	ligand_modulated_tf_dna_binding	high
edge_00444	CC(C)(COP(=O)(O)OP(=O)(O)OC[C@@H]1[C@H]([C@H]([C@@H](O1)N2C=NC3=C(N=CN=C32)N)O)OP(=O)(O)O)[C@H](C(=O)NCCC(=O)NCCSC(=O)C=CC4=CC(=C(C=C4)O)OC)O	1517250df12c2b4acb423f2d253e3c7a	Feruloyl-CoA	CC(C)(COP(=O)(O)OP(=O)(O)OC[C@@H]1[C@H]([C@H]([C@@H](O1)N2C=NC3=C(N=CN=C32)N)O)OP(=O)(O)O)[C@H](C(=O)NCCC(=O)NCCSC(=O)C=CC4=CC(=C(C=C4)O)OC)O		HcaR	Acinetobacter baylyi (strain ATCC 33305 / BD413 / ADP1)	Q7X0D9	MarR	GroovDB	rcp_441be9358530d24a41c8;rcp_6c59df9d4ac2db69cf69	cellular_synthetic_regulation	medium
edge_00445	CC(C)(COP(=O)(O)OP(=O)(O)OC[C@@H]1[C@H]([C@H]([C@@H](O1)N2C=NC3=C(N=CN=C32)N)O)OP(=O)(O)O)[C@H](C(=O)NCCC(=O)NCCSC(=O)CC(=O)O)O	7d0296898f8a50c8bda0d23590e612af	Malonyl-CoA	CC(C)(COP(=O)(O)OP(=O)(O)OC[C@@H]1[C@H]([C@H]([C@@H](O1)N2C=NC3=C(N=CN=C32)N)O)OP(=O)(O)O)[C@H](C(=O)NCCC(=O)NCCSC(=O)CC(=O)O)O		fapR	Bacillus subtilis (strain 168)	O34835	Unknown	GroovDB	rcp_aa5c4fbbe4bd423262ce	direct_physical_binding	high
edge_00446	CC(C)(COP(=O)(O)OP(=O)(O)OC[C@@H]1[C@H]([C@H]([C@@H](O1)N2C=NC3=C(N=CN=C32)N)O)OP(=O)(O)O)[C@H](C(=O)NCCC(=O)NCCSC(=O)CC4=CC=CC=C4)O	3da2121b5847053679784f94001b1750	phenylacetyl-coenzyme A	CC(C)(COP(=O)(O)OP(=O)(O)OC[C@@H]1[C@H]([C@H]([C@@H](O1)N2C=NC3=C(N=CN=C32)N)O)OP(=O)(O)O)[C@H](C(=O)NCCC(=O)NCCSC(=O)CC4=CC=CC=C4)O			Pseudomonas sp. Y2	Q845K5	PaaX	GroovDB	rcp_06644b647d49572fd72b	ligand_modulated_tf_dna_binding	high
edge_00447	CC(C)(COP(=O)(O)OP(=O)(O)OC[C@@H]1[C@H]([C@H]([C@@H](O1)N2C=NC3=C(N=CN=C32)N)O)OP(=O)(O)O)[C@H](C(=O)NCCC(=O)NCCSC(=O)CC4=CC=CC=C4)O	42b56c8a82dbae0e894d35c8a371c3b9	Phenylacetyl-CoA	CC(C)(COP(=O)(O)OP(=O)(O)OC[C@@H]1[C@H]([C@H]([C@@H](O1)N2C=NC3=C(N=CN=C32)N)O)OP(=O)(O)O)[C@H](C(=O)NCCC(=O)NCCSC(=O)CC4=CC=CC=C4)O		PaaR	Thermus thermophilus (strain ATCC 27634 / DSM 579 / HB8)	Q5SJN5	TetR	GroovDB;Ligify2_benchmark	rcp_90cc24911609a26f64c8	direct_ligand_binding	high
edge_00448	CC(C)(COP(=O)(O)OP(=O)(O)OC[C@@H]1[C@H]([C@H]([C@@H](O1)N2C=NC3=C(N=CN=C32)N)O)OP(=O)(O)O)[C@H](C(=O)NCCC(=O)NCCSC(=O)CC4=CC=CC=C4)O	70054024c316ccad1f86710ab6516372	phenylacetyl-CoA	CC(C)(COP(=O)(O)OP(=O)(O)OC[C@@H]1[C@H]([C@H]([C@@H](O1)N2C=NC3=C(N=CN=C32)N)O)OP(=O)(O)O)[C@H](C(=O)NCCC(=O)NCCSC(=O)CC4=CC=CC=C4)O		PaaX	Escherichia coli K-12		PaaX	RegulonDB	rcp_5f62797fc3990ccb4baa	ligand_modulated_tf_dna_binding	high
edge_00449	CC(C)(COP(=O)([O-])OP(=O)([O-])OC[C@@H]1[C@H]([C@H]([C@@H](O1)N2C=NC3=C(N=CN=C32)N)O)OP(=O)([O-])[O-])[C@H](C(=O)NCCC(=O)NCCSC(=O)C4CCCCC4=O)O	b146a40cae7d61009ca2a001971a3d27	2-Ketocyclohexane-1-carboxyl-CoA	CC(C)(COP(=O)([O-])OP(=O)([O-])OC[C@@H]1[C@H]([C@H]([C@@H](O1)N2C=NC3=C(N=CN=C32)N)O)OP(=O)([O-])[O-])[C@H](C(=O)NCCC(=O)NCCSC(=O)C4CCCCC4=O)O		badR	Rhodopseudomonas palustris (strain ATCC BAA-98 / CGA009)	O07458	MarR	GroovDB	rcp_3a9fb7d55fb721ce249f	ligand_modulated_tf_dna_binding	high
edge_00450	CC(C)C1=C(C=C(C=C1O)/C=C/C2=CC=CC=C2)O	0f7e9651ea0a8186e72af9439ecea12c	Isopropylstilbene	CC(C)C1=C(C=C(C=C1O)/C=C/C2=CC=CC=C2)O		PauR	Photorhabdus asymbiotica subsp. asymbiotica	A0A0D5A3S5	LuxR	GroovDB;Ligify2024_supplement	rcp_e9095b689de1b4d1e24b	cellular_tf_ligand_response	high
edge_00451	CC(C)C1=CC=C(C=C1)C(=O)O	fc2545aa55f7b1c37bc93547229bd58e	Cumate	CC(C)C1=CC=C(C=C1)C(=O)O		cymR	Pseudomonas putida	O33453	TetR	GroovDB	rcp_7aa4df227d2821032822	cellular_tf_ligand_response	high
edge_00452	CC(C)C1=CC=C(C=C1)C(=O)[O-]	fc2545aa55f7b1c37bc93547229bd58e	p-cumate	CC(C)C1=CC=C(C=C1)C(=O)[O-]		CymR	Pseudomonas putida F1		TetR	RegTransBase	rcp_2d88b24e2982aa0fb303	cellular_response_proximal	medium
edge_00453	CC(C)CC(=O)SCCNC(=O)CCNC(=O)[C@@H](C(C)(C)COP(=O)(O)OP(=O)(O)OC[C@@H]1[C@H]([C@H]([C@@H](O1)N2C=NC3=C(N=CN=C32)N)O)OP(=O)(O)O)O	39798550df86894f88c47201b0b6aadf	Isovaleryl coenzyme A	CC(C)CC(=O)SCCNC(=O)CCNC(=O)[C@@H](C(C)(C)COP(=O)(O)OP(=O)(O)OC[C@@H]1[C@H]([C@H]([C@@H](O1)N2C=NC3=C(N=CN=C32)N)O)OP(=O)(O)O)O		AibR	Myxococcus xanthus (strain DK1622)	Q1D4I5	TetR	GroovDB	rcp_e439fbca33b184cf9021	ligand_modulated_tf_dna_binding	high
edge_00454	CC(C)CCCCCCC1=C(C=C(OC1=O)CC(C)C)O	5f1e2669bd38244ae821c151106be011	Photopyrone D	CC(C)CCCCCCC1=C(C=C(OC1=O)CC(C)C)O		PluR	Photorhabdus luminescens subsp. laumondii	S4WDM1	LuxR	GroovDB	rcp_e87c70c40f054e1de216	cellular_tf_ligand_response	high
edge_00455	CC(C)C[C@@H](C(=O)O)N	27b2ccde0d42cfb4b497c3cf099b146f	L-leucine	CC(C)C[C@@H](C(=O)O)N		BkdR	Pseudomonas putida		Lrp/AsnC	RegTransBase	rcp_355cbed62a54e6572c5e;rcp_41c2dc6cb28393eb580a	in_vitro_dna_binding_modulation	high
edge_00456	CC(C)C[C@@H](C(=O)O)N	60feb0dfbdfa96c198c39b45781a4348	L-leucine	CC(C)C[C@@H](C(=O)O)N		Lrp	Escherichia coli K-12		Lrp/AsnC	RegTransBase;PRODORIC;RegulonDB	rcp_18f11d1de849f6c7c768;rcp_1c4556b9a26030f989ec;rcp_214b25d842cd420af6cc;rcp_3d7a4dd960cf40091bf3;rcp_7512d16cb6c8f0c00c5a	ligand_modulated_tf_dna_binding	high
edge_00457	CC(C)C[C@H](C(=O)O)N	27b2ccde0d42cfb4b497c3cf099b146f	D-leucine	CC(C)C[C@H](C(=O)O)N		BkdR	Pseudomonas putida		Lrp/AsnC	RegTransBase	rcp_29c9077ea12afba4bfef	ligand_modulated_tf_dna_binding	high
edge_00458	CC(C)S[C@H]1[C@@H]([C@H]([C@H]([C@H](O1)CO)O)O)O	228e7a41278dfe231a49f0de7c32ff11	IPTG	CC(C)S[C@H]1[C@@H]([C@H]([C@H]([C@H](O1)CO)O)O)O		lacI	Escherichia coli (strain K12)	P03023	LacI/GalR	GroovDB;Ligify2_benchmark	rcp_eca0fcd2c463dd9dd39d	cellular_tf_ligand_response	high
edge_00459	CC(C)[C@@H](C(=O)O)N	27b2ccde0d42cfb4b497c3cf099b146f	L-valine	CC(C)[C@@H](C(=O)O)N		BkdR	Pseudomonas putida		Lrp/AsnC	RegTransBase	rcp_02a121eced985de80107;rcp_40207b1b8d794d8fc84e;rcp_4ab34905f1bb70441c08;rcp_e7bc3bbd69f1e04412cd	ligand_modulated_tf_dna_binding	high
edge_00460	CC(C)[C@@H](C(=O)O)N	7fb8755092b49f3938ef0f81c3f41ba5	valine	CC(C)[C@@H](C(=O)O)N		PutR	Agrobacterium tumefaciens		Lrp/AsnC	RegTransBase	rcp_61173b8166aa94c36f2b	cellular_reporter_response	medium
edge_00461	CC(C)[C@@H](C(=O)O)N	a563d2634e9c619348675bc27ba61c61	Valine	CC(C)[C@@H](C(=O)O)N		BkdR	Bacillus subtilis;168		NtrC/XylR	PRODORIC	rcp_3f5e72be80f40d7e780c	curated_effector_cellular	medium
edge_00462	CC(C)[C@@](CC(=O)O)(C(=O)O)O	95f6400c1703e1dccdccad08feeada38	(2S)-2-isopropylmalate	CC(C)[C@@](CC(=O)O)(C(=O)O)O		LeuO	Escherichia coli K-12		LysR	RegulonDB	rcp_80acad9d08b007dc7956	direct_in_vitro_dna_binding_modulation	medium
edge_00463	CC(C1CCC(C(O1)OC2C(CC(C(C2O)OC3C(C(C(CO3)(C)O)NC)O)N)N)N)NC	2aefcc80b513caa03ed31538713f06a4	Gentamicin	CC(C1CCC(C(O1)OC2C(CC(C(C2O)OC3C(C(C(CO3)(C)O)NC)O)N)N)N)NC		icaR	Staphylococcus epidermidis (strain ATCC 35984 / RP62A)	Q5HKQ1	TetR	GroovDB	rcp_e4323f220fe5d49b8685	ligand_modulated_tf_dna_binding	high
edge_00464	CC(CC(=O)[O-])O	158a09672340197c4885c72b961b040c	3-hydroxybutyrate	CC(CC(=O)[O-])O		MmsR	Pseudomonas sp. ATCC 13867	M4WVJ6	AraC/XylS	GroovDB	rcp_108ead99ef3823d1c92c	cellular_proximal	medium
edge_00465	CC(CCC=C(C)C)CC(=O)O	0e45e3f49f7cac1ecab2a4f02be685af	Citronellate	CC(CCC=C(C)C)CC(=O)O		AtuR	Pseudomonas aeruginosa PAO1		TetR	RegTransBase	rcp_19176028d2d4e3a9914a	weak_aux_cellular_pathway	medium
edge_00466	CC(CO)C(=O)[O-]	158a09672340197c4885c72b961b040c	3-hydroxyisobutyrate	CC(CO)C(=O)[O-]		MmsR	Pseudomonas sp. ATCC 13867	M4WVJ6	AraC/XylS	GroovDB	rcp_06161b000e69ec1fc358	analog_or_exact_ligand_uncertain	low
edge_00467	CC(CO)O	05ed94e2e8e4a57a19d9afd1921edce1	1,2-propanediol	CC(CO)O		PocR	Salmonella typhimurium		AraC/XylS	RegTransBase	rcp_533644fd1d21bae1677d	proximal_cellular	medium
edge_00468	CC1(C2CC3C(C(=O)C(=C(C3(C(=O)C2=C(C4=C1C=CC=C4O)O)O)N)O)O	f7619a99a2b6ed5dda4c221fa362073b	tetracycline-Mg2+	CC1(C2CC3C(C(=O)C(=C(C3(C(=O)C2=C(C4=C1C=CC=C4O)O)O)N)O)O		TetR	Escherichia coli	P03039	TetR	manual_tetr_seed	rcp_f8c5e369e30ced251188	direct_physical_binding_and_dna_modulation	high
edge_00469	CC1(C2CCC1(C(=O)C2)C)C	1d01f6e9e4d66cdb285cfca91639acfd	Camphor	CC1(C2CCC1(C(=O)C2)C)C		CamR	Pseudomonas putida PpG1; CAM		TetR	RegTransBase;GroovDB;Ligify2_benchmark	rcp_044e7e7e1bb89c57ad4d;rcp_21365f1a50dba25832d7;rcp_7ae367191938e809eef7;rcp_acdafcbf67835849a628;rcp_cf8a4024d2e574c74c67;rcp_fc8301ea50886482b706	direct_effector_binding	high
edge_00470	CC1(C[C@H]2C=C([C@H]3[C@]2(C1)[C@@]4(CO4)C(=O)OC3)C(=O)O)C	c1479d0338c90bd80be3b9dc83cc7f4b	Pentalenolactone F	CC1(C[C@H]2C=C([C@H]3[C@]2(C1)[C@@]4(CO4)C(=O)OC3)C(=O)O)C		penR	Streptomyces exfoliatus	E3VWJ7	MarR	GroovDB	rcp_35de324689d556f69d1a	ligand_modulated_tf_dna_binding	high
edge_00471	CC12CCC(=O)C=C1CCC3C2C(CC4(C3CCC4(C(=O)CO)O)C)O	96dfd42f15b450646d33d7e3f78edcf9	Cortisol	CC12CCC(=O)C=C1CCC3C2C(CC4(C3CCC4(C(=O)CO)O)C)O		PinR	Nocardioides simplex	A0A0A1DUF2	TetR	GroovDB	rcp_a66194a848b9eb6a9666	direct_physical_binding	high
edge_00472	CC12CCC(=O)C=C1CCC3C2C(CC4(C3CCC4C(=O)CO)C=O)O	96dfd42f15b450646d33d7e3f78edcf9	Aldosterone	CC12CCC(=O)C=C1CCC3C2C(CC4(C3CCC4C(=O)CO)C=O)O		PinR	Nocardioides simplex	A0A0A1DUF2	TetR	GroovDB	rcp_14237e720d4ee6c46d03	direct_physical_binding	high
edge_00473	CC1=C(C(=CC(=C1)CCCC(C)C)O)C(C)C	0f7e9651ea0a8186e72af9439ecea12c	2,5-Dialkylresorcinol	CC1=C(C(=CC(=C1)CCCC(C)C)O)C(C)C		PauR	Photorhabdus asymbiotica subsp. asymbiotica	A0A0D5A3S5	LuxR	GroovDB	rcp_249278b4148e56375aee	reporter_mutational_proximal	medium
edge_00474	CC1=C(C(=CC=C1)C(=O)[O-])C	7778980e5ac87e0bb8e6c8cfea5ef5af	2,3-dimethylbenzoate	CC1=C(C(=CC=C1)C(=O)[O-])C		XylS3	Plasmid pWW53		AraC/XylS	RegTransBase	rcp_e94081d031ffc0813439	cellular_or_proximal_response_only	medium
edge_00475	CC1=C(C(=CC=C1)C(=O)[O-])C	e8b9a7cf73b430bac3688dfbe705d433	2,3-dimethylbenzoate	CC1=C(C(=CC=C1)C(=O)[O-])C		XylS1	Plasmid pWW53		AraC/XylS	RegTransBase	rcp_c18c96e5e8227e22eb75	cellular_or_proximal_response_only	medium
edge_00476	CC1=C(C(=CC=C1)C)O	d71a5f0ba47b0a0edf233917ad3c036d	2,6-dimethylphenol	CC1=C(C(=CC=C1)C)O		dmpR	Pseudomonas sp. CF600	CAA48174	NtrC/XylR	RegTransBase	rcp_7c85bd96222d9e9fbfab	cellular_or_proximal_response_only	medium
edge_00477	CC1=C(C(=CC=C1)O)C	19fc1510d7eed99f825243ece76746a7	2,3-dimethylphenol	CC1=C(C(=CC=C1)O)C		TouR	Pseudomonas stutzeri OX1		NtrC/XylR	RegTransBase	rcp_51a0030d216e750d6010	cellular_tf_ligand_response	high
edge_00478	CC1=C(C(=CC=C1)O)C	d71a5f0ba47b0a0edf233917ad3c036d	dimethylphenol	CC1=C(C(=CC=C1)O)C		DmpR	Plasmid pVI150		NtrC/XylR	RegTransBase	rcp_13843a9e9ab2aa51fbc4;rcp_3e9bc8c238bf830abff6;rcp_e1029e4a53debd7e4f6b	direct_effector_response	medium
edge_00479	CC1=C(C(=CC=C1)O)O	b2471b931a88b96814abaa16a0499b37	3-methylcatechol	CC1=C(C(=CC=C1)O)O		HbpR	Pseudomonas azelaica HBP1		NtrC/XylR	RegTransBase	rcp_05c032e354750543121d	cellular_or_negative_modulation	low
edge_00480	CC1=C(C(=CC=C1)O)O	d71a5f0ba47b0a0edf233917ad3c036d	3-methylcatechol	CC1=C(C(=CC=C1)O)O		DmpR	Plasmid pVI150		NtrC/XylR	RegTransBase	rcp_9d974aeb3688bfda05db	cellular_tf_ligand_response	high
edge_00481	CC1=C(C2=CC3=NC(=CC4=C(C(=C([N-]4)C=C5C(=C(C(=N5)C=C1[N-]2)C)C=C)C)C=C)C(=C3CCC(=O)O)C)CCC(=O)O.[Cl-].[Fe+3]	98e9d86069f1a559f71448b145e83fa5	Hemin	CC1=C(C2=CC3=NC(=CC4=C(C(=C([N-]4)C=C5C(=C(C(=N5)C=C1[N-]2)C)C=C)C)C=C)C(=C3CCC(=O)O)C)CCC(=O)O.[Cl-].[Fe+3]		ygfC	Lactococcus lactis subsp. lactis (strain IL1403)	Q9CHR1	TetR	GroovDB	rcp_ff0f59a89acb01469461	ligand_modulated_tf_dna_binding	high
edge_00482	CC1=C(C=C(C=C1)O)C	19fc1510d7eed99f825243ece76746a7	3,4-dimetylphenol	CC1=C(C=C(C=C1)O)C		TouR	Pseudomonas stutzeri OX1		NtrC/XylR	RegTransBase	rcp_acfe8f79aca208cc8164	cellular_tf_ligand_response	high
edge_00483	CC1=C(C=C(C=C1)O)C	cb3da3a785085a564f37f469702e6526	3,4-dimethylphenol	CC1=C(C=C(C=C1)O)C		PhhR	Pseudomonas putida P35X		NtrC/XylR	RegTransBase	rcp_9553b87255a188063e68	cellular_tf_ligand_response	high
edge_00484	CC1=C(C=C(C=C1)O)C	d71a5f0ba47b0a0edf233917ad3c036d	3,4-dimethylphenol	CC1=C(C=C(C=C1)O)C		dmpR	Pseudomonas sp. CF600	CAA48174	NtrC/XylR	RegTransBase	rcp_14c9d6fe506e1cfa98b4;rcp_1a893160a105d0258bb4;rcp_cfb3084bea69eda8b5c6	cellular_tf_ligand_response	high
edge_00485	CC1=C(C=CC(=C1)O)O	0a4449b059b992f5a88c2602b876770e	Methylhydroquinone	CC1=C(C=CC(=C1)O)O		MhqR	Staphylococcus aureus (strain NCTC 8325 / PS 47)	Q2FVA7	MarR	GroovDB	rcp_f6a541f46f7901cbdc98	ligand_modulated_tf_dna_binding	high
edge_00486	CC1=C(C=CC2=C1OC(=O)C(=C2O)NC(=O)C3=CC(=C(C=C3)O)CC=C(C)C)O[C@H]4[C@@H]([C@@H]([C@H](C(O4)(C)C)OC)OC(=O)N)O	2a4404b3476d6b758615ab8b9c7cfbe0	Novobiocin	CC1=C(C=CC2=C1OC(=O)C(=C2O)NC(=O)C3=CC(=C(C=C3)O)CC=C(C)C)O[C@H]4[C@@H]([C@@H]([C@H](C(O4)(C)C)OC)OC(=O)N)O		nalD	Pseudomonas aeruginosa (strain ATCC 15692 / DSM 22644 / CIP 104116 / JCM 14847 / LMG 12228 / 1C / PRS 101 / PAO1)	Q9HY46	TetR	GroovDB	rcp_ea3cb348ccc322e6c791	ligand_modulated_tf_dna_binding	high
edge_00487	CC1=C(C=CC2=C1OC(=O)C(=C2O)NC(=O)C3=CC(=C(C=C3)O)CC=C(C)C)O[C@H]4[C@@H]([C@@H]([C@H](C(O4)(C)C)OC)OC(=O)N)O	c43348e5ebfdac23b79acb2a008a473f	Novobiocin	CC1=C(C=CC2=C1OC(=O)C(=C2O)NC(=O)C3=CC(=C(C=C3)O)CC=C(C)C)O[C@H]4[C@@H]([C@@H]([C@H](C(O4)(C)C)OC)OC(=O)N)O		yusO	Bacillus subtilis (strain 168)	O32181	MarR	GroovDB	rcp_91951ecb62848c7d4757	ligand_modulated_tf_dna_binding	high
edge_00488	CC1=C(C=CC2=C1OC(=O)C(=C2O)NC(=O)C3=CC(=C(C=C3)O)CC=C(C)C)O[C@H]4[C@@H]([C@@H]([C@H](C(O4)(C)C)OC)OC(=O)N)O	d82c5a5f5ddc7a9f4152dbe6f3d1354b	Novobiocin	CC1=C(C=CC2=C1OC(=O)C(=C2O)NC(=O)C3=CC(=C(C=C3)O)CC=C(C)C)O[C@H]4[C@@H]([C@@H]([C@H](C(O4)(C)C)OC)OC(=O)N)O		MSMEG_2295	Mycolicibacterium smegmatis (strain ATCC 700084 / mc(2)155)	A0QR78	TetR	GroovDB	rcp_3fbec7acedd4bd52bda9	ligand_modulated_tf_dna_binding	high
edge_00489	CC1=C(SC=[N+]1CC2=CN=C(N=C2N)C)CCO	cf1ac1423df53baa207595f5ca539e78	Thiamine	CC1=C(SC=[N+]1CC2=CN=C(N=C2N)C)CCO		JTY_2262	Mycobacterium tuberculosis (strain ATCC 25618 / H37Rv)	P9WMC5	TetR	GroovDB	rcp_451ce1a9db6e78a7e909	ligand_modulated_tf_dna_binding	high
edge_00490	CC1=C2C(=CC3=C(C2=O)C(=CC=C3)O)CC(O1)CC(=O)O	b5744adeed2a2bf91a5ea03120e4ce28	4-dihydro-9-hydroxy-1-methyl-10-oxo-3-H-naphtho-[2,3-c]-pyran-3-(S)-acetic acid	CC1=C2C(=CC3=C(C2=O)C(=CC=C3)O)CC(O1)CC(=O)O		ActR	Streptomyces coelicolor	Q53901	TetR	manual_tetr_seed	rcp_997c3b0901281b5d39bb	direct_physical_binding_and_dna_modulation	high
edge_00491	CC1=C2C(=CC3=C(C2=O)C(=CC=C3)O)C[C@H](O1)CC(=O)O	b5744adeed2a2bf91a5ea03120e4ce28	(S)-DNPA	CC1=C2C(=CC3=C(C2=O)C(=CC=C3)O)C[C@H](O1)CC(=O)O		ActR	Streptomyces coelicolor	Q53901	TetR	GroovDB	rcp_220c7dcd3e5ee84b6055;rcp_593f94fc3f44a744b936	ligand_relief_of_repressor_dna_binding	high
edge_00492	CC1=CC(=C(C=C1)C)O	19fc1510d7eed99f825243ece76746a7	2,5-dimetylphenol	CC1=CC(=C(C=C1)C)O		TouR	Pseudomonas stutzeri OX1		NtrC/XylR	RegTransBase	rcp_5b2a5ade87d1b6fe9d36	cellular_tf_ligand_response	high
edge_00493	CC1=CC(=C(C=C1)C)O	d71a5f0ba47b0a0edf233917ad3c036d	2,5-dimethylphenol	CC1=CC(=C(C=C1)C)O		dmpR	Pseudomonas sp. CF600	CAA48174	NtrC/XylR	RegTransBase	rcp_967bbfa0f71ef8981417	cellular_or_proximal_response_only	medium
edge_00494	CC1=CC(=C(C=C1)O)C	19fc1510d7eed99f825243ece76746a7	2,4-dimetylphenol	CC1=CC(=C(C=C1)O)C		TouR	Pseudomonas stutzeri OX1		NtrC/XylR	RegTransBase	rcp_310746bc9d6813f12323	cellular_tf_ligand_response	high
edge_00495	CC1=CC(=C(C=C1)O)C	d71a5f0ba47b0a0edf233917ad3c036d	2,4-dimethylphenol	CC1=CC(=C(C=C1)O)C		dmpR	Pseudomonas sp. CF600	CAA48174	NtrC/XylR	RegTransBase	rcp_bd45bf76afc8f06714a7	cellular_or_proximal_response_only	medium
edge_00496	CC1=CC(=CC=C1)C(=O)O	d34c92c109c7d573654f25487ec0a7a3	m-toluate	CC1=CC(=CC=C1)C(=O)O		XylS	TOL plasmid		AraC/XylS	RegTransBase	rcp_45d54909d7ae01879cde;rcp_48aa19fdbcf2a538e3b8;rcp_52ab18ede4a7ac6ab799;rcp_66848e130ff1f20c5758;rcp_7990cd7a33fe97a24041;rcp_a2392abe16c2b60dd255;rcp_b0d04f758f9e1f576ffc;rcp_c60af21117382cc263f7;rcp_e671f6dfe2eb025944a4	ligand_modulated_tf_dna_binding	medium
edge_00497	CC1=CC(=CC=C1)C(=O)SCCNC(=O)CCNC(=O)[C@@H](C(C)(C)COP(=O)([O-])OP(=O)([O-])OC[C@@H]2[C@H]([C@H]([C@@H](O2)N3C=NC4=C(N=CN=C43)N)O)OP(=O)([O-])[O-])O	e0c75ca78aca774aad95e61137e89432	3-Methylbenzoyl-CoA	CC1=CC(=CC=C1)C(=O)SCCNC(=O)CCNC(=O)[C@@H](C(C)(C)COP(=O)([O-])OP(=O)([O-])OC[C@@H]2[C@H]([C@H]([C@@H](O2)N3C=NC4=C(N=CN=C43)N)O)OP(=O)([O-])[O-])O			Azoarcus sp. CIB	K4Q644	TetR	GroovDB	rcp_b3bf9e610648d3762ccb	ligand_modulated_tf_dna_binding	high
edge_00498	CC1=CC(=CC=C1)C(=O)[O-]	7778980e5ac87e0bb8e6c8cfea5ef5af	3-methylbenzoate	CC1=CC(=CC=C1)C(=O)[O-]		XylS3	Plasmid pWW53		AraC/XylS	RegTransBase	rcp_c682c6c177e45f083115	cellular_tf_ligand_response	high
edge_00499	CC1=CC(=CC=C1)C(=O)[O-]	d34c92c109c7d573654f25487ec0a7a3	3-methylbenzoate	CC1=CC(=CC=C1)C(=O)[O-]		XylS	TOL plasmid		AraC/XylS	RegTransBase;GroovDB	rcp_1f9e1e1b112019b8349d;rcp_1fa075bfbf81ddba1e26;rcp_30d1c7464b461df481dc;rcp_422ce01c3b465396a4b8;rcp_543879b8af6927efc1af;rcp_6d22da834e3fd40eed7f;rcp_74f5cfdf97777b74794a;rcp_b0af95e1a4c31c9b5c47;rcp_b5511822ed871d321e45;rcp_b638faf2c348a3c10079;rcp_c2c0e0df1255f23df31d;rcp_d93eeb0d1abfcd2b4a09;rcp_e3b583d4db4352a09253	direct_effector_modulated_DNA_binding	high
edge_00500	CC1=CC(=CC=C1)C(=O)[O-]	e8b9a7cf73b430bac3688dfbe705d433	3-methyl benzoate	CC1=CC(=CC=C1)C(=O)[O-]		XylS1	TOL plasmid		AraC/XylS	RegTransBase	rcp_9a95b7ca9562f2d652a1;rcp_ed518ee248c7dca7873b	cellular_tf_ligand_response	medium
edge_00501	CC1=CC(=CC=C1)CO	546b46c7837e512f9756dcb2ae138c03	m-methylbenzyl alcohol	CC1=CC(=CC=C1)CO		XylR	Plasmid pWW53	L02358	Unknown	RegTransBase	rcp_494b0c9124631a131266	cellular_proximal_response	medium
edge_00502	CC1=CC(=CC=C1)CO	fbd2e3540d73868a25cd309b410b2bd7	m-methylbenzyl alcohol	CC1=CC(=CC=C1)CO		XylR	Pseudomonas putida;pWW0	M10143	NtrC/XylR	RegTransBase	rcp_09e246327fc932c8da94;rcp_427c88ac1c2624003ad2;rcp_4332a31aee1f0884a2d5;rcp_5e0734b3982259367f88;rcp_b6e074266fea81471c1d;rcp_db4fb0214deb24ba074d;rcp_e1154190bbded3591334;rcp_e2e1b23834a35bc21402;rcp_f063940877ad68bda420;rcp_f5f61b5493cc0969552d	ligand_modulated_DNA_footprint_in_vivo	high
edge_00503	CC1=CC(=CC=C1)O	19fc1510d7eed99f825243ece76746a7	3-methylphenol	CC1=CC(=CC=C1)O		TouR	Pseudomonas stutzeri OX1		NtrC/XylR	RegTransBase	rcp_8e734ef76d1776f0d9f9	cellular_tf_ligand_response	high
edge_00504	CC1=CC(=CC=C1)O	cb3da3a785085a564f37f469702e6526	3-methylphenol	CC1=CC(=CC=C1)O		PhhR	Pseudomonas putida P35X		NtrC/XylR	RegTransBase	rcp_570843a113029d54beaf	cellular_tf_ligand_response	high
edge_00505	CC1=CC(=CC=C1)O	d71a5f0ba47b0a0edf233917ad3c036d	3-methylphenol	CC1=CC(=CC=C1)O		dmpR	Pseudomonas sp. CF600	CAA48174	NtrC/XylR	RegTransBase	rcp_367ff7bf3f7258af9754;rcp_95aed6644eb1988fb744;rcp_efd0de1e969026804f46	cellular_tf_ligand_response	high
edge_00506	CC1=CC(=O)C2=C(C1=O)C=CC=C2O	d82c5a5f5ddc7a9f4152dbe6f3d1354b	Plumbagin	CC1=CC(=O)C2=C(C1=O)C=CC=C2O		MSMEG_2295	Mycolicibacterium smegmatis (strain ATCC 700084 / mc(2)155)	A0QR78	TetR	GroovDB	rcp_f78e4cf0bf040d548b46	ligand_modulated_tf_dna_binding	high
edge_00507	CC1=CC(=O)C2C3=C(C(=O)C[C@@]2(C1)O)C(=C4C(=C3)C=CC=C4O)O	9c5fd62ba29878bbc4dbf4fdc944e4d4	2,3-dehydro-UWM6	CC1=CC(=O)C2C3=C(C(=O)C[C@@]2(C1)O)C(=C4C(=C3)C=CC=C4O)O			Streptomyces venezuelae (strain ATCC 10712 / CBS 650.69 / DSM 40230 / JCM 4526 / NBRC 13096 / PD 04745)	Q939Q2	TetR	GroovDB	rcp_ee5bbc26564639e3187c	ligand_modulated_tf_dna_binding	high
edge_00508	CC1=CC2=C(C=C1N)[N+](=C3C=C(C(=CC3=N2)C)N)C4=CC=CC=C4.[Cl-]	8f4196da191608b11dd0dd3b2f4e22ea	Safranin O	CC1=CC2=C(C=C1N)[N+](=C3C=C(C(=CC3=N2)C)N)C4=CC=CC=C4.[Cl-]		SCO4008	Streptomyces coelicolor (strain ATCC BAA-471 / A3(2) / M145)	Q9ADP7	TetR	GroovDB	rcp_52320966d7478a305658	ligand_modulated_tf_dna_binding	high
edge_00509	CC1=CC2=CC(=C3C(=C2C(=C1)O)C(=O)C4=C(C3=O)C(=CC=C4)O)O	9c5fd62ba29878bbc4dbf4fdc944e4d4	Dehydrorabelomycin	CC1=CC2=CC(=C3C(=C2C(=C1)O)C(=O)C4=C(C3=O)C(=CC=C4)O)O		jadR*	Streptomyces venezuelae (strain ATCC 10712 / CBS 650.69 / DSM 40230 / JCM 4526 / NBRC 13096 / PD 04745)	Q939Q2	TetR	GroovDB	rcp_a17f087e66e424f6d1fd	ligand_modulated_tf_dna_binding	high
edge_00510	CC1=CC2=NC3=C(C=C(C=C3)N(C)C)N=C2C=C1N.Cl	e86e5da6075a4bbfc5e5edec5737181f	Neutral red	CC1=CC2=NC3=C(C=C(C=C3)N(C)C)N=C2C=C1N.Cl		eilR	Enterobacter lignolyticus (strain SCF1)	E3G817	TetR	GroovDB	rcp_26ecacc41073b6266302	cellular_tf_ligand_response	high
edge_00511	CC1=CC=C(C=C1)C(=O)[O-]	d34c92c109c7d573654f25487ec0a7a3	4-methylbenzoate	CC1=CC=C(C=C1)C(=O)[O-]		XylS	Pseudomonas putida;pWW0		AraC/XylS	RegTransBase	rcp_090f3828355b8fe9a761	cellular_tf_ligand_response	medium
edge_00512	CC1=CC=C(C=C1)O	19fc1510d7eed99f825243ece76746a7	4-methylphenol	CC1=CC=C(C=C1)O		TouR	Pseudomonas stutzeri OX1		NtrC/XylR	RegTransBase	rcp_f2a0496f56df1a6ac32c	cellular_tf_ligand_response	high
edge_00513	CC1=CC=C(C=C1)O	d71a5f0ba47b0a0edf233917ad3c036d	4-methylphenol	CC1=CC=C(C=C1)O		dmpR	Pseudomonas sp. CF600	CAA48174	NtrC/XylR	RegTransBase	rcp_76fbe14a4b731bdf8f6d;rcp_dff290c8c7cd0e724cd2	cellular_tf_ligand_response	high
edge_00514	CC1=CC=C(C=C1)[N+](=O)[O-]	676eab037c878bfed933ed17ce320e00	4-Nitrotoluene	CC1=CC=C(C=C1)[N+](=O)[O-]			Pseudomonas putida (strain DOT-T1E)	Q93PU6	IclR	GroovDB	rcp_7785e75e31b076623002	ligand_modulated_tf_dna_binding	high
edge_00515	CC1=CC=CC=C1	3bedc06e27234fab30b562790f83d82e	Toluene	CC1=CC=CC=C1		SepR	Pseudomonas putida F1		IclR	RegTransBase	rcp_e397d4e0b151e7d6f631	proximal_cellular	medium
edge_00516	CC1=CC=CC=C1	676eab037c878bfed933ed17ce320e00	Toluene	CC1=CC=CC=C1		TtgV	Pseudomonas putida DOT-T1E		IclR	RegTransBase	rcp_fb0333e1fba88e441b53	direct_effector_binding	high
edge_00517	CC1=CC=CC=C1C(=O)[O-]	d34c92c109c7d573654f25487ec0a7a3	2-methylbenzoate	CC1=CC=CC=C1C(=O)[O-]		XylS	Pseudomonas putida;pWW0		AraC/XylS	RegTransBase	rcp_63638f887097a9d0db41	cellular_tf_response_exact_ligand_not_confirmed	medium
edge_00518	CC1=CC=CC=C1O	19fc1510d7eed99f825243ece76746a7	2-methylphenol	CC1=CC=CC=C1O		TouR	Pseudomonas stutzeri OX1		NtrC/XylR	RegTransBase	rcp_7b98d9549ea6f7a76fbf	cellular_tf_ligand_response	high
edge_00519	CC1=CC=CC=C1O	cb3da3a785085a564f37f469702e6526	2-methylphenol	CC1=CC=CC=C1O		PhhR	Pseudomonas putida P35X		NtrC/XylR	RegTransBase	rcp_4642c48af5bba4be577c	cellular_tf_ligand_response	high
edge_00520	CC1=CC=CC=C1O	d71a5f0ba47b0a0edf233917ad3c036d	2-methylphenol	CC1=CC=CC=C1O		DmpR	Pseudomonas putida		NtrC/XylR	RegTransBase	rcp_4141ac2a827edfb2c71a;rcp_4cae7f0697f6f88c3977;rcp_79a254541011dd268b17;rcp_a48eadf4c89c690d33ac	proximal_mechanistic_reporter_response	high
edge_00521	CC1=NC=C(C(=C1O)C=O)COP(=O)(O)O	a62e1da6d2161478febb0f9c49401e21	Pyridoxal phosphate	CC1=NC=C(C(=C1O)C=O)COP(=O)(O)O		gabR	Bacillus subtilis (strain 168)	P94426	GntR	GroovDB	rcp_757f69b0e3e48ee1a211	ligand_modulated_tf_dna_binding	high
edge_00522	CC1=NC=C(C(=C1O)CO)CO	cf1ac1423df53baa207595f5ca539e78	Pyridoxine	CC1=NC=C(C(=C1O)CO)CO		JTY_2262	Mycobacterium tuberculosis (strain ATCC 25618 / H37Rv)	P9WMC5	TetR	GroovDB	rcp_fa2622e766ff8d820791	ligand_modulated_tf_dna_binding	high
edge_00523	CC1=[N+](C2=CC=CC=C2C(=C1)N)CCCCCCCCCC[N+]3=C(C=C(C4=CC=CC=C43)N)C	33173afe48219fc9da31d27e924406ce	Dequalinium	CC1=[N+](C2=CC=CC=C2C(=C1)N)CCCCCCCCCC[N+]3=C(C=C(C4=CC=CC=C43)N)C		RamR	Salmonella typhimurium (strain 14028s / SGSC 2262)	A0A0F6AY66	TetR	GroovDB	rcp_1613939f4c009db23f86	ligand_modulated_tf_dna_binding	high
edge_00524	CC1=[N+](C2=CC=CC=C2C(=C1)N)CCCCCCCCCC[N+]3=C(C=C(C4=CC=CC=C43)N)C	506feb33435607c1483aefbbb4983a16	dequalinium	CC1=[N+](C2=CC=CC=C2C(=C1)N)CCCCCCCCCC[N+]3=C(C=C(C4=CC=CC=C43)N)C		QacR	Staphylococcus aureus	P0A0N4	TetR	manual_tetr_seed	rcp_19567af1eba71825609e	direct_binding_or_ligand_bound_structure	high
edge_00525	CC1C2=C(C3C(O1)CC(=O)O3)C(=O)C4=C(C2=O)C(=CC=C4)O	b5744adeed2a2bf91a5ea03120e4ce28	Kalafungin	CC1C2=C(C3C(O1)CC(=O)O3)C(=O)C4=C(C2=O)C(=CC=C4)O		actII	Streptomyces coelicolor	Q53901	TetR	GroovDB	rcp_63f3b2177cf1f0262c90	ligand_modulated_tf_dna_binding	high
edge_00526	CC1CCC2=C1C=CC3=C2C=CC4=C3C=CC(=C4)OC	251d5060d829fe11af9400e3fbc9c610	Heptaene	CC1CCC2=C1C=CC3=C2C=CC4=C3C=CC(=C4)OC		atrA	Streptomyces coelicolor (strain ATCC BAA-471 / A3(2) / M145)	Q9F3K5	Unknown	GroovDB	rcp_5c5d7a7c84ccc2e255cc	homolog_direct_dna_binding_modulation	medium
edge_00527	CC=C(C)C(=O)SCCNC(=O)CCNC(=O)C(C(C)(C)COP(=O)(O)OP(=O)(O)OCC1C(C(C(O1)N2C=NC3=C(N=CN=C32)N)O)OP(=O)(O)O)O	39bbdc17542b17769e1766121f5da97e	Methylcrotonyl-CoA	CC=C(C)C(=O)SCCNC(=O)CCNC(=O)C(C(C)(C)COP(=O)(O)OP(=O)(O)OCC1C(C(C(O1)N2C=NC3=C(N=CN=C32)N)O)OP(=O)(O)O)O		AccR	Streptomyces avermitilis (strain ATCC 31267 / DSM 46492 / JCM 5070 / NBRC 14893 / NCIMB 12804 / NRRL 8165 / MA-4680)	Q82CR4	TetR	GroovDB	rcp_cf147324212d0be529ed	ligand_modulated_tf_dna_binding	high
edge_00528	CC=O	628315628998122cf7d35a6561032d10	Acetaldehyde	CC=O		SACE_1906	Saccharopolyspora erythraea (strain ATCC 11635 / DSM 40517 / JCM 4748 / NBRC 13426 / NCIMB 8594 / NRRL 2338)	A4FAZ2	TetR	GroovDB	rcp_db248865f300973cdc11	ligand_modulated_tf_dna_binding	high
edge_00529	CCC#CC(C)C1(C(=O)NC(=O)N(C1=O)C)CC=C	3ad8d1ac9fa33321ec719e1144338f5c	Methohexital	CCC#CC(C)C1(C(=O)NC(=O)N(C1=O)C)CC=C		bm3R1	Priestia megaterium	P43506	TetR	GroovDB	rcp_d94fb858f78bcd1ef145	ligand_modulated_tf_dna_binding	high
edge_00530	CCC(=O)SCCNC(=O)CCNC(=O)[C@@H](C(C)(C)COP(=O)(O)OP(=O)(O)OC[C@@H]1[C@H]([C@H]([C@@H](O1)N2C=NC3=C(N=CN=C32)N)O)OP(=O)(O)O)O	39bbdc17542b17769e1766121f5da97e	Propionyl-CoA	CCC(=O)SCCNC(=O)CCNC(=O)[C@@H](C(C)(C)COP(=O)(O)OP(=O)(O)OC[C@@H]1[C@H]([C@H]([C@@H](O1)N2C=NC3=C(N=CN=C32)N)O)OP(=O)(O)O)O		AccR	Streptomyces avermitilis (strain ATCC 31267 / DSM 46492 / JCM 5070 / NBRC 14893 / NCIMB 12804 / NRRL 8165 / MA-4680)	Q82CR4	TetR	GroovDB	rcp_13b5fded7b57d80ac90f;rcp_8c9b183fdbf005739b26	direct_in_vitro_dna_binding_modulation	medium
edge_00531	CCC(=O)SCCNC(=O)CCNC(=O)[C@@H](C(C)(C)COP(=O)(O)OP(=O)(O)OC[C@@H]1[C@H]([C@H]([C@@H](O1)N2C=NC3=C(N=CN=C32)N)O)OP(=O)(O)O)O	835f21714bb531002455a326afe89c63	Propionyl-CoA	CCC(=O)SCCNC(=O)CCNC(=O)[C@@H](C(C)(C)COP(=O)(O)OP(=O)(O)OC[C@@H]1[C@H]([C@H]([C@@H](O1)N2C=NC3=C(N=CN=C32)N)O)OP(=O)(O)O)O		AcrT	Saccharopolyspora erythraea (strain ATCC 11635 / DSM 40517 / JCM 4748 / NBRC 13426 / NCIMB 8594 / NRRL 2338)	A4FGS6	TetR	GroovDB	rcp_2d713e93823be540df4e;rcp_84bf89dc2174fb106524	direct_ligand_binding	high
edge_00532	CCC(=O)SCCNC(=O)CCNC(=O)[C@@H](C(C)(C)COP(=O)(O)OP(=O)(O)OC[C@@H]1[C@H]([C@H]([C@@H](O1)N2C=NC3=C(N=CN=C32)N)O)OP(=O)(O)O)O	efd434f12dfcb5e89f13c44d637deba2	Propionyl-CoA	CCC(=O)SCCNC(=O)CCNC(=O)[C@@H](C(C)(C)COP(=O)(O)OP(=O)(O)OC[C@@H]1[C@H]([C@H]([C@@H](O1)N2C=NC3=C(N=CN=C32)N)O)OP(=O)(O)O)O		BkdR	Streptomyces albidoflavus	D6B1F8	TetR	GroovDB	rcp_c00e3b432a0d96920a1e;rcp_c2b9c9ba82f62079b05a	direct_in_vitro_dna_binding_modulation	high
edge_00533	CCC(=O)[O-]	efd434f12dfcb5e89f13c44d637deba2	Propionate	CCC(=O)[O-]		BkdR	Streptomyces albidoflavus	D6B1F8	TetR	GroovDB	rcp_8cf301aa3cbf141fd43a	ligand_modulated_tf_dna_binding	high
edge_00534	CCC(C(=O)C)(C(=O)O)O	06ca4eea8ba87c5d3718a5b9e34adfe7	acetohydroxybutyrate	CCC(C(=O)C)(C(=O)O)O		IlvY	Escherichia coli;K12 MG1655	P05827	LysR	PRODORIC	rcp_b63767b6f59819c9b159	direct_ligand_modulation_of_protein_DNA_complex	high
edge_00535	CCC(C)C1C(=O)NC(C(=O)NC(=C)C(=O)NC(C(=O)NC23CCC(=NC2C4=CSC(=N4)C(C(OC(=O)C5=NC6=C(C=CC(C6O)N1)C(=C5)C(C)O)C)NC(=O)C7=CSC(=N7)C(NC(=O)C8CSC(=N8)/C(=C\C)/NC(=O)C(NC(=O)C9=CSC3=N9)C(C)O)C(C)(C(C)O)O)C1=NC(=CS1)C(=O)NC(=C)C(=O)NC(=C)C(=O)N)C)C	1042fb45135c548468d283c26863636e	Thiostrepton	CCC(C)C1C(=O)NC(C(=O)NC(=C)C(=O)NC(C(=O)NC23CCC(=NC2C4=CSC(=N4)C(C(OC(=O)C5=NC6=C(C=CC(C6O)N1)C(=C5)C(C)O)C)NC(=O)C7=CSC(=N7)C(NC(=O)C8CSC(=N8)/C(=C\C)/NC(=O)C(NC(=O)C9=CSC3=N9)C(C)O)C(C)(C(C)O)O)C1=NC(=CS1)C(=O)NC(=C)C(=O)NC(=C)C(=O)N)C)C		SAV4189	Streptomyces avermitilis (strain ATCC 31267 / DSM 46492 / JCM 5070 / NBRC 14893 / NCIMB 12804 / NRRL 8165 / MA-4680)	Q82FR3	MarR	GroovDB	rcp_30c19542f956c52ea114	ligand_modulated_tf_dna_binding	high
edge_00536	CCC(C)C1C(=O)OC2N1C3=C(C4=C2C=C(C=C4O)C)C(=O)C5=C(C3=O)C(=CC=C5)OC6CC(C(C(O6)C)O)O	00aa3b70d1ba14e5539a7f104dddf959	Jadomycin B	CCC(C)C1C(=O)OC2N1C3=C(C4=C2C=C(C=C4O)C)C(=O)C5=C(C3=O)C(=CC=C5)OC6CC(C(C(O6)C)O)O		avaR2	Streptomyces avermitilis (strain ATCC 31267 / DSM 46492 / JCM 5070 / NBRC 14893 / NCIMB 12804 / NRRL 8165 / MA-4680)	Q82H44	TetR	GroovDB	rcp_4135952cee7d68acac1d	ligand_modulated_tf_dna_binding	high
edge_00537	CCC(C)C1C(=O)OC2N1C3=C(C4=C2C=C(C=C4O)C)C(=O)C5=C(C3=O)C(=CC=C5)OC6CC(C(C(O6)C)O)O	74bb8bb9d9b2e45649417fb382053772	Jadomycin B	CCC(C)C1C(=O)OC2N1C3=C(C4=C2C=C(C=C4O)C)C(=O)C5=C(C3=O)C(=CC=C5)OC6CC(C(C(O6)C)O)O		jadR2	Streptomyces venezuelae	Q56153	TetR	GroovDB	rcp_6fcea5cbe6894c3ef744	ligand_modulated_tf_dna_binding	high
edge_00538	CCC1=CC(=CC=C1)O	676eab037c878bfed933ed17ce320e00	3-Ethylphenol	CCC1=CC(=CC=C1)O			Pseudomonas putida (strain DOT-T1E)	Q93PU6	IclR	GroovDB	rcp_77ee07aa08a560b80716	ligand_modulated_tf_dna_binding	high
edge_00539	CCC1=CC(=CC=C1)O	d71a5f0ba47b0a0edf233917ad3c036d	3-ethylphenol	CCC1=CC(=CC=C1)O		DmpR	Plasmid pVI150		NtrC/XylR	RegTransBase	rcp_5a6fe075a4225b8af7d5	cellular_tf_ligand_response	high
edge_00540	CCC1=CC=C(C=C1)O	d71a5f0ba47b0a0edf233917ad3c036d	4-ethylphenol	CCC1=CC=C(C=C1)O		dmpR	Pseudomonas sp. CF600	CAA48174	NtrC/XylR	RegTransBase	rcp_cf5a2d65ece73f539667	cellular_or_proximal_response_only	medium
edge_00541	CCC1=CC=CC=C1O	d71a5f0ba47b0a0edf233917ad3c036d	ethylphenol	CCC1=CC=CC=C1O		DmpR	Plasmid pVI150		NtrC/XylR	RegTransBase	rcp_52992d0772ab0340aafa;rcp_7a26aba6612765316f36	cellular_proximal_aromatic_effector_response	medium
edge_00542	CCC1C(=O)N2CCCC2C(=O)N(C(C(=O)N3CCC(=O)CC3C(=O)NC(C(=O)OC(C(C(=O)N1)NC(=O)C4=C(C=CC=N4)O)C)C5=CC=CC=C5)CC6=CC=C(C=C6)N(C)C)C	b89053d58d59e37cbd4fe3dbb61fcf6c	Pristinamycin I	CCC1C(=O)N2CCCC2C(=O)N(C(C(=O)N3CCC(=O)CC3C(=O)NC(C(=O)OC(C(C(=O)N1)NC(=O)C4=C(C=CC=N4)O)C)C5=CC=CC=C5)CC6=CC=C(C=C6)N(C)C)C		Pip	Streptomyces coelicolor (strain ATCC BAA-471 / A3(2) / M145)	Q9ADN3	TetR	GroovDB	rcp_a0016ebf14139732633c	ligand_modulated_tf_dna_binding	high
edge_00543	CCCC(=O)CC(=O)NC1CCOC1=O	05773f9158994913b1b19cee47a58ea9	N-(3-oxo-hexanoyl)-L-homoserine lactone	CCCC(=O)CC(=O)NC1CCOC1=O		ExpR	Erwinia chrysanthemi str. 3937		LuxR	RegTransBase	rcp_d9d7d8d1fda38bb3afc1	direct_ligand_binding	high
edge_00544	CCCC(=O)CC(=O)NC1CCOC1=O	3949f4c0d0e39ba4803f50639fea56ba	N-(3-oxohexanoyl) homoserine lactone	CCCC(=O)CC(=O)NC1CCOC1=O		LuxR	Vibrio fischeri		LuxR	RegTransBase	rcp_a12b47b21bf726db012d	cognate_qs_regulatory_evidence	high
edge_00545	CCCC(=O)CC(=O)NC1CCOC1=O	ed936ddffac7b5b0fc2b3cc71cb34561	N-(3-oxo-hexanoyl)-homoserine lactone	CCCC(=O)CC(=O)NC1CCOC1=O		LuxR	Vibrio fischeri	AF170104	LuxR	RegTransBase	rcp_1540c3457c71274021c6;rcp_c7885700cc7c848227e1	cognate_qs_regulatory_evidence	high
edge_00546	CCCC(=O)CC(=O)N[C@H]1CCOC1=O	a0edde51da66305713e8b7e3103c58a8	3OC6HSL	CCCC(=O)CC(=O)N[C@H]1CCOC1=O		carR	Pectobacterium carotovorum subsp. carotovorum	Q46751	LuxR	GroovDB	rcp_40680562b5245fb7b519	ligand_modulated_tf_dna_binding	high
edge_00547	CCCC(=O)CC(=O)N[C@H]1CCOC1=O	ed936ddffac7b5b0fc2b3cc71cb34561	3OC6HSL	CCCC(=O)CC(=O)N[C@H]1CCOC1=O		luxR	Aliivibrio fischeri	P12746	LuxR	GroovDB	rcp_cfb4d497d127fee16b73	cellular_tf_ligand_response	high
edge_00548	CCCC(=O)CC(=O)N[C@H]1CCOC1=O	ffc0b33f8f2158296f7718b02422de03	3OC6HSL	CCCC(=O)CC(=O)N[C@H]1CCOC1=O		esaR	Pantoea stewartii subsp. stewartii	P54293	LuxR	GroovDB	rcp_f90967a4bfdc2c1614b2	direct_physical_binding	high
edge_00549	CCCC(=O)NC1CCOC1=O	420e996a0adeb596fc5d923200c7aaaa	Butanoyl-homoserine lactone	CCCC(=O)NC1CCOC1=O		RhlR	Pseudomonas aeruginosa PAO1		LuxR	RegTransBase	rcp_73005f9b383d24aa8da3	cognate_ahl_dna_modulation	high
edge_00550	CCCC(=O)N[C@H]1CCOC1=O	420e996a0adeb596fc5d923200c7aaaa	N-butyryl homoserine lactone	CCCC(=O)N[C@H]1CCOC1=O		RhlR	Pseudomonas aeruginosa		LuxR	RegTransBase;GroovDB;Ligify2_benchmark	rcp_598347a95bdfd1eb63b1;rcp_9d5d6a379aa3473aff62;rcp_b33ff26cda9a0c6facde;rcp_b694c3f7394d4466d906;rcp_be8a683635346e5f8f51;rcp_c43bfb51279dd342ea4f;rcp_cdcc3c1fb33c094553fa	direct_ligand_binding_cell_based	high
edge_00551	CCCC(=O)OCCC1=CC=CC=C1	e937c04535573a9dbeacf5ab972b0e8d	2-Phenylethyl-butyrate	CCCC(=O)OCCC1=CC=CC=C1		ethR	Mycobacterium tuberculosis (strain ATCC 25618 / H37Rv)	P9WMC1	TetR	GroovDB;Ligify2_benchmark	rcp_28e9135aaf630e051213	cellular_tf_ligand_response	high
edge_00552	CCCC(C)C1(C(=O)NC(=O)NC1=O)CC	3ad8d1ac9fa33321ec719e1144338f5c	Pentobarbital	CCCC(C)C1(C(=O)NC(=O)NC1=O)CC		bm3R1	Priestia megaterium	P43506	TetR	GroovDB	rcp_a9a0fe6a87d4c7aa59f9	ligand_modulated_tf_dna_binding	high
edge_00553	CCCC(CC(=O)NC1CCOC1=O)O	9cdb9b555d9118fe7ff1bb7b25ef46e8	N-(3-OH-Hexanoyl)-L-homoserine lactone	CCCC(CC(=O)NC1CCOC1=O)O		PhzR	Pseudomonas fluorescens 2-79		LuxR	RegTransBase	rcp_218b61a809e55c8cd042	cognate_qs_regulatory_evidence	high
edge_00554	CCCC1=CC=CC=C1O	b2471b931a88b96814abaa16a0499b37	2-propylphenol	CCCC1=CC=CC=C1O		HbpR	Pseudomonas azelaica HBP1		NtrC/XylR	RegTransBase	rcp_c38ff5edc58111292eff	proximal_cellular_response	medium
edge_00555	CCCCC1=CN=C(C=C1)C(=O)O	34ded561ec6698344bffa193f5e47deb	fusaric acid	CCCCC1=CN=C(C=C1)C(=O)O		PhlF	Pseudomonas fluorescens CHA0	AF207529	TetR	RegTransBase	rcp_281a7ae119021495e58d	cellular_response	medium
edge_00556	CCCCC1=CN=C(C=C1)C(=O)O	5b13d97c4fdfb6269ae9b78be3217833	Fusaric acid	CCCCC1=CN=C(C=C1)C(=O)O		FusR2	Burkholderia thailandensis (strain ATCC 700388 / DSM 13276 / CCUG 48851 / CIP 106301 / E264)	Q2T831	MarR	GroovDB	rcp_731b4fb1b6712895f663	direct_ligand_binding	high
edge_00557	CCCCCC(=O)CC(=O)N[C@H]1CCOC1=O	315246e1592c61520cdd5bb5c328acd2	N-3-oxo-octanoyl-L-homoserine lactone	CCCCCC(=O)CC(=O)N[C@H]1CCOC1=O		TraR	Agrobacterium tumefaciens		LuxR	RegTransBase;GroovDB;Ligify2_benchmark	rcp_0321f3f7ddb33319b6e5;rcp_36fac247669703c11093;rcp_6a1b93935aa5520cea9f;rcp_728de895b785046f0faa;rcp_8b9f0490c8539fd806af;rcp_9e66009f80f897962414;rcp_a0fdc7b4a77b8fecde91;rcp_f0892bc52e1cfe0e1755	direct_ligand_binding_and_dna_binding_modulation	high
edge_00558	CCCCCC/C=C\CCCCCCCC(=O)O	d89f157e6e8c06b77e414468ebe1fdf6	Palmitoleic acid	CCCCCC/C=C\CCCCCCCC(=O)O		tcpN	Vibrio cholerae serotype O1 (strain ATCC 39541 / Classical Ogawa 395 / O395)	A5F384	AraC/XylS	GroovDB	rcp_300c479d532951a00504	ligand_modulated_tf_dna_binding	high
edge_00559	CCCCCC/C=C\CCCCCCCC(=O)SCCNC(=O)CCNC(=O)[C@@H](C(C)(C)COP(=O)([O-])OP(=O)([O-])OC[C@@H]1[C@H]([C@H]([C@@H](O1)N2C=NC3=C(N=CN=C32)N)O)OP(=O)([O-])[O-])O	4b1c49336f542caa28c1c038b9989699	Palmitoleoyl CoA	CCCCCC/C=C\CCCCCCCC(=O)SCCNC(=O)CCNC(=O)[C@@H](C(C)(C)COP(=O)([O-])OP(=O)([O-])OC[C@@H]1[C@H]([C@H]([C@@H](O1)N2C=NC3=C(N=CN=C32)N)O)OP(=O)([O-])[O-])O		desT	Pseudomonas aeruginosa (strain ATCC 15692 / DSM 22644 / CIP 104116 / JCM 14847 / LMG 12228 / 1C / PRS 101 / PAO1)	Q9HUS3	TetR	GroovDB	rcp_43c0364f825d7ac29d1f	ligand_modulated_tf_dna_binding	high
edge_00560	CCCCCC1=C(C(=CC(=C1)O)O)C(=O)O	c9c6b4714ddbf9e260eb72b453e99ce6	Olivetolic acid	CCCCCC1=C(C(=CC(=C1)O)O)C(=O)O		SEE04737	Rhizobiales bacterium GAS188	A0A1H5FMT9	TetR	GroovDB	rcp_ea63d42f3aa4de4f88c2	cellular_tf_ligand_response	high
edge_00561	CCCCCC1=CC(=C(C(=C1C(=O)O)O)[C@@H]2C=C(CC[C@H]2C(=C)C)C)O	706ea653ec20b9b1cdd43aac78d1c31c	Cannabidiolic acid	CCCCCC1=CC(=C(C(=C1C(=O)O)O)[C@@H]2C=C(CC[C@H]2C(=C)C)C)O		Saro_0803	Novosphingobium aromaticivorans (strain ATCC 700278 / DSM 12444 / CCUG 56034 / CIP 105152 / NBRC 16084 / F199)	Q2GA75	MarR	GroovDB	rcp_6551aa3082fb74a84dd3	cellular_tf_ligand_response	high
edge_00562	CCCCCCCC/C=C\CCCCCCCC(=O)O	926d1f4405dc0193cea5c601961b432d	Oleate	CCCCCCCC/C=C\CCCCCCCC(=O)O		psrA	Pseudomonas aeruginosa (strain ATCC 15692 / DSM 22644 / CIP 104116 / JCM 14847 / LMG 12228 / 1C / PRS 101 / PAO1)	Q9HZJ9	TetR	GroovDB;Ligify2_benchmark	rcp_3e9507cc948f371c4c0d	ligand_modulated_tf_dna_binding	high
edge_00563	CCCCCCCC/C=C\CCCCCCCC(=O)O	d89f157e6e8c06b77e414468ebe1fdf6	Oleic acid	CCCCCCCC/C=C\CCCCCCCC(=O)O		tcpN	Vibrio cholerae serotype O1 (strain ATCC 39541 / Classical Ogawa 395 / O395)	A5F384	AraC/XylS	GroovDB	rcp_b4f8d8ecc050cd3ca810	ligand_modulated_tf_dna_binding	high
edge_00564	CCCCCCCC/C=C\CCCCCCCC(=O)SCCNC(=O)CCNC(=O)[C@@H](C(C)(C)COP(=O)(O)OP(=O)(O)OC[C@@H]1[C@H]([C@H]([C@@H](O1)N2C=NC3=C(N=CN=C32)N)O)OP(=O)(O)O)O	0eb295c878e6bffb4fb1cd21912e321a	Oleoyl-CoA	CCCCCCCC/C=C\CCCCCCCC(=O)SCCNC(=O)CCNC(=O)[C@@H](C(C)(C)COP(=O)(O)OP(=O)(O)OC[C@@H]1[C@H]([C@H]([C@@H](O1)N2C=NC3=C(N=CN=C32)N)O)OP(=O)(O)O)O			Vibrio cholerae serotype O1 (strain ATCC 39315 / El Tor Inaba N16961)	Q9KQU8	GntR	GroovDB;Ligify2_benchmark	rcp_43da820d706dcd8c83fe	emsa_dna_modulation	high
edge_00565	CCCCCCCC/C=C\CCCCCCCC(=O)SCCNC(=O)CCNC(=O)[C@@H](C(C)(C)COP(=O)(O)OP(=O)(O)OC[C@@H]1[C@H]([C@H]([C@@H](O1)N2C=NC3=C(N=CN=C32)N)O)OP(=O)(O)O)O	11d03f3cb920c326a6a1589e89b80b51	Oleoyl-CoA	CCCCCCCC/C=C\CCCCCCCC(=O)SCCNC(=O)CCNC(=O)[C@@H](C(C)(C)COP(=O)(O)OP(=O)(O)OC[C@@H]1[C@H]([C@H]([C@@H](O1)N2C=NC3=C(N=CN=C32)N)O)OP(=O)(O)O)O		FdmR	Mycobacterium marinum (strain ATCC BAA-535 / M)	B2HN25	TetR	GroovDB	rcp_f450cb01387ca548ea7a	direct_ligand_binding	high
edge_00566	CCCCCCCC/C=C\CCCCCCCC(=O)SCCNC(=O)CCNC(=O)[C@@H](C(C)(C)COP(=O)(O)OP(=O)(O)OC[C@@H]1[C@H]([C@H]([C@@H](O1)N2C=NC3=C(N=CN=C32)N)O)OP(=O)(O)O)O	4b1c49336f542caa28c1c038b9989699	Oleoyl CoA	CCCCCCCC/C=C\CCCCCCCC(=O)SCCNC(=O)CCNC(=O)[C@@H](C(C)(C)COP(=O)(O)OP(=O)(O)OC[C@@H]1[C@H]([C@H]([C@@H](O1)N2C=NC3=C(N=CN=C32)N)O)OP(=O)(O)O)O		desT	Pseudomonas aeruginosa (strain ATCC 15692 / DSM 22644 / CIP 104116 / JCM 14847 / LMG 12228 / 1C / PRS 101 / PAO1)	Q9HUS3	TetR	GroovDB	rcp_abd4f1e629cd73e8da42	ligand_modulated_tf_dna_binding	high
edge_00567	CCCCCCCC/C=C\CCCCCCCC(=O)SCCNC(=O)CCNC(=O)[C@@H](C(C)(C)COP(=O)(O)OP(=O)(O)OC[C@@H]1[C@H]([C@H]([C@@H](O1)N2C=NC3=C(N=CN=C32)N)O)OP(=O)(O)O)O	ec60f63c47e5fd0a61903238b5e328e8	Oleoyl-CoA	CCCCCCCC/C=C\CCCCCCCC(=O)SCCNC(=O)CCNC(=O)[C@@H](C(C)(C)COP(=O)(O)OP(=O)(O)OC[C@@H]1[C@H]([C@H]([C@@H](O1)N2C=NC3=C(N=CN=C32)N)O)OP(=O)(O)O)O		CgFasR	Corynebacterium glutamicum (strain ATCC 13032 / DSM 20300 / BCRC 11384 / JCM 1318 / LMG 3730 / NCIMB 10025)	Q8NMS5	TetR	GroovDB	rcp_09ff6c2024514adce05f	ligand_modulated_tf_dna_binding	high
edge_00568	CCCCCCCCC=CCCCCCCCC(=O)SCCNC(=O)CCNC(=O)C(C(C)(C)COP(=O)(O)OP(=O)(O)OCC1C(C(C(O1)N2C=NC3=C(N=CN=C32)N)O)OP(=O)(O)O)O	48835af5c3e5c8f2b7aba321dfbe6aff	Oleyl-CoA	CCCCCCCCC=CCCCCCCCC(=O)SCCNC(=O)CCNC(=O)C(C(C)(C)COP(=O)(O)OP(=O)(O)OCC1C(C(C(O1)N2C=NC3=C(N=CN=C32)N)O)OP(=O)(O)O)O		FadR	Escherichia coli (strain K12)	P0A8V6	GntR	Ligify2024_supplement	rcp_49edcb9b6a73725cf8a4	cellular_tf_ligand_response	high
edge_00569	CCCCCCCCCC(=O)CC(=O)NC1CCOC1=O	997c6c9d59fff099b44ac00dcd232cd6	N-(3-oxododecanoyl)-L-homoserine lactone	CCCCCCCCCC(=O)CC(=O)NC1CCOC1=O		LasR	Pseudomonas aeruginosa PAO1		LuxR	RegTransBase	rcp_72d716740063f1ea9be5	cognate_ahl_receptor	high
edge_00570	CCCCCCCCCC(=O)CC(=O)NC1CCOC1=O	ec99ef81dc7a9d4be5fb76c15ff52681	3-oxododecanoyl-homoserine lactone	CCCCCCCCCC(=O)CC(=O)NC1CCOC1=O		QscR	Pseudomonas aeruginosa PAO1		LuxR	RegTransBase	rcp_52a7b18d674750dbf334	cellular_or_proximal_response_only	medium
edge_00571	CCCCCCCCCC(=O)CC(=O)N[C@H]1CCOC1=O	997c6c9d59fff099b44ac00dcd232cd6	N-(3-oxododecanoyl) homoserine lactone	CCCCCCCCCC(=O)CC(=O)N[C@H]1CCOC1=O		LasR	Pseudomonas aeruginosa		LuxR	RegTransBase;GroovDB	rcp_03061cd23576597bd6b3;rcp_18fe2808bb6d30002c55;rcp_2bce2e8915d03f2dfb75;rcp_45da60048b30df3ea709;rcp_536da223df94835b937e;rcp_54294333e92525aa568b;rcp_7bba6ca1803b56c707cc;rcp_7bbbb93bf3c65ae03b84;rcp_8205ba6bd8c26abd3656;rcp_950eaf4590315215f2a6;rcp_a185e63c8a621fcb37a7;rcp_c4a17ba2d6c5ca0e9ad2;rcp_c7a3c42b463e92c9f4b6;rcp_f55f8b99b9a19e78750a	ligand_required_dna_binding	high
edge_00572	CCCCCCCCCC(=O)CC(=O)N[C@H]1CCOC1=O	ec99ef81dc7a9d4be5fb76c15ff52681	3O-C12-HSL	CCCCCCCCCC(=O)CC(=O)N[C@H]1CCOC1=O		phzR	Pseudomonas aeruginosa	Q9RMS5	LuxR	GroovDB;Ligify2_benchmark	rcp_729e1c2402c739fff13d	ligand_modulated_tf_dna_binding	high
edge_00573	CCCCCCCCCCCC(=O)CC(=O)N[C@H]1CCOC1=O	b8f67a1cefbd62e670965230089a1624	3-Oxo-C14-HSL	CCCCCCCCCCCC(=O)CC(=O)N[C@H]1CCOC1=O		ExpR	Sinorhizobium meliloti (strain SM11)	F7X1S6	LuxR	GroovDB	rcp_7d89b2804f7718c37319	ligand_modulated_tf_dna_binding	high
edge_00574	CCCCCCCCCCCC(=O)O	926d1f4405dc0193cea5c601961b432d	Lauric acid	CCCCCCCCCCCC(=O)O		psrA	Pseudomonas aeruginosa (strain ATCC 15692 / DSM 22644 / CIP 104116 / JCM 14847 / LMG 12228 / 1C / PRS 101 / PAO1)	Q9HZJ9	TetR	GroovDB;Ligify2_benchmark	rcp_526efd9fa7ac5670e420	ligand_modulated_tf_dna_binding	high
edge_00575	CCCCCCCCCCCC(=O)SCCNC(=O)CCNC(=O)[C@@H](C(C)(C)COP(=O)([O-])OP(=O)([O-])OC[C@@H]1[C@H]([C@H]([C@@H](O1)N2C=NC3=C(N=CN=C32)N)O)OP(=O)([O-])[O-])O	d4c9e0637e95d569fcb6bfd8d4ba9d3c	Lauroyl-CoA	CCCCCCCCCCCC(=O)SCCNC(=O)CCNC(=O)[C@@H](C(C)(C)COP(=O)([O-])OP(=O)([O-])OC[C@@H]1[C@H]([C@H]([C@@H](O1)N2C=NC3=C(N=CN=C32)N)O)OP(=O)([O-])[O-])O		TtFadR	Thermus thermophilus (strain ATCC 27634 / DSM 579 / HB8)	Q5SM42	TetR	GroovDB	rcp_04ae26347455065fe9d8	direct_ligand_binding	high
edge_00576	CCCCCCCCCCCC1=CC=C(N1)/C=C\2/C(=CC(=N2)C3=CC=CN3)OC	9fe27b894ed2e51629813cf641347dfa	Undecylprodigiosin	CCCCCCCCCCCC1=CC=C(N1)/C=C\2/C(=CC(=N2)C3=CC=CN3)OC		ScbR2	Streptomyces coelicolor (strain ATCC BAA-471 / A3(2) / M145)	Q93S03	TetR	GroovDB	rcp_1013d62e39f3b732305d	ligand_modulated_tf_dna_binding	high
edge_00577	CCCCCCCCCCCCCC(=O)O	926d1f4405dc0193cea5c601961b432d	Myristic acid	CCCCCCCCCCCCCC(=O)O		psrA	Pseudomonas aeruginosa (strain ATCC 15692 / DSM 22644 / CIP 104116 / JCM 14847 / LMG 12228 / 1C / PRS 101 / PAO1)	Q9HZJ9	TetR	GroovDB;Ligify2_benchmark	rcp_9d22a8f614366480ea75	ligand_modulated_tf_dna_binding	high
edge_00578	CCCCCCCCCCCCCC(=O)SCCNC(=O)CCNC(=O)C(C(C)(C)COP(=O)(O)OP(=O)(O)OC[C@@H]1[C@H]([C@H]([C@@H](O1)N2C=NC3=C(N=CN=C32)N)O)OP(=O)(O)O)O	11d03f3cb920c326a6a1589e89b80b51	Myristoyl-CoA	CCCCCCCCCCCCCC(=O)SCCNC(=O)CCNC(=O)C(C(C)(C)COP(=O)(O)OP(=O)(O)OC[C@@H]1[C@H]([C@H]([C@@H](O1)N2C=NC3=C(N=CN=C32)N)O)OP(=O)(O)O)O		FdmR	Mycobacterium marinum (strain ATCC BAA-535 / M)	B2HN25	TetR	GroovDB	rcp_b6789caf1284af4706ea	direct_ligand_binding	high
edge_00579	CCCCCCCCCCCCCCC(=O)N1CCOC1=O	b8f67a1cefbd62e670965230089a1624	C14-HSL	CCCCCCCCCCCCCCC(=O)N1CCOC1=O		ExpR	Sinorhizobium meliloti (strain SM11)	F7X1S6	LuxR	GroovDB	rcp_91a6e4dbe8ee6e0c2e83	ligand_modulated_tf_dna_binding	high
edge_00580	CCCCCCCCCCCCCCC(=O)N[C@H]1CCOC1=O	b8f67a1cefbd62e670965230089a1624	C15-HSL	CCCCCCCCCCCCCCC(=O)N[C@H]1CCOC1=O		ExpR	Sinorhizobium meliloti (strain SM11)	F7X1S6	LuxR	GroovDB	rcp_a80c46fa4829cf81b3ba	ligand_modulated_tf_dna_binding	high
edge_00581	CCCCCCCCCCCCCCCC(=O)N[C@H]1CCOC1=O	b8f67a1cefbd62e670965230089a1624	C16:1-HSL	CCCCCCCCCCCCCCCC(=O)N[C@H]1CCOC1=O		ExpR	Sinorhizobium meliloti (strain SM11)	F7X1S6	LuxR	GroovDB	rcp_96d17770873ee1d6bb86	ligand_modulated_tf_dna_binding	high
edge_00582	CCCCCCCCCCCCCCCC(=O)O	65f2fed2a71933ce807698e07b3ebd0c	Palmitic acid	CCCCCCCCCCCCCCCC(=O)O		AlkX	Dietzia sp. DQ12-45-1b	G3EIL4	TetR	GroovDB	rcp_016668eaf47c0caccdff	ligand_modulated_tf_dna_binding	high
edge_00583	CCCCCCCCCCCCCCCC(=O)O	66f53987495986c37873f2128def1b65	Palmitic acid	CCCCCCCCCCCCCCCC(=O)O		Rv0302	Mycobacterium tuberculosis (strain ATCC 25618 / H37Rv)	O07229	TetR	GroovDB	rcp_c48f4cf537c37bdd5f7e	direct_physical_binding	high
edge_00584	CCCCCCCCCCCCCCCC(=O)O	926d1f4405dc0193cea5c601961b432d	Palmitic acid	CCCCCCCCCCCCCCCC(=O)O		psrA	Pseudomonas aeruginosa (strain ATCC 15692 / DSM 22644 / CIP 104116 / JCM 14847 / LMG 12228 / 1C / PRS 101 / PAO1)	Q9HZJ9	TetR	GroovDB;Ligify2_benchmark	rcp_c34e81b79b880149381f	ligand_modulated_tf_dna_binding	high
edge_00585	CCCCCCCCCCCCCCCC(=O)SCCNC(=O)CCNC(=O)[C@@H](C(C)(C)COP(=O)(O)OP(=O)(O)OC[C@@H]1[C@H]([C@H]([C@@H](O1)N2C=NC3=C(N=CN=C32)N)O)OP(=O)(O)O)O	0eb295c878e6bffb4fb1cd21912e321a	Palmitoyl-CoA	CCCCCCCCCCCCCCCC(=O)SCCNC(=O)CCNC(=O)[C@@H](C(C)(C)COP(=O)(O)OP(=O)(O)OC[C@@H]1[C@H]([C@H]([C@@H](O1)N2C=NC3=C(N=CN=C32)N)O)OP(=O)(O)O)O		fadR	Vibrio cholerae serotype O1 (strain ATCC 39315 / El Tor Inaba N16961)	Q9KQU8	GntR	GroovDB;Ligify2_benchmark	rcp_414e93c5c827a3249336	ligand_modulated_tf_dna_binding	high
edge_00586	CCCCCCCCCCCCCCCC(=O)SCCNC(=O)CCNC(=O)[C@@H](C(C)(C)COP(=O)(O)OP(=O)(O)OC[C@@H]1[C@H]([C@H]([C@@H](O1)N2C=NC3=C(N=CN=C32)N)O)OP(=O)(O)O)O	11d03f3cb920c326a6a1589e89b80b51	Palmitoyl-CoA	CCCCCCCCCCCCCCCC(=O)SCCNC(=O)CCNC(=O)[C@@H](C(C)(C)COP(=O)(O)OP(=O)(O)OC[C@@H]1[C@H]([C@H]([C@@H](O1)N2C=NC3=C(N=CN=C32)N)O)OP(=O)(O)O)O		FdmR	Mycobacterium marinum (strain ATCC BAA-535 / M)	B2HN25	TetR	GroovDB	rcp_e37779ed16c37e83d5ad	direct_physical_binding	high
edge_00587	CCCCCCCCCCCCCCCC(=O)SCCNC(=O)CCNC(=O)[C@@H](C(C)(C)COP(=O)(O)OP(=O)(O)OC[C@@H]1[C@H]([C@H]([C@@H](O1)N2C=NC3=C(N=CN=C32)N)O)OP(=O)(O)O)O	4b1c49336f542caa28c1c038b9989699	Palmitoyl CoA	CCCCCCCCCCCCCCCC(=O)SCCNC(=O)CCNC(=O)[C@@H](C(C)(C)COP(=O)(O)OP(=O)(O)OC[C@@H]1[C@H]([C@H]([C@@H](O1)N2C=NC3=C(N=CN=C32)N)O)OP(=O)(O)O)O		desT	Pseudomonas aeruginosa (strain ATCC 15692 / DSM 22644 / CIP 104116 / JCM 14847 / LMG 12228 / 1C / PRS 101 / PAO1)	Q9HUS3	TetR	GroovDB	rcp_218d941e046e5bb6d969	ligand_modulated_tf_dna_binding	high
edge_00588	CCCCCCCCCCCCCCCC(=O)SCCNC(=O)CCNC(=O)[C@@H](C(C)(C)COP(=O)(O)OP(=O)(O)OC[C@@H]1[C@H]([C@H]([C@@H](O1)N2C=NC3=C(N=CN=C32)N)O)OP(=O)(O)O)O	a2f6386037598bff7ebd47be6cd449cc	Palmityl-CoA	CCCCCCCCCCCCCCCC(=O)SCCNC(=O)CCNC(=O)[C@@H](C(C)(C)COP(=O)(O)OP(=O)(O)OC[C@@H]1[C@H]([C@H]([C@@H](O1)N2C=NC3=C(N=CN=C32)N)O)OP(=O)(O)O)O		Fad35R	Mycobacterium tuberculosis (strain ATCC 25618 / H37Rv)	O06169	TetR	GroovDB;Ligify2_benchmark	rcp_bef6cfd19f78e1ffe928	ligand_modulated_tf_dna_binding	high
edge_00589	CCCCCCCCCCCCCCCC(=O)SCCNC(=O)CCNC(=O)[C@@H](C(C)(C)COP(=O)(O)OP(=O)(O)OC[C@@H]1[C@H]([C@H]([C@@H](O1)N2C=NC3=C(N=CN=C32)N)O)OP(=O)(O)O)O	ec60f63c47e5fd0a61903238b5e328e8	Palmitoyl-CoA	CCCCCCCCCCCCCCCC(=O)SCCNC(=O)CCNC(=O)[C@@H](C(C)(C)COP(=O)(O)OP(=O)(O)OC[C@@H]1[C@H]([C@H]([C@@H](O1)N2C=NC3=C(N=CN=C32)N)O)OP(=O)(O)O)O		CgFasR	Corynebacterium glutamicum (strain ATCC 13032 / DSM 20300 / BCRC 11384 / JCM 1318 / LMG 3730 / NCIMB 10025)	Q8NMS5	TetR	GroovDB	rcp_5a443d0ae34ca9e837e0	ligand_modulated_tf_dna_binding	high
edge_00590	CCCCCCCCCCCCCCCCCC(=O)N[C@H]1CCOC1=O	b8f67a1cefbd62e670965230089a1624	C18-HSL	CCCCCCCCCCCCCCCCCC(=O)N[C@H]1CCOC1=O		ExpR	Sinorhizobium meliloti (strain SM11)	F7X1S6	LuxR	GroovDB	rcp_5ffbac537b16aab1d2ed	ligand_modulated_tf_dna_binding	high
edge_00591	CCCCCCCCCCCCCCCCCC(=O)OC[C@H](CO)O	e4dc2bf6148e845df2e29e9227f649be	1-Stearoyl-sn-glycerol	CCCCCCCCCCCCCCCCCC(=O)OC[C@H](CO)O			Mycobacterium tuberculosis (strain ATCC 25618 / H37Rv)	I6Y8F7	Unknown	GroovDB	rcp_2731341ecfddc692583c	direct_ligand_binding	high
edge_00592	CCCCCCCCCCCCCCCCCC(=O)SCCNC(=O)CCNC(=O)[C@@H](C(C)(C)COP(=O)(O)OP(=O)(O)OC[C@@H]1[C@H]([C@H]([C@@H](O1)N2C=NC3=C(N=CN=C32)N)O)OP(=O)(O)O)O	11d03f3cb920c326a6a1589e89b80b51	Stearoyl-CoA	CCCCCCCCCCCCCCCCCC(=O)SCCNC(=O)CCNC(=O)[C@@H](C(C)(C)COP(=O)(O)OP(=O)(O)OC[C@@H]1[C@H]([C@H]([C@@H](O1)N2C=NC3=C(N=CN=C32)N)O)OP(=O)(O)O)O		FdmR	Mycobacterium marinum (strain ATCC BAA-535 / M)	B2HN25	TetR	GroovDB	rcp_c86071c39e7dc6b48bf4	direct_ligand_binding	high
edge_00593	CCCCCCCCCCCCCCCCCC(=O)SCCNC(=O)CCNC(=O)[C@@H](C(C)(C)COP(=O)(O)OP(=O)(O)OC[C@@H]1[C@H]([C@H]([C@@H](O1)N2C=NC3=C(N=CN=C32)N)O)OP(=O)(O)O)O	4b1c49336f542caa28c1c038b9989699	Stearoyl CoA	CCCCCCCCCCCCCCCCCC(=O)SCCNC(=O)CCNC(=O)[C@@H](C(C)(C)COP(=O)(O)OP(=O)(O)OC[C@@H]1[C@H]([C@H]([C@@H](O1)N2C=NC3=C(N=CN=C32)N)O)OP(=O)(O)O)O		desT	Pseudomonas aeruginosa (strain ATCC 15692 / DSM 22644 / CIP 104116 / JCM 14847 / LMG 12228 / 1C / PRS 101 / PAO1)	Q9HUS3	TetR	GroovDB	rcp_119c6d04a726dc03b461	ligand_modulated_tf_dna_binding	high
edge_00594	CCCCCCCCCCCCCCCCCCCC(=O)SCCNC(=O)CCNC(=O)[C@@H](C(C)(C)COP(=O)(O)OP(=O)(O)OC[C@@H]1[C@H]([C@H]([C@@H](O1)N2C=NC3=C(N=CN=C32)N)O)OP(=O)(O)O)O	6b8725b175b4b4e68a377000f7c5a649	arachidoyl-CoA	CCCCCCCCCCCCCCCCCCCC(=O)SCCNC(=O)CCNC(=O)[C@@H](C(C)(C)COP(=O)(O)OP(=O)(O)OC[C@@H]1[C@H]([C@H]([C@@H](O1)N2C=NC3=C(N=CN=C32)N)O)OP(=O)(O)O)O		MabR	Mycobacterium tuberculosis (strain ATCC 25618 / H37Rv)	P9WPH5	XRE	GroovDB	rcp_3dc3481dbe7f3d7499a4	ligand_modulated_tf_dna_binding	high
edge_00595	CCCCCCCCCCCCCCCCCCCCCC(=O)SCCNC(=O)CCNC(=O)[C@@H](C(C)(C)COP(=O)(O)OP(=O)(O)OC[C@@H]1[C@H]([C@H]([C@@H](O1)N2C=NC3=C(N=CN=C32)N)O)OP(=O)(O)O)O	6b8725b175b4b4e68a377000f7c5a649	behenoyl-CoA	CCCCCCCCCCCCCCCCCCCCCC(=O)SCCNC(=O)CCNC(=O)[C@@H](C(C)(C)COP(=O)(O)OP(=O)(O)OC[C@@H]1[C@H]([C@H]([C@@H](O1)N2C=NC3=C(N=CN=C32)N)O)OP(=O)(O)O)O		MabR	Mycobacterium tuberculosis (strain ATCC 25618 / H37Rv)	P9WPH5	XRE	GroovDB	rcp_381ebfea55a7e6a25ca8	ligand_modulated_tf_dna_binding	high
edge_00596	CCCCCCCCCCCCCCCC[N+](C)(C)C	8f4196da191608b11dd0dd3b2f4e22ea	Cetyltrimethylammonium	CCCCCCCCCCCCCCCC[N+](C)(C)C		SCO4008	Streptomyces coelicolor (strain ATCC BAA-471 / A3(2) / M145)	Q9ADP7	TetR	GroovDB	rcp_9e48cf2e3a81958cd84b	ligand_modulated_tf_dna_binding	high
edge_00597	CCCCCCCCCCCCCC[N+](C)(C)CC1=CC=CC=C1.[Cl-]	8f4196da191608b11dd0dd3b2f4e22ea	Benzalkonium chloride	CCCCCCCCCCCCCC[N+](C)(C)CC1=CC=CC=C1.[Cl-]		SCO4008	Streptomyces coelicolor (strain ATCC BAA-471 / A3(2) / M145)	Q9ADP7	TetR	GroovDB	rcp_c708b179202f8308a8fd	ligand_modulated_tf_dna_binding	high
edge_00598	CCCCCCCCCCCCCC[N+](C)(C)Cc1ccccc1	7dea004b49679ea5fbe2e64036264388	Benzalkonium	CCCCCCCCCCCCCC[N+](C)(C)Cc1ccccc1		MfsR	Stenotrophomonas maltophilia (strain K279a)	B2FTM9	TetR	GroovDB	rcp_c432988190bd29c1e031	ligand_modulated_tf_dna_binding	high
edge_00599	CCCCCCO	676eab037c878bfed933ed17ce320e00	1-hexanol	CCCCCCO		TtgV	Pseudomonas putida DOT-T1E		IclR	RegTransBase	rcp_ea408da70441e2af3b7a	in_vitro_dna_binding_modulation	high
edge_00600	CCCCCS(=O)(=O)[O-]	a5b252bfc3d0b31dc236b5878691cc8c	pentanesulphonate	CCCCCS(=O)(=O)[O-]		AsfR	Pseudomonas putida S-313		LysR	RegTransBase	rcp_a30c27bb0930cd301723	cellular_or_proximal_response_only	medium
edge_00601	CCCCOC(=O)C1=CC=C(C=C1)O	05974c9d02bd051c5aaf05641e13261a	Butylparaben	CCCCOC(=O)C1=CC=C(C=C1)O		PmeR	Pseudomonas syringae pv. tomato (strain ATCC BAA-871 / DC3000)	Q87X86	TetR	GroovDB	rcp_9f9634a312e7bf2b4d32	ligand_modulated_tf_dna_binding	high
edge_00602	CCCCOC(=O)C1=CC=C(C=C1)O	565138dd35eebdf76237e9c0b48f4152	Butyl paraben	CCCCOC(=O)C1=CC=C(C=C1)O		ttgR	Pseudomonas putida (strain DOT-T1E)	Q9AIU0	TetR	GroovDB	rcp_a483f1ffff223e15a55f	ligand_modulated_tf_dna_binding	high
edge_00603	CCCN\1C2=CC=CC=C2O/C1=C\C=C\C3=[N+](C4=CC=CC=C4O3)CCC.[I-]	506feb33435607c1483aefbbb4983a16	3,3'-Dipropyloxacarbocyanine iodide	CCCN\1C2=CC=CC=C2O/C1=C\C=C\C3=[N+](C4=CC=CC=C4O3)CCC.[I-]			Staphylococcus aureus	P0A0N4	TetR	GroovDB	rcp_da645e39e2710a23055f	ligand_modulated_tf_dna_binding	high
edge_00604	CCN1C(=O)C=CC1=O	4b85f20ebdbc76fe82a7617ff61733b4	N-ethylmaleimide	CCN1C(=O)C=CC1=O		CurR	Pseudomonas aeruginosa (strain ATCC 15692 / DSM 22644 / CIP 104116 / JCM 14847 / LMG 12228 / 1C / PRS 101 / PAO1)	Q9I1S1	TetR	GroovDB;Ligify2_benchmark	rcp_6d22f6fde484bb6ce7ca	ligand_modulates_dna_binding	high
edge_00605	CCN1C(=O)C=CC1=O	7ef72b0bab2aa4fe67742c1012ed305f	N-Ethylmaleimide	CCN1C(=O)C=CC1=O			Escherichia coli (strain K12)	P67430	TetR	GroovDB;PRODORIC;Ligify2_benchmark	rcp_5de8760a028bd51155c4;rcp_aadc97b8890e48c93c08	dna_binding_modulation_reactive_effector	medium
edge_00606	CCNC1=C(C)C=C2C(OC3=CC(=NCC)C(C)=CC3=C2C2=CC=CC=C2C(=O)OCC)=C1	f22c0d98570603151db155bf02418a01	Rhodamine 6G	CCNC1=C(C)C=C2C(OC3=CC(=NCC)C(C)=CC3=C2C2=CC=CC=C2C(=O)OCC)=C1		BmrR	Bacillus subtilis (strain 168)	P39075	MerR	GroovDB	rcp_36ffafe5bcb59d38895c	ligand_modulated_tf_dna_binding	high
edge_00607	CCNC1=CC2=C(C=C1C)C(=C3C=C(C(=[NH+]CC)C=C3O2)C)C4=CC=CC=C4C(=O)OCC	1d014875acbf6a6ca30bdc246134d9c3	Rhodamine 6G	CCNC1=CC2=C(C=C1C)C(=C3C=C(C(=[NH+]CC)C=C3O2)C)C4=CC=CC=C4C(=O)OCC		MepR	Staphylococcus aureus	Q5Y812	MarR	GroovDB	rcp_fc498bdbba491a9575fd	direct_physical_binding	high
edge_00608	CCNC1=CC2=C(C=C1C)C(=C3C=C(C(=[NH+]CC)C=C3O2)C)C4=CC=CC=C4C(=O)OCC	bd2c0c3b229e8225d739a3a5570c8f77	Rhodamine 6G	CCNC1=CC2=C(C=C1C)C(=C3C=C(C(=[NH+]CC)C=C3O2)C)C4=CC=CC=C4C(=O)OCC		EcmrR	Escherichia coli O157:H7	A0A8I3B050	MerR	GroovDB	rcp_211c9dcde0093d7eea01	cellular_tf_ligand_response	high
edge_00609	CCNC1=CC2=C(C=C1C)C(=C3C=C(C(=[NH+]CC)C=C3O2)C)C4=CC=CC=C4C(=O)OCC.[Cl-]	27e8f13d77a01af2c9129bf6c6703e9a	rhodamine 6G	CCNC1=CC2=C(C=C1C)C(=C3C=C(C(=[NH+]CC)C=C3O2)C)C4=CC=CC=C4C(=O)OCC.[Cl-]		AcrR	Escherichia coli str. K-12 substr. MG1655	P0ACS9	TetR	RegulonDB;manual_tetr_seed	rcp_8d3104306b9ef19d09ea;rcp_ff495a358e277a01b8db	direct_physical_binding	high
edge_00610	CCNC1=CC2=C(C=C1C)C(=C3C=C(C(=[NH+]CC)C=C3O2)C)C4=CC=CC=C4C(=O)OCC.[Cl-]	33173afe48219fc9da31d27e924406ce	rhodamine 6G	CCNC1=CC2=C(C=C1C)C(=C3C=C(C(=[NH+]CC)C=C3O2)C)C4=CC=CC=C4C(=O)OCC.[Cl-]		RamR	Salmonella enterica	Q8ZR43	TetR	GroovDB;manual_tetr_seed	rcp_477eefbcc238fa05a583;rcp_68d1c3664382fb87df0a	direct_ligand_binding	high
edge_00611	CCNC1=CC2=C(C=C1C)C(=C3C=C(C(=[NH+]CC)C=C3O2)C)C4=CC=CC=C4C(=O)OCC.[Cl-]	506feb33435607c1483aefbbb4983a16	rhodamine 6G	CCNC1=CC2=C(C=C1C)C(=C3C=C(C(=[NH+]CC)C=C3O2)C)C4=CC=CC=C4C(=O)OCC.[Cl-]		QacR	Staphylococcus aureus	P0A0N4	TetR	manual_tetr_seed	rcp_099837da802a4dd10975	direct_ligand_binding	high
edge_00612	CCOC1=CC=C(C=C1)C2=NC3=C(N2)C=C(C=C3)C4=NC5=C(N4)C=C(C=C5)N6CCN(CC6)C	77112724e1af6cd7b40cf57b3aa53751	H33342	CCOC1=CC=C(C=C1)C2=NC3=C(N2)C=C(C=C3)C4=NC5=C(N4)C=C(C=C5)N6CCN(CC6)C		LmrR	Lactococcus lactis subsp. cremoris (strain MG1363)	A2RI36	PadR	GroovDB	rcp_11ade9bcc06a7e4d5424	direct_physical_binding	high
edge_00613	CC[C@@H]1C(=O)N2CCC[C@H]2C(=O)N([C@H](C(=O)N3CCC(=O)C[C@H]3C(=O)N[C@H](C(=O)O[C@@H]([C@@H](C(=O)N1)NC(=O)C4=C(C=CC=N4)O)C)C5=CC=CC=C5)CC6=CC=CC=C6)C	90ae755a56a5d2ad2f597702562eebe0	Virginiamycin S	CC[C@@H]1C(=O)N2CCC[C@H]2C(=O)N([C@H](C(=O)N3CCC(=O)C[C@H]3C(=O)N[C@H](C(=O)O[C@@H]([C@@H](C(=O)N1)NC(=O)C4=C(C=CC=N4)O)C)C5=CC=CC=C5)CC6=CC=CC=C6)C		varR	Streptomyces virginiae	Q9AJL5	TetR	GroovDB	rcp_23b11a0d07639a2e2d01	ligand_modulated_tf_dna_binding	high
edge_00614	CC[C@@H]1[C@@]([C@@H]([C@H](C(=O)[C@@H](C[C@@]([C@@H]([C@H]([C@@H]([C@H](C(=O)O1)C)O[C@H]2C[C@@]([C@H]([C@@H](O2)C)O)(C)OC)C)O[C@H]3[C@@H]([C@H](C[C@H](O3)C)N(C)C)O)(C)O)C)C)O)(C)O	38d9e4b6e4429043cb49e5bb5debcca6	Erythromycin A	CC[C@@H]1[C@@]([C@@H]([C@H](C(=O)[C@@H](C[C@@]([C@@H]([C@H]([C@@H]([C@H](C(=O)O1)C)O[C@H]2C[C@@]([C@H]([C@@H](O2)C)O)(C)OC)C)O[C@H]3[C@@H]([C@H](C[C@H](O3)C)N(C)C)O)(C)O)C)C)O)(C)O		mphR(A)	Escherichia coli	Q9EVJ6	TetR	GroovDB;Ligify2024_supplement	rcp_72d35bd62115b80a4136	ligand_modulated_tf_dna_binding	high
edge_00615	CC[C@H](C)[C@@H](C(=O)O)N	a563d2634e9c619348675bc27ba61c61	Isoleucine	CC[C@H](C)[C@@H](C(=O)O)N		BkdR	Bacillus subtilis;168		NtrC/XylR	PRODORIC	rcp_4715bff8996104d09e3e	cellular_proximal_response	medium
edge_00616	CC[C@H](C)[C@H]([NH3+])C([O-])=O	27b2ccde0d42cfb4b497c3cf099b146f	L-isoleucine	CC[C@H](C)[C@H]([NH3+])C([O-])=O		BkdR	Pseudomonas putida		Lrp/AsnC	RegTransBase	rcp_675bd55276b8e3102a38;rcp_e7c4640b15b372b56b94	direct_ligand_conformational_change	high
edge_00617	CC[C@H](C)[C@H]1C(=O)O[C@@H]2N1C3=C(C4=C2C=C(C=C4O)C)C(=O)C5=C(C3=O)C(=CC=C5)O	74bb8bb9d9b2e45649417fb382053772	Jadomycin A	CC[C@H](C)[C@H]1C(=O)O[C@@H]2N1C3=C(C4=C2C=C(C=C4O)C)C(=O)C5=C(C3=O)C(=CC=C5)O		jadR2	Streptomyces venezuelae	Q56153	TetR	GroovDB	rcp_b29efe043d020a9ab318	ligand_modulated_tf_dna_binding	high
edge_00618	CC[C@H](C)[C@H]1C(=O)O[C@@H]2N1C3=C(C4=C2C=C(C=C4O)C)C(=O)C5=C(C3=O)C(=CC=C5)O	9c5fd62ba29878bbc4dbf4fdc944e4d4	Jadomycin A	CC[C@H](C)[C@H]1C(=O)O[C@@H]2N1C3=C(C4=C2C=C(C=C4O)C)C(=O)C5=C(C3=O)C(=CC=C5)O		jadR*	Streptomyces venezuelae (strain ATCC 10712 / CBS 650.69 / DSM 40230 / JCM 4526 / NBRC 13096 / PD 04745)	Q939Q2	TetR	GroovDB	rcp_ea6c4e6dc64f35527a5a	ligand_modulated_tf_dna_binding	high
edge_00619	CC[C@H](C)[C@H]1C(=O)O[C@@H]2N1C3=C(C4=C2C=C(C=C4O)C)C(=O)C5=C(C3=O)C(=CC=C5)O[C@H]6C[C@H]([C@H]([C@@H](O6)C)O)O	9c5fd62ba29878bbc4dbf4fdc944e4d4	Jadomycin B	CC[C@H](C)[C@H]1C(=O)O[C@@H]2N1C3=C(C4=C2C=C(C=C4O)C)C(=O)C5=C(C3=O)C(=CC=C5)O[C@H]6C[C@H]([C@H]([C@@H](O6)C)O)O		jadR*	Streptomyces venezuelae (strain ATCC 10712 / CBS 650.69 / DSM 40230 / JCM 4526 / NBRC 13096 / PD 04745)	Q939Q2	TetR	GroovDB	rcp_2e45acebe5c6d1d083d9	ligand_modulated_tf_dna_binding	high
edge_00620	CC[C@](C)(C(=O)CCCCC1C=CC(=O)O1)O	00aa3b70d1ba14e5539a7f104dddf959	Avenolide	CC[C@](C)(C(=O)CCCCC1C=CC(=O)O1)O		avaR2	Streptomyces avermitilis (strain ATCC 31267 / DSM 46492 / JCM 5070 / NBRC 14893 / NCIMB 12804 / NRRL 8165 / MA-4680)	Q82H44	TetR	GroovDB	rcp_4d0b14e2a1717cae22e0	ligand_modulated_tf_dna_binding	high
edge_00621	CC[N+]1=C2C=C(C=CC2=C3C=CC(=CC3=C1C4=CC=CC=C4)N)N	1d014875acbf6a6ca30bdc246134d9c3	Ethidium	CC[N+]1=C2C=C(C=CC2=C3C=CC(=CC3=C1C4=CC=CC=C4)N)N		MepR	Staphylococcus aureus	Q5Y812	MarR	GroovDB	rcp_c0fe49691cc30130392f	direct_physical_binding	high
edge_00622	CC[N+]1=C2C=C(C=CC2=C3C=CC(=CC3=C1C4=CC=CC=C4)N)N	27e8f13d77a01af2c9129bf6c6703e9a	ethidium	CC[N+]1=C2C=C(C=CC2=C3C=CC(=CC3=C1C4=CC=CC=C4)N)N		AcrR	Escherichia coli K-12		TetR	GroovDB;RegulonDB;Ligify2_benchmark	rcp_3e838c3d0c2c86b0cc78;rcp_fa53f495214d360a71e6	direct_physical_binding	high
edge_00623	CC[N+]1=C2C=C(C=CC2=C3C=CC(=CC3=C1C4=CC=CC=C4)N)N	32107fa50582b7a601657b44105fe330	Ethidium	CC[N+]1=C2C=C(C=CC2=C3C=CC(=CC3=C1C4=CC=CC=C4)N)N		Rv3066	Mycobacterium tuberculosis (strain ATCC 25618 / H37Rv)	I6X658	TetR	GroovDB	rcp_f395f72a0ac5d8c84f59	ligand_modulated_tf_dna_binding	high
edge_00624	CC[N+]1=C2C=C(C=CC2=C3C=CC(=CC3=C1C4=CC=CC=C4)N)N	33173afe48219fc9da31d27e924406ce	Ethidium	CC[N+]1=C2C=C(C=CC2=C3C=CC(=CC3=C1C4=CC=CC=C4)N)N		RamR	Salmonella typhimurium (strain 14028s / SGSC 2262)	A0A0F6AY66	TetR	GroovDB	rcp_e181ac193a6b2d4399ea	ligand_modulated_tf_dna_binding	high
edge_00625	CC[N+]1=C2C=C(C=CC2=C3C=CC(=CC3=C1C4=CC=CC=C4)N)N	7dea004b49679ea5fbe2e64036264388	Ethidium	CC[N+]1=C2C=C(C=CC2=C3C=CC(=CC3=C1C4=CC=CC=C4)N)N		MfsR	Stenotrophomonas maltophilia (strain K279a)	B2FTM9	TetR	GroovDB	rcp_77e8afdadc6b9cf94e77	ligand_modulated_tf_dna_binding	high
edge_00626	CC[N+]1=C2C=C(C=CC2=C3C=CC(=CC3=C1C4=CC=CC=C4)N)N	8f4196da191608b11dd0dd3b2f4e22ea	Ethidium	CC[N+]1=C2C=C(C=CC2=C3C=CC(=CC3=C1C4=CC=CC=C4)N)N		SCO4008	Streptomyces coelicolor (strain ATCC BAA-471 / A3(2) / M145)	Q9ADP7	TetR	GroovDB	rcp_d6bb29bb18d6f185e52c	ligand_modulated_tf_dna_binding	high
edge_00627	CC[N+]1=C2C=C(C=CC2=C3C=CC(=CC3=C1C4=CC=CC=C4)N)N	a42feb659a77b1874d2c6c72f1beeefc	Ethidium	CC[N+]1=C2C=C(C=CC2=C3C=CC(=CC3=C1C4=CC=CC=C4)N)N		CgmR	Corynebacterium glutamicum (strain ATCC 13032 / DSM 20300 / BCRC 11384 / JCM 1318 / LMG 3730 / NCIMB 10025)	Q8NMG3	TetR	GroovDB	rcp_7639ff2fba0d7b8c084d	ligand_modulated_tf_dna_binding	high
edge_00628	CC[N+]1=C2C=C(C=CC2=C3C=CC(=CC3=C1C4=CC=CC=C4)N)N.[Br-]	27e8f13d77a01af2c9129bf6c6703e9a	ethidium bromide	CC[N+]1=C2C=C(C=CC2=C3C=CC(=CC3=C1C4=CC=CC=C4)N)N.[Br-]		AcrR	Escherichia coli K-12		TetR	RegulonDB	rcp_1a7413472bbca5b0f7c7	direct_physical_binding	high
edge_00629	CC[N+]1=C2C=C(C=CC2=C3C=CC(=CC3=C1C4=CC=CC=C4)N)N.[Br-]	33173afe48219fc9da31d27e924406ce	ethidium bromide	CC[N+]1=C2C=C(C=CC2=C3C=CC(=CC3=C1C4=CC=CC=C4)N)N.[Br-]		RamR	Salmonella enterica	Q8ZR43	TetR	manual_tetr_seed	rcp_44e9878301868cbfe8ac	direct_ligand_binding	high
edge_00630	CC[N+]1=C2C=C(C=CC2=C3C=CC(=CC3=C1C4=CC=CC=C4)N)N.[Br-]	506feb33435607c1483aefbbb4983a16	ethidium bromide	CC[N+]1=C2C=C(C=CC2=C3C=CC(=CC3=C1C4=CC=CC=C4)N)N.[Br-]		QacR	Staphylococcus aureus	P0A0N4	TetR	manual_tetr_seed	rcp_94bffce83c6d359b6ff1	direct_binding_or_ligand_bound_structure	high
edge_00631	CC[NH+]=C1C=CC(=C(C2=CC=C(C=C2)N(C)C)C3=CC=C(C=C3)N(C)C)C4=CC=CC=C14.[Cl-]	e86e5da6075a4bbfc5e5edec5737181f	Victoria blue R	CC[NH+]=C1C=CC(=C(C2=CC=C(C=C2)N(C)C)C3=CC=C(C=C3)N(C)C)C4=CC=CC=C14.[Cl-]		eilR	Enterobacter lignolyticus (strain SCF1)	E3G817	TetR	GroovDB	rcp_e91ef198c989908503dd	cellular_tf_ligand_response	high
edge_00632	CN	04a46556d9b4b8291ba57078efeace03	methylamine	CN		MauR	Paracoccus denitrificans		LysR	RegTransBase	rcp_732cf4f342f57647816e;rcp_d8e6d93037b8decb939b	cellular_proximal	medium
edge_00633	CN(C)C(=O)/N=N/C(=O)N(C)C	fba40db4bf1e9e73b0680ad472baccd2	Diamide	CN(C)C(=O)/N=N/C(=O)N(C)C		DitR	Stenotrophomonas maltophilia (strain K279a)	B2FL17	TetR	GroovDB	rcp_ca51db155074ecb93c48	ligand_modulated_tf_dna_binding	high
edge_00634	CN(C)C1=CC2=C(C=C1)C=C3C=CC(=CC3=N2)N(C)C	e86e5da6075a4bbfc5e5edec5737181f	Acridine orange	CN(C)C1=CC2=C(C=C1)C=C3C=CC(=CC3=N2)N(C)C		eilR	Enterobacter lignolyticus (strain SCF1)	E3G817	TetR	GroovDB	rcp_da944209c5e146a2a6d0	cellular_tf_ligand_response	high
edge_00635	CN(C)C1=CC2=C(C=C1)C=C3C=CC(=[N+](C)C)C=C3O2.[Cl-]	506feb33435607c1483aefbbb4983a16	Pyronin Y	CN(C)C1=CC2=C(C=C1)C=C3C=CC(=[N+](C)C)C=C3O2.[Cl-]		qacR	Staphylococcus aureus	P0A0N4	TetR	GroovDB	rcp_29c4d35cfe207501b20b	ligand_modulated_tf_dna_binding	high
edge_00636	CN(C)C1=CC2=C(C=C1)C=C3C=CC(=[N+](C)C)C=C3O2.[Cl-]	e86e5da6075a4bbfc5e5edec5737181f	Pyronin Y	CN(C)C1=CC2=C(C=C1)C=C3C=CC(=[N+](C)C)C=C3O2.[Cl-]		eilR	Enterobacter lignolyticus (strain SCF1)	E3G817	TetR	GroovDB	rcp_5db10ae683b87800cd7d	cellular_tf_ligand_response	high
edge_00637	CN(C)C1=CC2=C(C=C1)N=C3C=CC(=[N+](C)C)C=C3S2.[Cl-]	8f4196da191608b11dd0dd3b2f4e22ea	Methylene blue	CN(C)C1=CC2=C(C=C1)N=C3C=CC(=[N+](C)C)C=C3S2.[Cl-]		SCO4008	Streptomyces coelicolor (strain ATCC BAA-471 / A3(2) / M145)	Q9ADP7	TetR	GroovDB	rcp_ee406120945a52e499af	ligand_modulated_tf_dna_binding	high
edge_00638	CN(C)C1=CC2=C(C=C1)N=C3C=CC(=[N+](C)C)C=C3S2.[Cl-]	e86e5da6075a4bbfc5e5edec5737181f	Methylene blue	CN(C)C1=CC2=C(C=C1)N=C3C=CC(=[N+](C)C)C=C3S2.[Cl-]		eilR	Enterobacter lignolyticus (strain SCF1)	E3G817	TetR	GroovDB	rcp_cebbe14e87372aa9eae8	cellular_tf_ligand_response	high
edge_00639	CN(C)C1=CC=C(C=C1)C(=C2C=CC(=[N+](C)C)C=C2)C3=CC=C(C=C3)N(C)C.[Cl-]	33173afe48219fc9da31d27e924406ce	crystal violet	CN(C)C1=CC=C(C=C1)C(=C2C=CC(=[N+](C)C)C=C2)C3=CC=C(C=C3)N(C)C.[Cl-]		RamR	Salmonella enterica	Q8ZR43	TetR	GroovDB;manual_tetr_seed	rcp_c5cabdc1e97782f26701;rcp_fe00939866317db680d3	direct_ligand_bound_structure	high
edge_00640	CN(C)C1=CC=C(C=C1)C(=C2C=CC(=[N+](C)C)C=C2)C3=CC=C(C=C3)N(C)C.[Cl-]	506feb33435607c1483aefbbb4983a16	crystal violet	CN(C)C1=CC=C(C=C1)C(=C2C=CC(=[N+](C)C)C=C2)C3=CC=C(C=C3)N(C)C.[Cl-]		QacR	Staphylococcus aureus	P0A0N4	TetR	manual_tetr_seed	rcp_7f79726e7f52cb7062ee	direct_ligand_bound_structure	high
edge_00641	CN(C)C1=CC=C(C=C1)C(=C2C=CC(=[N+](C)C)C=C2)C3=CC=C(C=C3)N(C)C.[Cl-]	8f4196da191608b11dd0dd3b2f4e22ea	Crystal violet	CN(C)C1=CC=C(C=C1)C(=C2C=CC(=[N+](C)C)C=C2)C3=CC=C(C=C3)N(C)C.[Cl-]		SCO4008	Streptomyces coelicolor (strain ATCC BAA-471 / A3(2) / M145)	Q9ADP7	TetR	GroovDB	rcp_e9aab69653fc46bb7d58	ligand_modulated_tf_dna_binding	high
edge_00642	CN(C)C1=CC=C(C=C1)C(=C2C=CC(=[N+](C)C)C=C2)C3=CC=C(C=C3)N(C)C.[Cl-]	e86e5da6075a4bbfc5e5edec5737181f	Crystal violet	CN(C)C1=CC=C(C=C1)C(=C2C=CC(=[N+](C)C)C=C2)C3=CC=C(C=C3)N(C)C.[Cl-]		EilR	Enterobacter lignolyticus (strain SCF1)	E3G817	TetR	GroovDB	rcp_65d98a376489f32c5548	cellular_tf_ligand_response	high
edge_00643	CN(C)C1=CC=C(C=C1)C(=C2C=CC(=[N+](C)C)C=C2)C3=CC=C(C=C3)[N+](C)(C)C.[Cl-].[Cl-]	506feb33435607c1483aefbbb4983a16	Methyl Green	CN(C)C1=CC=C(C=C1)C(=C2C=CC(=[N+](C)C)C=C2)C3=CC=C(C=C3)[N+](C)(C)C.[Cl-].[Cl-]		qacR	Staphylococcus aureus	P0A0N4	TetR	GroovDB;Ligify2_benchmark	rcp_67a9f66bb118a268570d	ligand_modulated_tf_dna_binding	high
edge_00644	CN(C)C1=CC=C(C=C1)C(=C2C=CC(=[N+](C)C)C=C2)C3=CC=CC=C3.[Cl-]	506feb33435607c1483aefbbb4983a16	Malachite green	CN(C)C1=CC=C(C=C1)C(=C2C=CC(=[N+](C)C)C=C2)C3=CC=CC=C3.[Cl-]		qacR	Staphylococcus aureus	P0A0N4	TetR	GroovDB	rcp_0cd4d837fbb4f460ef6c	ligand_modulated_tf_dna_binding	high
edge_00645	CN(C)C1=CC=C(C=C1)C(=C2C=CC(=[N+](C)C)C=C2)C3=CC=CC=C3.[Cl-]	e86e5da6075a4bbfc5e5edec5737181f	Malachite green	CN(C)C1=CC=C(C=C1)C(=C2C=CC(=[N+](C)C)C=C2)C3=CC=CC=C3.[Cl-]		eilR	Enterobacter lignolyticus (strain SCF1)	E3G817	TetR	GroovDB	rcp_9a983c270919aad240e9	cellular_tf_ligand_response	high
edge_00646	CN(C)[C@H]1[C@@H]2C[C@H]3C(=C(O)[C@]2(O)C(=O)C(C(N)=O)=C1O)C(=O)c1c(O)ccc(Cl)c1[C@@]3(C)O	48093dd13f4e8f02aba518dd7f2420fb	Chlortetracycline	CN(C)[C@H]1[C@@H]2C[C@H]3C(=C(O)[C@]2(O)C(=O)C(C(N)=O)=C1O)C(=O)c1c(O)ccc(Cl)c1[C@@]3(C)O		CtcS	Kitasatospora aureofaciens	S4S3A4	MarR	Ligify2024_supplement	rcp_63a6d29514966b025d23	cellular_tf_ligand_response	high
edge_00647	CN1CCC[C@@H]1C2=CNC(=O)C=C2	0a168f2ff90058bcf29cb817d2adf30c	6-OH-D-nicotine	CN1CCC[C@@H]1C2=CNC(=O)C=C2		hdnoR	Paenarthrobacter nicotinovorans	Q8GAF9	TetR	GroovDB	rcp_5ccf06091f15c2c67a4b	ligand_modulated_tf_dna_binding	high
edge_00648	CN1CCC[C@H]1C2=CNC(=O)C=C2	0a168f2ff90058bcf29cb817d2adf30c	6-OH-L-nicotine	CN1CCC[C@H]1C2=CNC(=O)C=C2		hdnoR	Paenarthrobacter nicotinovorans	Q8GAF9	TetR	GroovDB	rcp_11ece17f8857dc84feee	ligand_modulated_tf_dna_binding	high
edge_00649	CN1[C@@H](CS[C@@H]1[C@H]2CSC(=N2)C3=CC=CC=C3O)C(=O)O	c28af269655c9cc260abb5c342803b73	Pyochelin	CN1[C@@H](CS[C@@H]1[C@H]2CSC(=N2)C3=CC=CC=C3O)C(=O)O		PchR	Pseudomonas aeruginosa;PAO1	P40883	AraC/XylS	PRODORIC	rcp_dfcd31dd9d5468998cc1	direct_binding	high
edge_00650	CNCC(=O)O	4cc1e110c4384a7c65b8231c30f7ac4f	Sarcosine	CNCC(=O)O		SouR	Pseudomonas aeruginosa (strain ATCC 15692 / DSM 22644 / CIP 104116 / JCM 14847 / LMG 12228 / 1C / PRS 101 / PAO1)	Q9HWJ7	AraC/XylS	GroovDB;Ligify2_benchmark	rcp_5ebe9d7d1a606fca57bb	cellular_tf_ligand_response	high
edge_00651	CN[C@H]1C[C@H]([C@@H]([C@H]([C@@H]1O)O[C@H]2[C@@H]3[C@H]([C@H]([C@H](O2)CO)O)OC4(O3)[C@@H]([C@H]([C@H]([C@H](O4)[C@H](CO)N)O)O)O)O)N	1042fb45135c548468d283c26863636e	Hygromycin B	CN[C@H]1C[C@H]([C@@H]([C@H]([C@@H]1O)O[C@H]2[C@@H]3[C@H]([C@H]([C@H](O2)CO)O)OC4(O3)[C@@H]([C@H]([C@H]([C@H](O4)[C@H](CO)N)O)O)O)O)N		SAV4189	Streptomyces avermitilis (strain ATCC 31267 / DSM 46492 / JCM 5070 / NBRC 14893 / NCIMB 12804 / NRRL 8165 / MA-4680)	Q82FR3	MarR	GroovDB	rcp_d01908e47a0e9dbbb19b	ligand_modulated_tf_dna_binding	high
edge_00652	CO	6b2598efae5f9b780097d9747737af67	Methanol	CO		MdoR	Mycobacterium sp. (strain DSM 3803 / JC1)	C5MRT6	TetR	GroovDB	rcp_0fde571fe41f928a273c	cellular_tf_ligand_response	high
edge_00653	COC(=O)C1=CC=C(C=C1)O	05974c9d02bd051c5aaf05641e13261a	Methylparaben	COC(=O)C1=CC=C(C=C1)O		PmeR	Pseudomonas syringae pv. tomato (strain ATCC BAA-871 / DC3000)	Q87X86	TetR	GroovDB	rcp_738e29817750d958109e	ligand_modulated_tf_dna_binding	high
edge_00654	COC1=C(C2=C[N+]3=C(C=C2C=C1)C4=CC(=C(C=C4CC3)OC)OC)OC	506feb33435607c1483aefbbb4983a16	Palmatine	COC1=C(C2=C[N+]3=C(C=C2C=C1)C4=CC(=C(C=C4CC3)OC)OC)OC		qacR	Staphylococcus aureus	P0A0N4	TetR	GroovDB	rcp_4d4b130d9bd7d43a21b7	ligand_modulated_tf_dna_binding	high
edge_00655	COC1=C(C2=C[N+]3=C(C=C2C=C1)C4=CC5=C(C=C4CC3)OCO5)OC	33173afe48219fc9da31d27e924406ce	Berberine	COC1=C(C2=C[N+]3=C(C=C2C=C1)C4=CC5=C(C=C4CC3)OCO5)OC		RamR	Salmonella typhimurium (strain 14028s / SGSC 2262)	A0A0F6AY66	TetR	GroovDB	rcp_59183b5dbb4182a756cb	ligand_modulated_tf_dna_binding	high
edge_00656	COC1=C(C2=C[N+]3=C(C=C2C=C1)C4=CC5=C(C=C4CC3)OCO5)OC	506feb33435607c1483aefbbb4983a16	Berberine	COC1=C(C2=C[N+]3=C(C=C2C=C1)C4=CC5=C(C=C4CC3)OCO5)OC		qacR	Staphylococcus aureus	P0A0N4	TetR	GroovDB	rcp_338cff5e1bd9587223fe	ligand_modulated_tf_dna_binding	high
edge_00657	COC1=C(C=C(C=C1)CC2C3=CC(=C(C=C3CCN2)OC)OC)OC	c412e6cf933336b1ad044029b58ce440	Tetrahydropapaverine	COC1=C(C=C(C=C1)CC2C3=CC(=C(C=C3CCN2)OC)OC)OC		BAK71752	Aliarcobacter butzleri L354	A0A837JIV4	TetR	GroovDB	rcp_051e66c593f802f61b76	cellular_tf_ligand_response	high
edge_00658	COC1=C(C=CC(=C1)/C=C/C(=O)O)O	4cf873e869300db146397fcfc316f1c1	Ferulic acid	COC1=C(C=CC(=C1)/C=C/C(=O)O)O		CarR	Acetobacterium woodii (strain ATCC 29683 / DSM 1030 / JCM 2381 / KCTC 1655 / WB1)	H6LGM3	PadR	GroovDB	rcp_86fa0430097b471d3a4b	cellular_tf_ligand_response	high
edge_00659	COC1=C(C=CC(=C1)C(=O)O)[O-]	20f7afe8014b794a285cfe0fbe4ad4a1	Vanillate	COC1=C(C=CC(=C1)C(=O)O)[O-]		VanR	Caulobacter vibrioides (strain ATCC 19089 / CB15)	Q9A5Q5	GntR	GroovDB	rcp_d7512dc7448ee2fd0ee6	cellular_proximal	medium
edge_00660	COC1=C(C=CC(=C1)C(=O)O)[O-]	abc5f351933747be16187c4d711f6a05	Vanillate	COC1=C(C=CC(=C1)C(=O)O)[O-]		DesR	Sphingobium sp. (strain NBRC 103272 / SYK-6)	G2IQU0	MarR	GroovDB	rcp_33638b6893cf1269e2cc	ligand_modulated_tf_dna_binding	high
edge_00661	COC1=C(C=CC(=C1)C(=O)O)[O-]	b4e301d8a40e48e7f382b63841ebf6b5	Vanillate	COC1=C(C=CC(=C1)C(=O)O)[O-]		CgVanR	Corynebacterium glutamicum (strain ATCC 13032 / DSM 20300 / JCM 1318 / BCRC 11384 / CCUG 27702 / LMG 3730 / NBRC 12168 / NCIMB 10025 / NRRL B-2784 / 534)	Q8NN31	PadR	GroovDB	rcp_43b7eedd7fa2fef0fb17	direct_physical_binding	high
edge_00662	COC1=C(C=CC(=C1)C2=CC(=O)C3=C(C=C(C=C3O2)O)O)O	dc9475fd23b2a1a448a8559f04c02975	chrysoeriol	COC1=C(C=CC(=C1)C2=CC(=O)C3=C(C=C(C=C3O2)O)O)O		NodD2	Sinorhizobium meliloti		LysR	RegTransBase	rcp_433b761d1a1a228297d3	cellular_or_proximal_response_only	medium
edge_00663	COC1=C(C=CC(=C1)C2=CC(=O)C3=C(C=C(C=C3O2)O)O)O	de22dd68ad2a20975814057d3b412b56	chrysoeriol	COC1=C(C=CC(=C1)C2=CC(=O)C3=C(C=C(C=C3O2)O)O)O		NodD1	Sinorhizobium meliloti RCR2011		LysR	RegTransBase	rcp_883e9fbda0562665fbd0	proximal_cellular_response	medium
edge_00664	COC1=C(C=CC(=C1)C=O)O	7d2ae900d7f26d0eb7637a8a86d42a48	Vanillin	COC1=C(C=CC(=C1)C=O)O		cmeR	Campylobacter jejuni	Q7B8P6	TetR	GroovDB	rcp_fa80c800e3c39a1ef190	cellular_tf_ligand_response	high
edge_00665	COC1=C(C=CC(=C1)O)C(=O)C=CC2=CC=C(C=C2)O	dc9475fd23b2a1a448a8559f04c02975	4,4'-dihydroxy-2'-methoxychalcone	COC1=C(C=CC(=C1)O)C(=O)C=CC2=CC=C(C=C2)O		NodD2	Sinorhizobium meliloti		LysR	RegTransBase	rcp_a1cfa5faaac926c7ab24	cellular_tf_ligand_response	high
edge_00666	COC1=C(C=CC(=C1)O)C(=O)C=CC2=CC=C(C=C2)O	de22dd68ad2a20975814057d3b412b56	4,4'-dihydroxy-2'-methoxychalcone	COC1=C(C=CC(=C1)O)C(=O)C=CC2=CC=C(C=C2)O		NodD1	Sinorhizobium meliloti		LysR	RegTransBase	rcp_db3faf26389d1af3172d	cellular_tf_ligand_response	high
edge_00667	COC1=CC(=CC(=C1[O-])OC)C(=O)O	abc5f351933747be16187c4d711f6a05	Syringate	COC1=CC(=CC(=C1[O-])OC)C(=O)O		DesR	Sphingobium sp. (strain NBRC 103272 / SYK-6)	G2IQU0	MarR	GroovDB	rcp_d635b5e9e11c555e3f4f	ligand_modulated_tf_dna_binding	high
edge_00668	COC1=CC(=CC(=C1[O-])OC)C(=O)O	f7262ba5c02b7189d8a11221ff70edc2	Syringate	COC1=CC(=CC(=C1[O-])OC)C(=O)O		DesX	Sphingobium sp. (strain NBRC 103272 / SYK-6)	G2IJ02	IclR	GroovDB	rcp_b286f981417f6658ed26	ligand_modulated_tf_dna_binding	high
edge_00669	COC1C(C(C(OC1C(=O)O)OC2C(C(COC2OC3COC(C(C3O)O)OC4COC(C(C4O)O)O)O)O)O)O	ac4aa0bbf3b67991f63545b0134635dd	aldotetraouronic acid	COC1C(C(C(OC1C(=O)O)OC2C(C(COC2OC3COC(C(C3O)O)OC4COC(C(C4O)O)O)O)O)O)O		UxuR	Geobacillus stearothermophilus		GntR	RegTransBase	rcp_487ea5c7575500325913	direct_functional_modulation_in_vitro	high
edge_00670	COc1cccc(C)c1C(=O)O[C@@H]1C[C@H](O[C@H]2[C@H](O)C[C@H](O[C@@H]3CCC[C@H]4[C@H]3C=C[C@@H]3CCCC/C=C/[C@H]5C=C(C(=O)O)[C@@H](C)C[C@@]56OC(=O)C(=C6O)OC(=O)[C@@]34C)O[C@@H]2C)O[C@H](C)[C@H]1O	3aca75f20be539e77372177c470e3961	Deschloro-chlorothricin	COc1cccc(C)c1C(=O)O[C@@H]1C[C@H](O[C@H]2[C@H](O)C[C@H](O[C@@H]3CCC[C@H]4[C@H]3C=C[C@@H]3CCCC/C=C/[C@H]5C=C(C(=O)O)[C@@H](C)C[C@@]56OC(=O)C(=C6O)OC(=O)[C@@]34C)O[C@@H]2C)O[C@H](C)[C@H]1O		ChlF1	Streptomyces antibioticus	Q0R4N6	TetR	GroovDB	rcp_3ac9916fdec60041e000;rcp_72878390c88ed957ad8a	ligand_modulated_tf_dna_binding	high
edge_00671	C[C@@H](C(=O)O)N	60feb0dfbdfa96c198c39b45781a4348	Alanine	C[C@@H](C(=O)O)N		Lrp	Escherichia coli;K12 MG1655	P0ACJ0	Lrp/AsnC	PRODORIC	rcp_79db33cd89aadd151582	direct_dna_binding_and_in_vitro_transcription_modulation	high
edge_00672	C[C@@H](C(=O)O)N	80dcca4860a450607e0a945d130b4197	beta-Alanine	C[C@@H](C(=O)O)N		BarR	Sulfolobus acidocaldarius (strain ATCC 33909 / DSM 639 / JCM 8929 / NBRC 15157 / NCIMB 11770)	Q4J717	Lrp/AsnC	GroovDB	rcp_48316c18d15e133b7d45	ligand_modulated_tf_dna_binding	high
edge_00673	C[C@@H](C(=O)[O-])O	ea9fc0943b77b21ed777b870e6597352	(S)-lactate	C[C@@H](C(=O)[O-])O		LldR	Escherichia coli K-12		GntR	RegulonDB	rcp_f204f9b3b1eec4be5245	direct_lactate_modulated_dna_looping	high
edge_00674	C[C@@H](C(=O)[O-])[O-]	ea9fc0943b77b21ed777b870e6597352	L-lactate	C[C@@H](C(=O)[O-])[O-]			Escherichia coli (strain K12)	P0ACL7	GntR	GroovDB	rcp_5639699df49e207000ec	recoverable_blank_TF_ligand_modulation	high
edge_00675	C[C@@H](O)C(C)=O	2ff6a2d1530db2761a3c0745fb487105	(R)-acetoin	C[C@@H](O)C(C)=O		AcoR	Cupriavidus necator (strain ATCC 17699 / DSM 428 / KCTC 22496 / NCIMB 10442 / H16 / Stanier 337)	P28614	NtrC/XylR	Ligify2024_supplement	rcp_338a664af6f13c0d93bb	cellular_tf_ligand_response	high
edge_00676	C[C@@H]([C@H]([C@@H](C(=O)COP(=O)(O)O)O)O)O	eddc2e45a35d342e911b07d0b61502eb	L-Rhamnulose-1-phosphate	C[C@@H]([C@H]([C@@H](C(=O)COP(=O)(O)O)O)O)O		BsRhaR	Bacillus subtilis (strain 168)	O05261	DeoR	GroovDB	rcp_2198c5495ea95559dac7	ligand_modulated_tf_dna_binding	high
edge_00677	C[C@@H]1C(=O)C2=CC3=C(C([C@]24[C@@]([C@]1(C(=O)O4)O)(CCC(C)C)O)O)C(=CC=C3)O	2bf69a7a6a90b2cc689272d71f048617	Rishirilide A	C[C@@H]1C(=O)C2=CC3=C(C([C@]24[C@@]([C@]1(C(=O)O4)O)(CCC(C)C)O)O)C(=CC=C3)O		rslR4	Streptomyces bottropensis	W8QDG7	MarR	GroovDB	rcp_22ee2890d8708f13d676	ligand_modulated_tf_dna_binding	high
edge_00678	C[C@@H]1C(=O)OC[C@@H]2[C@]13CC(C[C@H]3C=C2C(=O)O)(C)C	c1479d0338c90bd80be3b9dc83cc7f4b	Pentalenolactone D	C[C@@H]1C(=O)OC[C@@H]2[C@]13CC(C[C@H]3C=C2C(=O)O)(C)C		penR	Streptomyces exfoliatus	E3VWJ7	MarR	GroovDB	rcp_0a78dba090fa0d9f39c7	ligand_modulated_tf_dna_binding	high
edge_00679	C[C@@H]1C2=C(C[C@H](O1)CC(=O)O)C(=O)C3=C(C2=O)C(=O)C(=CC3=O)C4=CC(=C5C(=C4O)C(=C6[C@H](O[C@@H](CC6=C5O)CC(=O)O)C)O)O	9fe27b894ed2e51629813cf641347dfa	Actinorhodin	C[C@@H]1C2=C(C[C@H](O1)CC(=O)O)C(=O)C3=C(C2=O)C(=O)C(=CC3=O)C4=CC(=C5C(=C4O)C(=C6[C@H](O[C@@H](CC6=C5O)CC(=O)O)C)O)O		ScbR2	Streptomyces coelicolor (strain ATCC BAA-471 / A3(2) / M145)	Q93S03	TetR	GroovDB	rcp_c27989668a0852adadec	ligand_modulated_tf_dna_binding	high
edge_00680	C[C@@H]1C2=C(C[C@H](O1)CC(=O)O)C(=O)C3=C(C2=O)C(=O)C(=CC3=O)C4=CC(=C5C(=C4O)C(=C6[C@H](O[C@@H](CC6=C5O)CC(=O)O)C)O)O	b5744adeed2a2bf91a5ea03120e4ce28	Actinorhodin	C[C@@H]1C2=C(C[C@H](O1)CC(=O)O)C(=O)C3=C(C2=O)C(=O)C(=CC3=O)C4=CC(=C5C(=C4O)C(=C6[C@H](O[C@@H](CC6=C5O)CC(=O)O)C)O)O		actII	Streptomyces coelicolor	Q53901	TetR	GroovDB	rcp_1a723682e170de56a77d	ligand_modulated_tf_dna_binding	high
edge_00681	C[C@@H]1CCC2(C(CC([C@H](O2)C(C)C(=O)C3=CC=CN3)C)C)O[C@@H]1CC4=NC5=C(C=CC=C5O4)C(=O)O	53c420ca7bd1d18f9465981edcfd856a	Cezomycin	C[C@@H]1CCC2(C(CC([C@H](O2)C(C)C(=O)C3=CC=CN3)C)C)O[C@@H]1CC4=NC5=C(C=CC=C5O4)C(=O)O		SchR3	Streptomyces chartreusis	F8QZR9	TetR	GroovDB	rcp_0757078256d69579ca38	ligand_modulated_tf_dna_binding	high
edge_00682	C[C@@H]1CC[C@]2([C@@H](C[C@H]([C@H](O2)[C@H](C)C(=O)C3=CC=CN3)C)C)O[C@@H]1CC4=NC5=C(O4)C=CC(=C5C(=O)O)NC	53c420ca7bd1d18f9465981edcfd856a	Calcimycin	C[C@@H]1CC[C@]2([C@@H](C[C@H]([C@H](O2)[C@H](C)C(=O)C3=CC=CN3)C)C)O[C@@H]1CC4=NC5=C(O4)C=CC(=C5C(=O)O)NC		SchR3	Streptomyces chartreusis	F8QZR9	TetR	GroovDB	rcp_7d3e2bf621c4f99a77f8	ligand_modulated_tf_dna_binding	high
edge_00683	C[C@@H]1C[C@@H]([C@H]([C@@H](O1)O[C@H]2[C@H](C[C@@]3(CO3)C(=O)[C@@H]([C@H]([C@H]([C@H](OC(=O)[C@@H]([C@H]([C@@H]2C)O[C@H]4C[C@@H]([C@H]([C@@H](O4)C)O)OC)C)C)C)O)C)C)O)N(C)C	38d9e4b6e4429043cb49e5bb5debcca6	Oleandomycin	C[C@@H]1C[C@@H]([C@H]([C@@H](O1)O[C@H]2[C@H](C[C@@]3(CO3)C(=O)[C@@H]([C@H]([C@H]([C@H](OC(=O)[C@@H]([C@H]([C@@H]2C)O[C@H]4C[C@@H]([C@H]([C@@H](O4)C)O)OC)C)C)C)O)C)C)O)N(C)C		mphR(A)	Escherichia coli	Q9EVJ6	TetR	GroovDB	rcp_a26e22dd3bc5d70ca33f	ligand_modulated_tf_dna_binding	high
edge_00684	C[C@@H]1C[C@]23[C@H](/C=C/CCCC[C@@H]4C=C[C@H]5[C@H]([C@@]4(C(=O)OC(=C2O)C(=O)O3)C)CCC[C@@H]5O[C@H]6C[C@H]([C@@H]([C@H](O6)C)O[C@H]7C[C@H]([C@@H]([C@H](O7)C)O)OC(=O)C8=C(C=CC(=C8C)Cl)OC)O)C=C1C(=O)O	3aca75f20be539e77372177c470e3961	Chlorothricin	C[C@@H]1C[C@]23[C@H](/C=C/CCCC[C@@H]4C=C[C@H]5[C@H]([C@@]4(C(=O)OC(=C2O)C(=O)O3)C)CCC[C@@H]5O[C@H]6C[C@H]([C@@H]([C@H](O6)C)O[C@H]7C[C@H]([C@@H]([C@H](O7)C)O)OC(=O)C8=C(C=CC(=C8C)Cl)OC)O)C=C1C(=O)O		ChlF1	Streptomyces antibioticus	Q0R4N6	TetR	GroovDB	rcp_8325c4507047cbe215af	ligand_modulated_tf_dna_binding	high
edge_00685	C[C@@H]1[C@@H](C(=O)O[C@@H]([C@@H](C(=O)O[C@@H]([C@@H](C(=O)O1)NC(=O)CNC(=O)C2=C(C(=CC=C2)O)O)C)NC(=O)CNC(=O)C3=C(C(=CC=C3)O)O)C)NC(=O)CNC(=O)C4=C(C(=CC=C4)O)O	0980a94f5159c80bdaddb86b93502e30	Bacillibactin	C[C@@H]1[C@@H](C(=O)O[C@@H]([C@@H](C(=O)O[C@@H]([C@@H](C(=O)O1)NC(=O)CNC(=O)C2=C(C(=CC=C2)O)O)C)NC(=O)CNC(=O)C3=C(C(=CC=C3)O)O)C)NC(=O)CNC(=O)C4=C(C(=CC=C4)O)O		btr	Bacillus subtilis (strain 168)	P40408	AraC/XylS	GroovDB	rcp_ba6dae996310f83d1fe9	ligand_modulated_tf_dna_binding	high
edge_00686	C[C@@H]1[C@@H]([C@@H]([C@H]([C@@H](O1)OC[C@@H]2[C@H]([C@@H]([C@H]([C@@H](O2)O[C@H]3CC[C@]4([C@H](C3(C)C)CC[C@@]5([C@@H]4CC=C6[C@]5(C[C@H]([C@@]7([C@H]6CC([C@H](C7)OC(=O)/C(=C/CC[C@](C)(C=C)O[C@H]8[C@@H]([C@H]([C@@H]([C@H](O8)C)OC(=O)/C(=C/CC[C@](C)(C=C)O)/CO)O)O)/CO)(C)C)C(=O)O[C@H]9[C@@H]([C@H]([C@@H]([C@H](O9)CO)O)O)O[C@H]1[C@@H]([C@@H]([C@H]([C@@H](O1)C)O[C@H]1[C@@H]([C@H]([C@@H](O1)CO)O)O)O[C@H]1[C@@H]([C@H]([C@@H]([C@H](O1)CO)O)O)O)O)O)C)C)C)NC(=O)C)O)O)O[C@H]1[C@@H]([C@H]([C@@H](CO1)O)O)O)O)O	506feb33435607c1483aefbbb4983a16	Avicin	C[C@@H]1[C@@H]([C@@H]([C@H]([C@@H](O1)OC[C@@H]2[C@H]([C@@H]([C@H]([C@@H](O2)O[C@H]3CC[C@]4([C@H](C3(C)C)CC[C@@]5([C@@H]4CC=C6[C@]5(C[C@H]([C@@]7([C@H]6CC([C@H](C7)OC(=O)/C(=C/CC[C@](C)(C=C)O[C@H]8[C@@H]([C@H]([C@@H]([C@H](O8)C)OC(=O)/C(=C/CC[C@](C)(C=C)O)/CO)O)O)/CO)(C)C)C(=O)O[C@H]9[C@@H]([C@H]([C@@H]([C@H](O9)CO)O)O)O[C@H]1[C@@H]([C@@H]([C@H]([C@@H](O1)C)O[C@H]1[C@@H]([C@H]([C@@H](O1)CO)O)O)O[C@H]1[C@@H]([C@H]([C@@H]([C@H](O1)CO)O)O)O)O)O)C)C)C)NC(=O)C)O)O)O[C@H]1[C@@H]([C@H]([C@@H](CO1)O)O)O)O)O		qacR	Staphylococcus aureus	P0A0N4	TetR	GroovDB	rcp_d6da87ae00c7f5217720	ligand_modulated_tf_dna_binding	high
edge_00687	C[C@@H]1[C@H]([C@@H](C[C@@H](O1)C2=C(C3=C(C=C2)C(=O)[C@]45[C@]([C@H]3O)(O4)[C@H](C[C@]6([C@@]5(C(=O)C=C(C6)C)O)O)O)O)OC(=O)/C=C/C=C/C=C/C=C/C(=O)NC7=C(C8=C(C(=C(C=C8)O)Cl)OC7=O)O)OC(=O)C	e050532fff540e98ba906caf6e5cc98f	Simocyclinone D8	C[C@@H]1[C@H]([C@@H](C[C@@H](O1)C2=C(C3=C(C=C2)C(=O)[C@]45[C@]([C@H]3O)(O4)[C@H](C[C@]6([C@@]5(C(=O)C=C(C6)C)O)O)O)O)OC(=O)/C=C/C=C/C=C/C=C/C(=O)NC7=C(C8=C(C(=C(C=C8)O)Cl)OC7=O)O)OC(=O)C		simReg2	Streptomyces antibioticus	Q9AMH9	TetR	GroovDB	rcp_4aa2e42abafd60af4d90	ligand_modulated_tf_dna_binding	high
edge_00688	C[C@@H]1[C@H]([C@@H](C[C@@H](O1)C2=C(C3=C(C=C2)C(=O)[C@]45[C@]([C@H]3O)(O4)[C@H](C[C@]6([C@@]5(C(=O)C=C(C6)C)O)O)O)O)OC(=O)/C=C/C=C/C=C/C=C/C(=O)O)OC(=O)C	e050532fff540e98ba906caf6e5cc98f	Simocyclinone C4	C[C@@H]1[C@H]([C@@H](C[C@@H](O1)C2=C(C3=C(C=C2)C(=O)[C@]45[C@]([C@H]3O)(O4)[C@H](C[C@]6([C@@]5(C(=O)C=C(C6)C)O)O)O)O)OC(=O)/C=C/C=C/C=C/C=C/C(=O)O)OC(=O)C		simReg2	Streptomyces antibioticus	Q9AMH9	TetR	GroovDB	rcp_11f3b0b7ccc2d3d6c29f	ligand_modulated_tf_dna_binding	high
edge_00689	C[C@@]1([C@H]2C[C@H]3[C@@H](C(=O)C(=C([C@]3(C(=O)C2=C(C4=C(C=CC(=C41)Cl)O)O)O)O)C(=O)N)N(C)C)O	48093dd13f4e8f02aba518dd7f2420fb	Chlorotetracycline	C[C@@]1([C@H]2C[C@H]3[C@@H](C(=O)C(=C([C@]3(C(=O)C2=C(C4=C(C=CC(=C41)Cl)O)O)O)O)C(=O)N)N(C)C)O		ctcS	Kitasatospora aureofaciens	S4S3A4	MarR	GroovDB	rcp_edc7477bcf9fa7973a24	ligand_modulated_tf_dna_binding	high
edge_00690	C[C@@]1([C@H]2C[C@H]3[C@@H](C(=O)C(=C([C@]3(C(=O)C2=C(C4=C1C=CC=C4O)O)O)O)C(=O)N)N(C)C)O	565138dd35eebdf76237e9c0b48f4152	tetracycline	C[C@@]1([C@H]2C[C@H]3[C@@H](C(=O)C(=C([C@]3(C(=O)C2=C(C4=C1C=CC=C4O)O)O)O)C(=O)N)N(C)C)O		TtgR	Pseudomonas putida DOT-T1E	Q9AIU0	TetR	manual_tetr_seed	rcp_e1e4b62c60ea10ac3c06	direct_physical_binding	high
edge_00691	C[C@@]1([C@H]2C[C@H]3[C@@H](C(=O)C(=C([C@]3(C(=O)C2=C(C4=C1C=CC=C4O)O)O)O)C(=O)N)N(C)C)O	a1b78bf1da02a669460d250b9e2860a5	Tetracycline	C[C@@]1([C@H]2C[C@H]3[C@@H](C(=O)C(=C([C@]3(C(=O)C2=C(C4=C1C=CC=C4O)O)O)O)C(=O)N)N(C)C)O		TetR	Escherichia coli	P0ACT4	TetR	GroovDB;Ligify2_benchmark	rcp_936ce29f2b359d8d9b4e	direct_ligand_binding	high
edge_00692	C[C@@]1([C@H]2C[C@H]3[C@@H](C(=O)C(=C([C@]3(C(=O)C2=C(C4=C1C=CC=C4O)O)O)O)C(=O)N)N(C)C)O	ca6fe1e81549cc622fa0e903e32acaba	Tetracycline	C[C@@]1([C@H]2C[C@H]3[C@@H](C(=O)C(=C([C@]3(C(=O)C2=C(C4=C1C=CC=C4O)O)O)O)C(=O)N)N(C)C)O		Rv3405c	Mycobacterium tuberculosis (strain ATCC 25618 / H37Rv)	P9WMC3	TetR	GroovDB;Ligify2_benchmark	rcp_3995b4b27c199586e0ac	ligand_modulated_tf_dna_binding	high
edge_00693	C[C@@]1([C@H]2C[C@H]3[C@@H](C(=O)C(=C([C@]3(C(=O)C2=C(C4=C1C=CC=C4O)O)O)O)C(=O)N)N(C)C)O	dd3fa42d5879f8a1fd0ccf19e42eed43	Tetracycline	C[C@@]1([C@H]2C[C@H]3[C@@H](C(=O)C(=C([C@]3(C(=O)C2=C(C4=C1C=CC=C4O)O)O)O)C(=O)N)N(C)C)O		Rv1474c	Mycobacterium tuberculosis (strain ATCC 25618 / H37Rv)	O53165	TetR	GroovDB	rcp_a6b37e9ff0c75d6dc081	ligand_modulated_tf_dna_binding	high
edge_00694	C[C@H](C(=O)O)N[C@@H](CCCN=C(N)N)C(=O)O	3777eca11e6be0a2c9ae458b5fd9f3d4	octopine	C[C@H](C(=O)O)N[C@@H](CCCN=C(N)N)C(=O)O		OccR	Agrobacterium tumefaciens		LysR	RegTransBase;GroovDB;Ligify2_benchmark	rcp_108c05f4dbdbacafde8e;rcp_17dfe6665ac286b0284d;rcp_36e88d79a2f12bd051fc;rcp_3a8d94573c01109736c2;rcp_3b4b509c00655e1d5a24;rcp_453c0e828843b560bf54;rcp_9b05d2316a7d4075113b;rcp_a9578d3b18ba20c7a910;rcp_baf478335f692b712dd8;rcp_ca49247ed66355826c52;rcp_db4a18cd1f4b175f702f	direct_effector_modulated_DNA_binding	high
edge_00695	C[C@H](C(=O)O)O	ef767719190a377cb66febd578a950d8	D-Lactate	C[C@H](C(=O)O)O		LldR	Pseudomonas sp. Root569	A0A0Q8D6R6	GntR	GroovDB	rcp_0c107da46fa8188ab027;rcp_3ca92b6952f69a715425	synthetic_cellular_response	medium
edge_00696	C[C@H](C(=O)[O-])[C@@](CC(=O)[O-])(C(=O)[O-])O	2ac1fc3edc70d832fcf553664d8e3ee7	(2S,3S)-2-methylcitrate	C[C@H](C(=O)[O-])[C@@](CC(=O)[O-])(C(=O)[O-])O		PrpR	Escherichia coli K-12		NtrC/XylR	RegulonDB	rcp_8e8db641e4180007fbe7	homolog_direct_mechanism_plus_exact_expression	medium
edge_00697	C[C@H](CCC(=O)NCC(=O)O)[C@H]1CC[C@@H]2[C@@]1([C@H](C[C@H]3[C@H]2CC[C@H]4[C@@]3(CC[C@H](C4)O)C)O)C	6a237bfc0e1d23e9ad904ab88ad2c93f	Glycodeoxycholic acid	C[C@H](CCC(=O)NCC(=O)O)[C@H]1CC[C@@H]2[C@@]1([C@H](C[C@H]3[C@H]2CC[C@H]4[C@@]3(CC[C@H](C4)O)C)O)C		BreR	Vibrio cholerae serotype O1 (strain ATCC 39315 / El Tor Inaba N16961)	Q9KR96	TetR	GroovDB	rcp_1d9be401e6f4c6de5085	cellular_tf_ligand_response	high
edge_00698	C[C@H](CCC(=O)NCCS(=O)(=O)O)[C@H]1CC[C@@H]2[C@@]1(CC[C@H]3[C@H]2[C@@H](C[C@H]4[C@@]3(CC[C@H](C4)O)C)O)C	6a237bfc0e1d23e9ad904ab88ad2c93f	Taurochenodeoxycholic acid	C[C@H](CCC(=O)NCCS(=O)(=O)O)[C@H]1CC[C@@H]2[C@@]1(CC[C@H]3[C@H]2[C@@H](C[C@H]4[C@@]3(CC[C@H](C4)O)C)O)C		BreR	Vibrio cholerae serotype O1 (strain ATCC 39315 / El Tor Inaba N16961)	Q9KR96	TetR	GroovDB	rcp_b1f7301bd5c0c1819a3b	cellular_tf_ligand_response	high
edge_00699	C[C@H](CCC(=O)NCCS(=O)(=O)O)[C@H]1CC[C@@H]2[C@@]1([C@H](C[C@H]3[C@H]2CC[C@H]4[C@@]3(CC[C@H](C4)O)C)O)C	471c70c900552b5e9081db33b52a5ab4	Taurodeoxycholate	C[C@H](CCC(=O)NCCS(=O)(=O)O)[C@H]1CC[C@@H]2[C@@]1([C@H](C[C@H]3[C@H]2CC[C@H]4[C@@]3(CC[C@H](C4)O)C)O)C		mtrR	Neisseria gonorrhoeae	P39897	TetR	GroovDB	rcp_5cd968474325a2585223	ligand_modulated_tf_dna_binding	high
edge_00700	C[C@H](CCC(=O)NCCS(=O)(=O)O)[C@H]1CC[C@@H]2[C@@]1([C@H](C[C@H]3[C@H]2[C@@H](C[C@H]4[C@@]3(CC[C@H](C4)O)C)O)O)C	7d2ae900d7f26d0eb7637a8a86d42a48	Taurocholate	C[C@H](CCC(=O)NCCS(=O)(=O)O)[C@H]1CC[C@@H]2[C@@]1([C@H](C[C@H]3[C@H]2[C@@H](C[C@H]4[C@@]3(CC[C@H](C4)O)C)O)O)C		cmeR	Campylobacter jejuni	Q7B8P6	TetR	GroovDB	rcp_0073aa827ca97fd13843	direct_physical_binding	high
edge_00701	C[C@H](CCC(=O)O)[C@H]1CC[C@@H]2[C@@]1(CC[C@H]3[C@H]2CC[C@H]4[C@@]3(CC[C@H](C4)O)C)C	6a237bfc0e1d23e9ad904ab88ad2c93f	Lithocholic acid	C[C@H](CCC(=O)O)[C@H]1CC[C@@H]2[C@@]1(CC[C@H]3[C@H]2CC[C@H]4[C@@]3(CC[C@H](C4)O)C)C		BreR	Vibrio cholerae serotype O1 (strain ATCC 39315 / El Tor Inaba N16961)	Q9KR96	TetR	GroovDB	rcp_97c797eed7bf182f5fa3	cellular_tf_ligand_response	high
edge_00702	C[C@H](CCC(=O)O)[C@H]1CC[C@@H]2[C@@]1(CC[C@H]3[C@H]2[C@@H](C[C@H]4[C@@]3(CC[C@H](C4)O)C)O)C	471c70c900552b5e9081db33b52a5ab4	Chenodeoxycholate	C[C@H](CCC(=O)O)[C@H]1CC[C@@H]2[C@@]1(CC[C@H]3[C@H]2[C@@H](C[C@H]4[C@@]3(CC[C@H](C4)O)C)O)C		mtrR	Neisseria gonorrhoeae	P39897	TetR	GroovDB	rcp_43c587018a3aa73cbd37	ligand_modulated_tf_dna_binding	high
edge_00703	C[C@H](CCC(=O)O)[C@H]1CC[C@@H]2[C@@]1(CC[C@H]3[C@H]2[C@H](C[C@H]4[C@@]3(CC[C@H](C4)O)C)O)C	02953687e8d0addea914d1380911f850	Ursodiol	C[C@H](CCC(=O)O)[C@H]1CC[C@@H]2[C@@]1(CC[C@H]3[C@H]2[C@H](C[C@H]4[C@@]3(CC[C@H](C4)O)C)O)C		SMC09139	Nitratiruptor tergarcus DSM 16512	A0A1W1WSF7	TetR	GroovDB	rcp_e9b53fd1f85ef291e922	cellular_tf_ligand_response	high
edge_00704	C[C@H](CCC(=O)O)[C@H]1CC[C@@H]2[C@@]1([C@H](C[C@H]3[C@H]2CC[C@H]4[C@@]3(CC[C@H](C4)O)C)O)C	6a237bfc0e1d23e9ad904ab88ad2c93f	Deoxycholic acid	C[C@H](CCC(=O)O)[C@H]1CC[C@@H]2[C@@]1([C@H](C[C@H]3[C@H]2CC[C@H]4[C@@]3(CC[C@H](C4)O)C)O)C		BreR	Vibrio cholerae serotype O1 (strain ATCC 39315 / El Tor Inaba N16961)	Q9KR96	TetR	GroovDB	rcp_f7c5e18708004b7f2d67	cellular_tf_ligand_response	high
edge_00705	C[C@H](CCC(=O)O)[C@H]1CC[C@@H]2[C@@]1([C@H](C[C@H]3[C@H]2CC[C@H]4[C@@]3(CC[C@H](C4)O)C)O)C	eb650d5a61ea3050805212878af18305	Deoxycholic acid	C[C@H](CCC(=O)O)[C@H]1CC[C@@H]2[C@@]1([C@H](C[C@H]3[C@H]2CC[C@H]4[C@@]3(CC[C@H](C4)O)C)O)C		VFA0359	Aliivibrio fischeri (strain ATCC 700601 / ES114)	Q5E0L7	TetR	GroovDB	rcp_82b284c12aab4121add3	cellular_tf_ligand_response	high
edge_00706	C[C@H](CCC(=O)O)[C@H]1CC[C@@H]2[C@@]1([C@H](C[C@H]3[C@H]2CC[C@H]4[C@@]3(CC[C@H](C4)O)C)O)C	fb6e88c6713a37167434ab00fcd8dc48	Deoxycholic acid	C[C@H](CCC(=O)O)[C@H]1CC[C@@H]2[C@@]1([C@H](C[C@H]3[C@H]2CC[C@H]4[C@@]3(CC[C@H](C4)O)C)O)C		VceR	Vibrio cholerae serotype O1 (strain ATCC 39315 / El Tor Inaba N16961)	Q9KS52	TetR	GroovDB	rcp_607d4ea4df0108123c86	ligand_modulated_tf_dna_binding	high
edge_00707	C[C@H](CCC(=O)[O-])[C@H]1CC[C@@H]2[C@@]1([C@H](C[C@H]3[C@H]2[C@@H](C[C@H]4[C@@]3(CC[C@H](C4)O)C)O)O)C	9dc396d112a954ddd8e5a385a5295e46	cholate	C[C@H](CCC(=O)[O-])[C@H]1CC[C@@H]2[C@@]1([C@H](C[C@H]3[C@H]2[C@@H](C[C@H]4[C@@]3(CC[C@H](C4)O)C)O)O)C		CmeR	Campylobacter jejuni		TetR	manual_tetr_seed	rcp_fb332a1251b8d07b70e3	direct_physical_binding_and_dna_modulation	high
edge_00708	C[C@H]1/C=C/C=C(\C(=O)NC2=CC(=C3C(=C2O)C(=C(C4=C3C(=O)[C@](O4)(O/C=C/[C@@H]([C@H]([C@H]([C@@H]([C@@H]([C@@H]([C@H]1O)C)O)C)OC(=O)C)C)OC)C)C)O)OCC(=O)O)/C	2d5659014371427c8babc68195ca7532	Rifamycin B	C[C@H]1/C=C/C=C(\C(=O)NC2=CC(=C3C(=C2O)C(=C(C4=C3C(=O)[C@](O4)(O/C=C/[C@@H]([C@H]([C@H]([C@@H]([C@@H]([C@@H]([C@H]1O)C)O)C)OC(=O)C)C)OC)C)C)O)OCC(=O)O)/C		rifQ	Amycolatopsis mediterranei	O52558	TetR	GroovDB;Ligify2_benchmark	rcp_96844db821681e68a173	ligand_modulated_tf_dna_binding	high
edge_00709	C[C@H]1C[C@@H]([C@@H]([C@@H]2[C@@H]1[C@]\3([C@@H](C=C2)/C(=C/C[C@@H](/C(=C/[C@@H]4C=C([C@@H](C[C@@]45C(=O)/C(=C3\O)/C(=O)O5)C)CO)/C)O[C@H]6C[C@]([C@H]([C@H](O6)C)NC(=O)OC)(C)[N+](=O)[O-])/C)C)O[C@H]7C[C@H]([C@H]([C@@H](O7)C)O)O[C@H]8CC(C([C@@H](O8)C)O[C@@H]9C[C@H]([C@H]([C@@H](O9)C)OC)O)O[C@H]1C[C@@H]([C@H]([C@@H](O1)C)O)O)C	8864f06e769e6ece9ffe61be550e01b3	Kijanimicin	C[C@H]1C[C@@H]([C@@H]([C@@H]2[C@@H]1[C@]\3([C@@H](C=C2)/C(=C/C[C@@H](/C(=C/[C@@H]4C=C([C@@H](C[C@@]45C(=O)/C(=C3\O)/C(=O)O5)C)CO)/C)O[C@H]6C[C@]([C@H]([C@H](O6)C)NC(=O)OC)(C)[N+](=O)[O-])/C)C)O[C@H]7C[C@H]([C@H]([C@@H](O7)C)O)O[C@H]8CC(C([C@@H](O8)C)O[C@@H]9C[C@H]([C@H]([C@@H](O9)C)OC)O)O[C@H]1C[C@@H]([C@H]([C@@H](O1)C)O)O)C		KijR	Streptomyces coelicolor (strain ATCC BAA-471 / A3(2) / M145)	Q9AK09	TetR	GroovDB	rcp_e8a335c0b1c4a19b8cf3	ligand_modulated_tf_dna_binding	high
edge_00710	C[C@H]1[C@@H]([C@H]([C@H](C(O1)O)O)O)O	3625995567cf62d5b6d1056aa156bfb8	L-rhamnose	C[C@H]1[C@@H]([C@H]([C@H](C(O1)O)O)O)O		RhaS	Escherichia coli K-12		AraC/XylS	RegulonDB	rcp_e316ecd993b7e18c5457	ligand_dependent_transcription_activation	high
edge_00711	C[C@H]1[C@@H]([C@H]([C@H](C(O1)O)O)O)O	c1371aff9f64b961d6606a7d5ee2e825	L-rhamnose	C[C@H]1[C@@H]([C@H]([C@H](C(O1)O)O)O)O		RhaR	Escherichia coli K-12		AraC/XylS	GroovDB;RegulonDB	rcp_10883b577aa409f97eb3;rcp_aa2b516d6455f6577a57	direct_DNA_binding_modulation	medium
edge_00712	C[C@H]1[C@@H]2CC[C@]3([C@H]([C@]2(CC[C@H]1O)C)[C@@H](C[C@@H]\4[C@@]3(C[C@@H](/C4=C(/CCC=C(C)C)\C(=O)O)OC(=O)C)C)O)C	c43348e5ebfdac23b79acb2a008a473f	Fusidic acid	C[C@H]1[C@@H]2CC[C@]3([C@H]([C@]2(CC[C@H]1O)C)[C@@H](C[C@@H]\4[C@@]3(C[C@@H](/C4=C(/CCC=C(C)C)\C(=O)O)OC(=O)C)C)O)C		yusO	Bacillus subtilis (strain 168)	O32181	MarR	GroovDB	rcp_86c547113bebf006f376	ligand_modulated_tf_dna_binding	high
edge_00713	C[C@H]1[C@@]([C@H]([C@@H](O1)O[C@@H]2[C@H]([C@@H]([C@H]([C@@H]([C@H]2O)O)N=C(N)N)O)N=C(N)N)O[C@H]3[C@H]([C@@H]([C@H]([C@@H](O3)CO)O)O)NC)(C=O)O	2aefcc80b513caa03ed31538713f06a4	Streptomycin	C[C@H]1[C@@]([C@H]([C@@H](O1)O[C@@H]2[C@H]([C@@H]([C@H]([C@@H]([C@H]2O)O)N=C(N)N)O)N=C(N)N)O[C@H]3[C@H]([C@@H]([C@H]([C@@H](O3)CO)O)O)NC)(C=O)O		icaR	Staphylococcus epidermidis (strain ATCC 35984 / RP62A)	Q5HKQ1	TetR	GroovDB	rcp_3b012fd03297585da090	ligand_modulated_tf_dna_binding	high
edge_00714	C[C@H]1[C@H](CC[C@@H](O1)O[C@@H]2C[C@@H](O[C@@H]([C@H]2O)C)O[C@@H]3[C@H](O[C@H](C[C@H]3O)OC4=C5C(=C(C=C4)O)C(=O)C6=C(C5=O)[C@@H](CC7=C6C(=CC(=C7)C)O)O)C)O	c79768a69e81a7e46c5418b5b5ac5d0d	Landomycin E	C[C@H]1[C@H](CC[C@@H](O1)O[C@@H]2C[C@@H](O[C@@H]([C@H]2O)C)O[C@@H]3[C@H](O[C@H](C[C@H]3O)OC4=C5C(=C(C=C4)O)C(=O)C6=C(C5=O)[C@@H](CC7=C6C(=CC(=C7)C)O)O)C)O		lanK	Streptomyces cyanogenus	Q9ZGB7	TetR	GroovDB	rcp_25af6ce0072d21dcc83d	ligand_modulated_tf_dna_binding	high
edge_00715	C[C@H]1[C@H](CC[C@@H](O1)O[C@@H]2C[C@@H](O[C@@H]([C@H]2O)C)O[C@@H]3[C@H](O[C@H](C[C@H]3O)O[C@H]4CC[C@@H](O[C@H]4C)O[C@@H]5C[C@@H](O[C@@H]([C@H]5O)C)O[C@@H]6[C@H](O[C@H](C[C@H]6O)OC7=C8C(=C(C=C7)O)C(=O)C9=C(C8=O)[C@@H](CC1=C9C(=CC(=C1)C)O)O)C)C)O	c79768a69e81a7e46c5418b5b5ac5d0d	Landomycin A	C[C@H]1[C@H](CC[C@@H](O1)O[C@@H]2C[C@@H](O[C@@H]([C@H]2O)C)O[C@@H]3[C@H](O[C@H](C[C@H]3O)O[C@H]4CC[C@@H](O[C@H]4C)O[C@@H]5C[C@@H](O[C@@H]([C@H]5O)C)O[C@@H]6[C@H](O[C@H](C[C@H]6O)OC7=C8C(=C(C=C7)O)C(=O)C9=C(C8=O)[C@@H](CC1=C9C(=CC(=C1)C)O)O)C)C)O		lanK	Streptomyces cyanogenus	Q9ZGB7	TetR	GroovDB	rcp_3ebc28dc0a2d4fa0576a	ligand_modulated_tf_dna_binding	high
edge_00716	C[C@H]1[C@H]([C@H](C[C@@H](O1)O[C@H]2C[C@@](CC3=C2C(=C4C(=C3O)C(=O)C5=C(C4=O)C(=CC=C5)OC)O)(C(=O)C)O)N)O	77112724e1af6cd7b40cf57b3aa53751	Daunomycin	C[C@H]1[C@H]([C@H](C[C@@H](O1)O[C@H]2C[C@@](CC3=C2C(=C4C(=C3O)C(=O)C5=C(C4=O)C(=CC=C5)OC)O)(C(=O)C)O)N)O		LmrR	Lactococcus lactis subsp. cremoris (strain MG1363)	A2RI36	PadR	GroovDB	rcp_9aa853be2650383835ed	direct_physical_binding	high
edge_00717	C[C@H]1[C@H]([C@H](C[C@@H](O1)O[C@H]2C[C@@](CC3=C2C(=C4C(=C3O)C(=O)C5=C(C4=O)C(=CC=C5)OC)O)(C(=O)C)O)N)O	a7aee3369bf1cd0dbb2a3b5c687ae75c	Daunorubicin	C[C@H]1[C@H]([C@H](C[C@@H](O1)O[C@H]2C[C@@](CC3=C2C(=C4C(=C3O)C(=O)C5=C(C4=O)C(=CC=C5)OC)O)(C(=O)C)O)N)O		drrR1	Streptomyces coeruleorubidus	P0DXY9	TetR	GroovDB	rcp_1e0280d7f9a6c9f24f8e	ligand_modulated_tf_dna_binding	high
edge_00718	C[C@H]1[C@H]([C@H](C[C@@H](O1)O[C@H]2C[C@@](CC3=C2C(=C4C(=C3O)C(=O)C5=C(C4=O)C(=CC=C5)OC)O)(C(=O)CO)O)N)O	a7aee3369bf1cd0dbb2a3b5c687ae75c	Doxorubicin	C[C@H]1[C@H]([C@H](C[C@@H](O1)O[C@H]2C[C@@](CC3=C2C(=C4C(=C3O)C(=O)C5=C(C4=O)C(=CC=C5)OC)O)(C(=O)CO)O)N)O		drrR1	Streptomyces coeruleorubidus	P0DXY9	TetR	GroovDB	rcp_4e8715586cbb2c34634f	ligand_modulated_tf_dna_binding	high
edge_00719	C[C@H]1[C@H]([C@H]([C@@H](C(O1)O)O)O)O	4042f243e2a7c9208bd3e6cfe340be7b	Fucose	C[C@H]1[C@H]([C@H]([C@@H](C(O1)O)O)O)O		GalS	Escherichia coli;K12 MG1655	P25748	LacI/GalR	RegTransBase;PRODORIC	rcp_48dd3bab89b9c8018a56;rcp_e8d6abd6f6cbd4d75d18	cellular_tf_ligand_response	high
edge_00720	C[C@H]1[C@H]([C@H]([C@@H](C(O1)O)O)O)O	5b68aa466b414cce60faa99284db1dea	L-Fucose	C[C@H]1[C@H]([C@H]([C@@H](C(O1)O)O)O)O		degA_3	Bifidobacterium longum subsp. infantis	A0A1S2VST2	LacI/GalR	GroovDB	rcp_3c1292f8cc298ac7a3c2	direct_physical_binding	high
edge_00721	C[C@H]1[C@H]2C=C([C@H]3[C@]2(C=C1C)[C@@]4(CO4)C(=O)OC3)C(=O)O	c1479d0338c90bd80be3b9dc83cc7f4b	Pentalenolactone	C[C@H]1[C@H]2C=C([C@H]3[C@]2(C=C1C)[C@@]4(CO4)C(=O)OC3)C(=O)O		penR	Streptomyces exfoliatus	E3VWJ7	MarR	GroovDB	rcp_4cd64a85c9e0b2d1664a	ligand_modulated_tf_dna_binding	high
edge_00722	C[C@]12CCC(=O)[C@H]([C@@H]1CCC2=O)CCC(=O)SCCNC(=O)CCNC(=O)[C@@H](C(C)(C)COP(=O)(O)OP(=O)(O)OC[C@@H]3[C@H]([C@H]([C@@H](O3)N4C=NC5=C(N=CN=C54)N)O)OP(=O)(O)O)O	5a7661b185de78d3e54e00d8b597baff	HIP-CoA	C[C@]12CCC(=O)[C@H]([C@@H]1CCC2=O)CCC(=O)SCCNC(=O)CCNC(=O)[C@@H](C(C)(C)COP(=O)(O)OP(=O)(O)OC[C@@H]3[C@H]([C@H]([C@@H](O3)N4C=NC5=C(N=CN=C54)N)O)OP(=O)(O)O)O		KstR2	Mycobacterium tuberculosis	P9WMB9	TetR	manual_tetr_seed	rcp_213dc4a4917095f31a72	direct_physical_binding_and_dna_modulation	high
edge_00723	C[C@]12CC[C@H]3[C@H]([C@@H]1CCC2=O)CCC4=C3C=CC(=C4)O	0db1736ea1c8a87b60aa3c351f3a74de	Estrone	C[C@]12CC[C@H]3[C@H]([C@@H]1CCC2=O)CCC4=C3C=CC(=C4)O		EdcR	Caenibius tardaugens NBRC 16725	U2Y8G0	TetR	GroovDB	rcp_0140160d2c0532036969	cellular_tf_ligand_response	high
edge_00724	C[C@]12CC[C@H]3[C@H]([C@@H]1CC[C@@H]2O)CCC4=C3C=CC(=C4)O	0db1736ea1c8a87b60aa3c351f3a74de	Estradiol	C[C@]12CC[C@H]3[C@H]([C@@H]1CC[C@@H]2O)CCC4=C3C=CC(=C4)O		EdcR	Caenibius tardaugens NBRC 16725	U2Y8G0	TetR	GroovDB	rcp_4b72e5b6d52d2ab4db5c	cellular_tf_ligand_response	high
edge_00725	C[C@]12CC[C@H]3[C@H]([C@@H]1CC[C@@H]2O)CCC4=C3C=CC(=C4)O	471c70c900552b5e9081db33b52a5ab4	Beta-estradiol	C[C@]12CC[C@H]3[C@H]([C@@H]1CC[C@@H]2O)CCC4=C3C=CC(=C4)O		mtrR	Neisseria gonorrhoeae	P39897	TetR	GroovDB	rcp_de4b992b06224acf7d6c	direct_physical_binding	high
edge_00726	C[C@]12CC[C@H]3[C@H]([C@@H]1CC[C@@H]2O)CCC4=CC(=O)CC[C@]34C	471c70c900552b5e9081db33b52a5ab4	Testosterone	C[C@]12CC[C@H]3[C@H]([C@@H]1CC[C@@H]2O)CCC4=CC(=O)CC[C@]34C		mtrR	Neisseria gonorrhoeae	P39897	TetR	GroovDB	rcp_f898d4f34c188d1ddaa6	direct_physical_binding	high
edge_00727	C[C@]12CC[C@H]3[C@H]([C@@H]1CC[C@]2(C#C)O)CCC4=C3C=CC(=C4)O	471c70c900552b5e9081db33b52a5ab4	Ethinyl estradiol	C[C@]12CC[C@H]3[C@H]([C@@H]1CC[C@]2(C#C)O)CCC4=C3C=CC(=C4)O		mtrR	Neisseria gonorrhoeae	P39897	TetR	GroovDB	rcp_fff87f844365ebcfcd38	direct_physical_binding	high
edge_00728	C[N+](C)(C)CCO	2115970d6fc6e17c960a5dd6f7042705	Choline	C[N+](C)(C)CCO		betI	Escherichia coli (strain K12)	P17446	TetR	GroovDB;RegulonDB;Ligify2_benchmark	rcp_037ccf323a37674f6dd1;rcp_24d7af4a2788cb8ba10c	ligand_modulated_tf_dna_binding	high
edge_00729	C[N+](C)(C)C[C@@H](CC(=O)[O-])O	61d804f5e6839c42806f4d4e18fd3c6d	L-Carnitine	C[N+](C)(C)C[C@@H](CC(=O)[O-])O		CaiF	Escherichia coli		Unknown	RegTransBase;RegulonDB	rcp_49b281852a325d357ce4;rcp_cc778165c6b14a2e2652;rcp_fcc9b97907b40a1c50c5	ligand_sensitive_transcription_with_direct_dna_binding	medium
edge_00730	C[N+]1=CC2=CC(=C(C=C2C3=C1C4=CC5=C(C=C4C=C3)OCO5)OC)OC	506feb33435607c1483aefbbb4983a16	Nitidine	C[N+]1=CC2=CC(=C(C=C2C3=C1C4=CC5=C(C=C4C=C3)OCO5)OC)OC		qacR	Staphylococcus aureus	P0A0N4	TetR	GroovDB	rcp_69c38f2454416e18fed6	ligand_modulated_tf_dna_binding	high
edge_00731	C[N+]1=CC=C(C=C1)C2=CC=[N+](C=C2)C	a1a3f0ca97e2d301588bead4f4b7ffac	Paraquat	C[N+]1=CC=C(C=C1)C2=CC=[N+](C=C2)C		SoxR	Escherichia coli;K12 MG1655	P0ACS2	MerR	PRODORIC	rcp_36109d8874fa30100fb8	redox_proximal_not_direct_ligand	medium
edge_00732	C[S+](CCC(C(=O)[O-])N)CC1C(C(C(O1)N2C=NC3=C(N=CN=C32)N)O)O	779729355b39f0a9064b8cd257dc0f03	S-adenosylmethionine	C[S+](CCC(C(=O)[O-])N)CC1C(C(C(O1)N2C=NC3=C(N=CN=C32)N)O)O		MetJ	Escherichia coli	M12869	MetJ	RegTransBase	rcp_eb10b6eb8cc517378585	direct_functional_modulation_in_vitro	high
edge_00733	C[S+](CC[C@@H](C(=O)[O-])N)C[C@@H]1[C@H]([C@H]([C@@H](O1)N2C=NC3=C(N=CN=C32)N)O)O	779729355b39f0a9064b8cd257dc0f03	adenosylmethionine	C[S+](CC[C@@H](C(=O)[O-])N)C[C@@H]1[C@H]([C@H]([C@@H](O1)N2C=NC3=C(N=CN=C32)N)O)O		MetJ	Escherichia coli;K12 MG1655	P0A8U6	MetJ	PRODORIC;RegulonDB	rcp_0e9b19f357929805f578;rcp_4249f7fa7117e79ba9ea	ligand_modulated_tf_dna_binding	high
edge_00734	ion:Cd_unspecified	00c184046f2f5e22bb743559242f2727	cadmium ion		Cd_unspecified	SmtB	Synechococcus elongatus PCC 7942		ArsR/SmtB	RegTransBase	rcp_ab16782616104f36d060	ligand_modulated_tf_dna_binding	high
edge_00735	ion:Cd_unspecified	fb5cad1bdf5c957282b288c2e61ba77c	Cd		Cd_unspecified	Fur	Escherichia coli;K12 MG1655	P0A9A9	Fur	PRODORIC	rcp_11ee42739411f59cbe43	direct_metal_activation	medium
edge_00736	ion:Co2+	9349b0c023e13e5b28da19a2c598a33c	Co2+		Co2+	RcnR	Escherichia coli K-12		ArsR/SmtB	RegulonDB	rcp_d0038227515628ea1a4b	direct_metal_ligand_dna_modulation	high
edge_00737	ion:Co2+	c32541dbbb3edb7ae8661e485f2b60b2	Cobalt		Co2+	IdeR	Mycobacterium tuberculosis (strain ATCC 25618 / H37Rv)	P9WMH1	DtxR	GroovDB	rcp_b6f3a542a2b28d45d810	ligand_modulated_tf_dna_binding	high
edge_00738	ion:Co2+	c492587cf73af64110aea83193d6eb10	Cobalt		Co2+	SczA	Streptococcus pneumoniae (strain ATCC BAA-255 / R6)	Q8DNK2	TetR	GroovDB	rcp_fae9091a19f4e9747bea	ligand_modulated_tf_dna_binding	high
edge_00739	ion:Co_unspecified	00c184046f2f5e22bb743559242f2727	cobalt ion		Co_unspecified	SmtB	Synechococcus elongatus PCC 7942		ArsR/SmtB	RegTransBase	rcp_b34a5e07a2fbf7760255	ligand_modulated_tf_dna_binding	high
edge_00740	ion:Co_unspecified	c492587cf73af64110aea83193d6eb10	Cobalt		Co_unspecified	SczA	Streptococcus pneumoniae (strain ATCC BAA-255 / R6)	Q8DNK2	TetR	GroovDB	rcp_353877a2f774d7b52948	ligand_modulated_tf_dna_binding	medium
edge_00741	ion:Co_unspecified	cd028281c0aadd4ed9f4f54612857a28	cobalt ion		Co_unspecified	CorR	Synechocystis sp. PCC 6803		MerR	RegTransBase	rcp_e785475ca3e0b816fa64	direct_metal_sensing	high
edge_00742	ion:Cr_unspecified	00c184046f2f5e22bb743559242f2727	chromium ion		Cr_unspecified	SmtB	Synechococcus elongatus PCC 7942		ArsR/SmtB	RegTransBase	rcp_05b201a6fffa51c74aac	ligand_modulated_tf_dna_binding	high
edge_00743	ion:Cu+	b25115bb68686a75a18d18d8467ccf25	Cu		Cu+	CueR	Pseudomonas aeruginosa;PAO1		MerR	PRODORIC	rcp_67838bad7a80000191b9	proximal_metal_regulatory	medium
edge_00744	ion:Cu+	b2780861c6f503efd9cea59685ca7b08	Cu		Cu+	RicR	Mycobacterium tuberculosis	O07434	ArsR/SmtB	PRODORIC	rcp_bc30f6145149e6513cf5	proximal_metal_response_with_TF_DNA_support	medium
edge_00745	ion:Cu+	d5ede7fa852bcbb40f345a0f77c2fb31	Cu+		Cu+	CueR	Escherichia coli K-12		MerR	PRODORIC;RegulonDB	rcp_4123d541869cc9fd96c7;rcp_a0575e93b32e2d2b49ca	direct_metal_binding_and_transcription_activation	high
edge_00746	ion:Cu2+	7a6c9a45575ac23ddaa089d43e8dda67	Copper		Cu2+	CsoR	Mycobacterium tuberculosis (strain ATCC 25618 / H37Rv)	P9WP49	ArsR/SmtB	GroovDB	rcp_cdfca6c94c8fb9e9dd68	cellular_tf_ligand_response	high
edge_00747	ion:Cu2+	cf1ac1423df53baa207595f5ca539e78	Copper		Cu2+	JTY_2262	Mycobacterium tuberculosis (strain ATCC 25618 / H37Rv)	P9WMC5	TetR	GroovDB	rcp_e08db3f78ec0f978952a	ligand_modulated_tf_dna_binding	high
edge_00748	ion:Cu_unspecified	00c184046f2f5e22bb743559242f2727	copper ion		Cu_unspecified	SmtB	Synechococcus elongatus PCC 7942		ArsR/SmtB	RegTransBase	rcp_1f6f9d3fa36f6ba8572e	ligand_modulated_tf_dna_binding	high
edge_00749	ion:Cu_unspecified	7a6c9a45575ac23ddaa089d43e8dda67	Copper		Cu_unspecified	csoR	Mycobacterium tuberculosis (strain ATCC 25618 / H37Rv)	P9WP49	ArsR/SmtB	GroovDB	rcp_9f42bdd0d83317a71803	direct_metal_binding_and_regulation	high
edge_00750	ion:Cu_unspecified	7ccc53af86791ce13d51b8cbc7e44e77	copper ion		Cu_unspecified	CopY	Enterococcus hirae		Unknown	RegTransBase	rcp_2bfb81d320a891b7e3b1;rcp_8784e392ac8c221daea7	ligand_modulated_tf_dna_binding	high
edge_00751	ion:Cu_unspecified	cf1ac1423df53baa207595f5ca539e78	Copper		Cu_unspecified	JTY_2262	Mycobacterium tuberculosis (strain ATCC 25618 / H37Rv)	P9WMC5	TetR	GroovDB	rcp_48ac6092ebd943929349	pending_pair_level_review	low
edge_00752	ion:Fe2+	054b997aec7ec5b1f6a8133644948cd0	iron ion		Fe2+	FUR	Listonella anguillarum		Fur	RegTransBase	rcp_41855e67bf4071fb7bcb;rcp_ce53e051ba5e9f767646;rcp_e4ac16471264a1ea2e85	metal_dependent_TF_DNA_binding	high
edge_00753	ion:Fe2+	0fc4f1cf0a34ed8f04cb6c9bbb28ae2b	iron ion		Fe2+	Fur	Pseudomonas aeruginosa		Fur	RegTransBase	rcp_1994dc1ab12076201b7a;rcp_2b09d99119518d512018;rcp_3aa6d190f26a263b438e;rcp_4829bb32411eec0a80d6;rcp_6b11537c31b81e9d77a0;rcp_792aa13fbea6efaa0568;rcp_7f1181e32bfba09fea9c;rcp_943dcedddf6c0d1c2923;rcp_990ad4e70632249aef50;rcp_ae3ea729ac97c51a52ad;rcp_f4946dd733920839b5fe;rcp_fb4566dbe2395f82c8a6	metal_dependent_dna_binding	high
edge_00754	ion:Fe2+	26604a123431d44923df375904dd81c4	iron ion		Fe2+	Fur	Vibrio cholerae	M85154	Fur	RegTransBase	rcp_02b9978355406643c249;rcp_21c37aa36bd87a27a26f;rcp_4b5466b2b146727c98eb;rcp_71145a6939c4b69cf983;rcp_9be091b8f64043dc090c;rcp_b9fd4f8b39ff00031232;rcp_bd39f1543ca28baebc48	ligand_modulated_DNA_binding	high
edge_00755	ion:Fe2+	4ae279357a01a64ddaee38c79158a3e5	iron ion		Fe2+	PerR	Staphylococcus aureus		Fur	RegTransBase	rcp_3c45da7f79823390ed42;rcp_7dd14fb4864ee98f2c5b	metal_cofactor_DNA_regulation	medium
edge_00756	ion:Fe2+	4c307f7522e0798595dc00907efaf6b5	iron ion		Fe2+	Fur	Bradyrhizobium japonicum		Fur	RegTransBase	rcp_6829d1d0171be9e786f5;rcp_afaf4309bf4d3b84ee84	metal_dependent_dna_binding	high
edge_00757	ion:Fe2+	5d99b7ed9f10a70bf1d7ff4d96f00a9c	iron ion		Fe2+	Fur	Pseudomonas putida WCS358		Fur	RegTransBase	rcp_2d0a02bcb506944b48cc;rcp_da35193ec2190adfb60b	direct_metal_coregulator	medium
edge_00758	ion:Fe2+	7a64a9d8d04bc5508b2c0936367a40c9	iron ion		Fe2+	FUR	Vibrio vulnificus		Fur	RegTransBase	rcp_814d01c012e57cba9315;rcp_b864f08122f9ec1e7600	proximal_metal_response	medium
edge_00759	ion:Fe2+	9ce297ea72aa9557d4370fa5649f7ee7	iron ion		Fe2+	Fur	Pseudomonas fluorescens MFO		Fur	RegTransBase	rcp_4a507c5b2e3b4db3fa43	cellular_proximal_iron_response	low
edge_00760	ion:Fe2+	a61c65370dc41a639247ffbbb4cc9791	iron ion		Fe2+	Fur	Staphylococcus aureus		Fur	RegTransBase	rcp_a9d4781da64d60a7a13a	cellular_proximal_metal_response	medium
edge_00761	ion:Fe2+	c32541dbbb3edb7ae8661e485f2b60b2	Iron		Fe2+	IdeR	Mycobacterium tuberculosis (strain ATCC 25618 / H37Rv)	P9WMH1	DtxR	GroovDB	rcp_64a979a303443271620d	ligand_modulated_tf_dna_binding	high
edge_00762	ion:Fe2+	c72eb7d25842648573791a0979afeb47	iron ion		Fe2+	Irr	Bradyrhizobium japonicum		Fur	RegTransBase	rcp_1c1cc869ffeea19a9e21	direct_metal_homeostasis_aux	medium
edge_00763	ion:Fe2+	c9628b34dc883949471b57efe94bd01f	iron ion		Fe2+	Fur	Yersinia pestis	NC_004088	Fur	RegTransBase	rcp_abd06ea79679977be3b4	cellular_proximal_response	medium
edge_00764	ion:Fe2+	dd3fa42d5879f8a1fd0ccf19e42eed43	Iron		Fe2+	Rv1474c	Mycobacterium tuberculosis (strain ATCC 25618 / H37Rv)	O53165	TetR	GroovDB	rcp_5f84bf48d3d820b755b7	ligand_modulated_tf_dna_binding	high
edge_00765	ion:Fe2+	fb5cad1bdf5c957282b288c2e61ba77c	iron ion		Fe2+	Fur	Escherichia coli		Fur	RegTransBase;RegulonDB	rcp_085cde1be3b08d639de4;rcp_48c984a0e64b542c76a6;rcp_ae0a2c6d1471db5eb2c5;rcp_bcc769e8a985bcd434b0;rcp_c44d5ecc2db00f7e7cfa;rcp_c8691e1dfadf1aaebad1;rcp_e8252114fd291f1117a3;rcp_f50882e5719cb6cdd643	direct_metal_dependent_dna_binding	high
edge_00766	ion:Fe_unspecified	096938ba652e67f243b3403d11e00f02	Fe		Fe_unspecified	PerR	Bacillus subtilis;168	P71086	Fur	PRODORIC	rcp_1d2a269a6e89a7a95454	direct_metal_activated_DNA_binding	high
edge_00767	ion:Fe_unspecified	0fc4f1cf0a34ed8f04cb6c9bbb28ae2b	Fe		Fe_unspecified	Fur	Pseudomonas aeruginosa;PAO1	Q03456	Fur	PRODORIC	rcp_47be63173a5099ffbfb8	direct_dna_binding_footprinting	high
edge_00768	ion:Fe_unspecified	26604a123431d44923df375904dd81c4	Fe		Fe_unspecified	Fur	Vibrio cholerae;10432-62	A5F6G4	Fur	PRODORIC	rcp_093392c6a99bae5ff3b3	metal_dependent_DNA_regulation	medium
edge_00769	ion:Fe_unspecified	417b4166a2dfb3ce7360ec9625d4060a	Fe		Fe_unspecified	Fur	Klebsiella pneumoniae;Kp52.145	P45599	Fur	PRODORIC	rcp_d67353ade0b6b3b95c91	direct_metal_coregulator	medium
edge_00770	ion:Fe_unspecified	44649a2bbceaafc35cdf7a1e2cb3e63c	Fe		Fe_unspecified	Fur	Helicobacter pylori;26695	O25671	Fur	PRODORIC	rcp_1b2fd0be6ae923681f0b	direct_metal_regulator	high
edge_00771	ion:Fe_unspecified	84673005138cc9df307778015c3e565b	Fe		Fe_unspecified	Fur	Clostridioides difficile;630		Fur	PRODORIC	rcp_d35baac9cad23104a5a1	iron_dependent_TF_DNA_binding	high
edge_00772	ion:Fe_unspecified	c32541dbbb3edb7ae8661e485f2b60b2	Iron		Fe_unspecified	ideR	Mycobacterium tuberculosis (strain ATCC 25618 / H37Rv)	P9WMH1	DtxR	GroovDB;PRODORIC	rcp_6b845a57837a5010fff2;rcp_d36ccd63690c6d8b6e68	direct_metal_dependent_dna_binding	high
edge_00773	ion:Fe_unspecified	c72eb7d25842648573791a0979afeb47	Fe		Fe_unspecified	Irr	Bradyrhizobium japonicum;5038		Fur	PRODORIC	rcp_566dd3e6a21c010c1456	proximal_metal_homeostasis	medium
edge_00774	ion:Fe_unspecified	c9628b34dc883949471b57efe94bd01f	Fe		Fe_unspecified	Fur	Yersinia pestis	P33086	Fur	PRODORIC	rcp_8eb4350ccfb01a300532	metal_responsive_direct_dna_targets	medium
edge_00775	ion:Fe_unspecified	dd3fa42d5879f8a1fd0ccf19e42eed43	Iron		Fe_unspecified	Rv1474c	Mycobacterium tuberculosis (strain ATCC 25618 / H37Rv)	O53165	TetR	GroovDB	rcp_b7a28e45c9a7e11f214d	metal_response_not_exact_direct_binding	medium
edge_00776	ion:Fe_unspecified	fb5cad1bdf5c957282b288c2e61ba77c	Fe		Fe_unspecified	Fur	Escherichia coli;K12 MG1655	P0A9A9	Fur	PRODORIC	rcp_e4cd179ad860d8347809	direct_metal_corepressor	high
edge_00777	ion:Mn2+	7b71740b12a1db903033d68260a33d5b	Mn2+		Mn2+	MntR	Escherichia coli K-12		DtxR	RegulonDB	rcp_e433a23374737cdb2c56	direct_metal_dependent_dna_binding	high
edge_00778	ion:Mn2+	867c9236eedce402d1dd6f9ddc1c5730	Manganese		Mn2+	MntR	Bacillus subtilis (strain 168)	P54512	DtxR	GroovDB	rcp_2655f9fa4ff5817206a4	cellular_tf_ligand_response	high
edge_00779	ion:Mn2+	c32541dbbb3edb7ae8661e485f2b60b2	Manganese		Mn2+	IdeR	Mycobacterium tuberculosis (strain ATCC 25618 / H37Rv)	P9WMH1	DtxR	GroovDB	rcp_64f1653f7dc485ac62c4	ligand_modulated_tf_dna_binding	high
edge_00780	ion:Mn2+	c9628b34dc883949471b57efe94bd01f	manganese		Mn2+	Fur	Yersinia pestis	NC_004088	Fur	RegTransBase	rcp_45d02e2635acfdaa06c3	cellular_proximal_metal_response	medium
edge_00781	ion:Mn_unspecified	096938ba652e67f243b3403d11e00f02	Mn		Mn_unspecified	PerR	Bacillus subtilis;168	P71086	Fur	PRODORIC	rcp_b84959829d0564228e35	direct_metal_modulated_DNA_binding	high
edge_00782	ion:Mn_unspecified	4ae279357a01a64ddaee38c79158a3e5	manganese ion		Mn_unspecified	PerR	Staphylococcus aureus		Fur	RegTransBase	rcp_b017d9fbe385f2e6e2a3;rcp_cc5649e4f5514c69760c;rcp_f67dbf83e23188646446	metal_cofactor_direct	high
edge_00783	ion:Mn_unspecified	4c307f7522e0798595dc00907efaf6b5	manganese ion		Mn_unspecified	Fur	Bradyrhizobium japonicum		Fur	RegTransBase	rcp_3b15fe4d21a825adffaf	ligand_modulated_tf_dna_binding	high
edge_00784	ion:Mn_unspecified	867c9236eedce402d1dd6f9ddc1c5730	Manganese		Mn_unspecified	mntR	Bacillus subtilis (strain 168)	P54512	DtxR	GroovDB;PRODORIC	rcp_79ce3da917f5944c1095;rcp_c63d70b947b297f629d0	direct_ligand_binding	high
edge_00785	ion:Mn_unspecified	8ae3f6b9c6c7d98b3621857aa3247b5f	Mn		Mn_unspecified	Fur	Bradyrhizobium japonicum;5038		Fur	PRODORIC	rcp_c0aa34d55bbc8e0dcccf	proximal_cellular_response	high
edge_00786	ion:Mn_unspecified	91e8ccc3c27b7b9d8403ea57535de8f0	manganese ion		Mn_unspecified	ScaR	Streptococcus gordonii DL1		DtxR	RegTransBase	rcp_2e99538d76f652583653	ligand_modulated_tf_dna_binding	high
edge_00787	ion:Mn_unspecified	a61c65370dc41a639247ffbbb4cc9791	manganese ion		Mn_unspecified	Fur	Staphylococcus aureus		Fur	RegTransBase	rcp_3ccaee2dd4cb8c3ba244	metal_response_proximal	medium
edge_00788	ion:Mn_unspecified	a8fb3b1423eed8a2137a306099401f85	Mn		Mn_unspecified	Mur	Rhizobium leguminosarum;3D1K2		Fur	PRODORIC	rcp_762148b133673893c1ec	mn_responsive_dna_binding	high
edge_00789	ion:Mn_unspecified	b790af1281f28e7517eaf5f17f15ff02	manganese ion		Mn_unspecified	MntR	Staphylococcus aureus		DtxR	RegTransBase	rcp_56a848df753a63cd3d83	proximal_metal_regulation	medium
edge_00790	ion:Mn_unspecified	c32541dbbb3edb7ae8661e485f2b60b2	Manganese		Mn_unspecified	ideR	Mycobacterium tuberculosis (strain ATCC 25618 / H37Rv)	P9WMH1	DtxR	GroovDB	rcp_b986f05eb0ef61a38a22	direct_metal_dependent_DNA_binding_nonpreferred	medium
edge_00791	NCC[C@H](N)C(O)=O	221b7f72ecf2466381555b661af6d5bd	L-2,4-diaminobutyric acid	NCC[C@H](N)C(O)=O		EhuR	Rhizobium meliloti (strain 1021)	Q92WD0	GntR	GroovDB	rcp_3f19c4de2836f6022b2d	ligand_modulated_tf_dna_binding	high
edge_00792	N[C@@H](Cc1c[nH]c2ccccc12)C(O)=O	1129ce31eceb1fd2c2e696746fb9ebd9	L-tryptophan	N[C@@H](Cc1c[nH]c2ccccc12)C(O)=O		TrpR	Escherichia coli K-12		TrpR	RegulonDB	rcp_ae90c0fcb29c480ffe1e	direct_ligand_binding_and_DNA_activation	high
edge_00793	N[C@@H](Cc1ccc(O)cc1)C(O)=O	4e24e09249b48350fb212b729ce47dc7	l-tyrosine	N[C@@H](Cc1ccc(O)cc1)C(O)=O		HpdA	Cupriavidus necator (strain ATCC 17699 / DSM 428 / KCTC 22496 / NCIMB 10442 / H16 / Stanier 337)	Q0K299	Lrp/AsnC	Ligify2024_supplement	rcp_ad2356cd847cf6be0d0f	cellular_tf_ligand_response	high
edge_00794	ion:Na+	18b81b41aef5f364b6d48565df28ad24	Sodium		Na+	NhaR	Escherichia coli;K12 MG1655	P0A9G2	LysR	PRODORIC	rcp_dee003dc28a566189fdd	direct_ion_modulated_DNA_binding	high
edge_00795	Nc1ccccc1C(=O)C[C@H]([NH3+])C([O-])=O	6eb56bf570e74c7259060804cc3c706d	l-kynurenine	Nc1ccccc1C(=O)C[C@H]([NH3+])C([O-])=O		KynR	Cupriavidus necator (strain ATCC 17699 / DSM 428 / KCTC 22496 / NCIMB 10442 / H16 / Stanier 337)	Q0K7Y0	Lrp/AsnC	Ligify2024_supplement	rcp_034541853543cc22daf5	cellular_tf_ligand_response	high
edge_00796	ion:Ni2+	6d977bb96b25187abc5348661bf9f009	Ni2+		Ni2+	NikR	Escherichia coli K-12		NikR	RegulonDB	rcp_b8be0474543de0e94f92	direct_metal_dependent_DNA_binding	high
edge_00797	ion:Ni2+	9349b0c023e13e5b28da19a2c598a33c	Ni2+		Ni2+	RcnR	Escherichia coli K-12		ArsR/SmtB	RegulonDB	rcp_59705b18bbad92bc7f94	direct_metal_binding_and_dna_modulation	high
edge_00798	ion:Ni2+	9e7b731c1405f719730bee5ea85424e0	Ni2+		Ni2+	NfeR	Escherichia coli K-12		PadR	RegulonDB	rcp_b06728c9af235f4154bd	database_conformation_effector_annotation_without_primary_pmid	medium
edge_00799	ion:Ni2+	c32541dbbb3edb7ae8661e485f2b60b2	Nickel		Ni2+	IdeR	Mycobacterium tuberculosis (strain ATCC 25618 / H37Rv)	P9WMH1	DtxR	GroovDB	rcp_e9e8777c33749e43c0d0	ligand_modulated_tf_dna_binding	high
edge_00800	ion:Ni2+	c492587cf73af64110aea83193d6eb10	Nickel		Ni2+	SczA	Streptococcus pneumoniae (strain ATCC BAA-255 / R6)	Q8DNK2	TetR	GroovDB	rcp_d307445be30294f8f697	ligand_modulated_tf_dna_binding	high
edge_00801	ion:Ni_unspecified	00c184046f2f5e22bb743559242f2727	nickel ion		Ni_unspecified	SmtB	Synechococcus elongatus PCC 7942		ArsR/SmtB	RegTransBase	rcp_b4bcfa2519ae424e8e8f	ligand_modulated_tf_dna_binding	high
edge_00802	ion:Ni_unspecified	292dbe5df648b6845fe27a2975ff73eb	Ni		Ni_unspecified	NikR	Helicobacter pylori;26695		NikR	PRODORIC	rcp_73fcf74f6e1d656d428c	direct_metal_binding_and_dna_modulation	high
edge_00803	ion:Ni_unspecified	91e8ccc3c27b7b9d8403ea57535de8f0	nickel ion		Ni_unspecified	ScaR	Streptococcus gordonii DL1		DtxR	RegTransBase	rcp_84c823bb861b1781a925	direct_metal_supported_nonpreferred	medium
edge_00804	ion:Ni_unspecified	c32541dbbb3edb7ae8661e485f2b60b2	Nickel		Ni_unspecified	ideR	Mycobacterium tuberculosis (strain ATCC 25618 / H37Rv)	P9WMH1	DtxR	GroovDB	rcp_a5d9026eb429aeda7447	weak_aux_nonpreferred_metal_cross_operator	medium
edge_00805	ion:Ni_unspecified	c492587cf73af64110aea83193d6eb10	Nickel		Ni_unspecified	SczA	Streptococcus pneumoniae (strain ATCC BAA-255 / R6)	Q8DNK2	TetR	GroovDB	rcp_c68408bf8f7b0b89eebb	metal_dependent_regulatory_response_nonpreferred	medium
edge_00806	O=C(C1=C[C@@]([C@@]23C[C@H]1C)([H])/C=C\CCCC[C@]4([H])C=C[C@]5([H])[C@@H](O[C@@H]6O[C@H](C)[C@@H](O[C@@H]7O[C@H](C)[C@@H](O)[C@H](O)C7)[C@H](O)C6)CCC[C@@]5([H])[C@]4(C)C(OC(C(O3)=O)=C2C)=O)O	3aca75f20be539e77372177c470e3961	Demethylsalicycloyl-chlorothricin	O=C(C1=C[C@@]([C@@]23C[C@H]1C)([H])/C=C\CCCC[C@]4([H])C=C[C@]5([H])[C@@H](O[C@@H]6O[C@H](C)[C@@H](O[C@@H]7O[C@H](C)[C@@H](O)[C@H](O)C7)[C@H](O)C6)CCC[C@@]5([H])[C@]4(C)C(OC(C(O3)=O)=C2C)=O)O		ChlF1	Streptomyces antibioticus	Q0R4N6	TetR	GroovDB	rcp_0da90f851c449f0d5261;rcp_0f5c7d3ccb2a79bcdeec	ligand_modulated_tf_dna_binding	high
edge_00807	O=C(O[C@]1([H])C[C@@]2(O[C@](C1)([H])C/C=C(C)/[C@@H](O[C@@H]3O[C@@H](C)[C@H](O[C@@H]4O[C@@H](C)[C@H](O)[C@@H](OC)C4)[C@@H](OC)C3)[C@@H](C)/C=C/C=C5CO[C@@]6([H])[C@]7\5O)C=C[C@H](C)[C@@H]([C@H](CC)C)O2)[C@]7([H])C=C(C)C6=O	92d278fb4d2807ee0c2af02113006be4	C-5-O-B1	O=C(O[C@]1([H])C[C@@]2(O[C@](C1)([H])C/C=C(C)/[C@@H](O[C@@H]3O[C@@H](C)[C@H](O[C@@H]4O[C@@H](C)[C@H](O)[C@@H](OC)C4)[C@@H](OC)C3)[C@@H](C)/C=C/C=C5CO[C@@]6([H])[C@]7\5O)C=C[C@H](C)[C@@H]([C@H](CC)C)O2)[C@]7([H])C=C(C)C6=O		AveT	Streptomyces avermitilis (strain ATCC 31267 / DSM 46492 / JCM 5070 / NBRC 14893 / NCIMB 12804 / NRRL 8165 / MA-4680)	Q82H91	TetR	GroovDB	rcp_a1eb280b724fdfc0111b;rcp_f3a57ee5afe0dcd542f6	ligand_modulated_tf_dna_binding	high
edge_00808	O=C1CCCCC1	494c67d1f724e58282cc63a737ba518f	cyclohexanone	O=C1CCCCC1		ChnR		BAA86295.1	AraC/XylS	Ligify2024_supplement	rcp_36bb5269202c18897e5d	biosensor_inducer_validation	medium
edge_00809	OC(=O)C1CCCCC1	c95d4bd7851e7ce3d5382e63702bee96	cyclohexane-1-carboxylate	OC(=O)C1CCCCC1		BadR		WP_041688483.1	MarR	Ligify2024_supplement	rcp_a7f634631f0744c37fb1	cellular_biosensor_validation	medium
edge_00810	OC(=O)CCCC([O-])=O	0eff3dcdb6f0ee4910cadd8d9338a5eb	glutarate	OC(=O)CCCC([O-])=O		GlaR	Escherichia coli K-12		GntR	RegulonDB	rcp_04d6160ff51d6a84982d	ligand_modulated_tf_dna_binding	high
edge_00811	OC(=O)CCCC([O-])=O	181f695be898b807f50c04356f61abaa	glutarate	OC(=O)CCCC([O-])=O		CsiR		NP_745052.1	GntR	Ligify2024_supplement	rcp_f4270a8fe6d89b697f92	direct_cognate	high
edge_00812	OC(=O)CCCC([O-])=O	445458bcb5a08c2601a2b9c2cd988989	glutarate	OC(=O)CCCC([O-])=O		GcdR	Pseudomonas putida (strain ATCC 47054 / DSM 6125 / CFBP 8728 / NCIMB 11950 / KT2440)	Q88RH3	LysR	Ligify2024_supplement	rcp_73b822330e06303cd0c0	cellular_tf_ligand_response	high
edge_00813	OC(=O)[C@H](O)[C@@H](O)[C@@H](O)C(=O)CO	70486e9a70fd07afad407569bd60334b	D-fructuronate	OC(=O)[C@H](O)[C@@H](O)[C@@H](O)C(=O)CO		UxuR	Escherichia coli K-12		GntR	RegulonDB	rcp_231d2daa30785b136266	direct_ligand_binding	medium
edge_00814	OC[C@@H](O)COP([O-])([O-])=O	06bc8aafa080776910698cca6a27fab3	sn-glycerol 3-phosphate	OC[C@@H](O)COP([O-])([O-])=O		GlpR	Escherichia coli K-12		DeoR	RegulonDB	rcp_f18f6bdd6555803d82e4	direct_ligand_binding_and_operator_release	high
edge_00815	OC[C@@H](O)COP([O-])([O-])=O	3280f0bb9f328d91ed4859b283861585	sn-glycerol-3-phosphate	OC[C@@H](O)COP([O-])([O-])=O		GlpR	Pseudomonas aeruginosa PAO1		NtrC/XylR	RegTransBase	rcp_95261d2776abfd4ac4fa	proximal_cellular_response	medium
edge_00816	OC[C@@H](O)COP([O-])([O-])=O	c8dcc87318ab75c2006480f939687cbe	sn-glycerol-3-phosphate	OC[C@@H](O)COP([O-])([O-])=O		GylR	Mycolicibacterium smegmatis (strain ATCC 700084 / mc(2)155)	A0R727	IclR	Ligify2024_supplement	rcp_6334129499fbf5afbe9b	cellular_tf_ligand_response	high
edge_00817	OC[C@H]1O[C@H](O[C@@H]2[C@@H](CO)O[C@@H](O)[C@H](O)[C@H]2O)[C@H](O)[C@@H](O)[C@@H]1O	6069bcdfe2911ee08ca4b7c84b669f89	Beta-Maltose	OC[C@H]1O[C@H](O[C@@H]2[C@@H](CO)O[C@@H](O)[C@H](O)[C@H]2O)[C@H](O)[C@@H](O)[C@@H]1O		SpMalR	Streptococcus pneumoniae serotype 4 (strain ATCC BAA-334 / TIGR4)	P0A4T1	LacI/GalR	Ligify2024_supplement	rcp_18c611653f8fd2129297	cellular_tf_ligand_response	high
edge_00818	OCl	c04de4955e7cf9e7a734cd03be54a537	Hypochlorous acid	OCl		NmlR	Streptococcus pneumoniae serotype 2 (strain D39 / NCTC 7466)	A0A0H2ZLV3	MerR	GroovDB	rcp_9b49272c732ec2c355cf	cellular_tf_ligand_response	high
edge_00819	OO	01f7ef453121c0bb818ead6a5da9a2b6	H2O2	OO	H2O2	OxyR	Escherichia coli;K12 MG1655	P0ACQ4	LysR	PRODORIC	rcp_e1f1dbaeb4e17d5ea515	direct_oxidative_sensing	high
edge_00820	OO	0287f16df251d497c5ab43fb176a970a	H2O2	OO	H2O2	OxyR	Rhodobacter sphaeroides;ATH 2.4.1		LysR	PRODORIC	rcp_b7d4e7d94d127e0ada79	direct_redox_response_with_DNA_binding	high
edge_00821	OO	096938ba652e67f243b3403d11e00f02	H2O2	OO	H2O2	PerR	Bacillus subtilis;168	P71086	Fur	PRODORIC	rcp_cd512d5a009c770bde20	direct_chemical_DNA_binding_modulation	high
edge_00822	OO	a2bf43953c23e519be78b790aba3f8e2	H2O2	OO	H2O2	PerR	Clostridium acetobutylicum;2291 W	Q97FU2	Fur	PRODORIC	rcp_80c553a1d555a9a1f2b2	proximal_redox_response	high
edge_00823	OO	f6ff10250ee830c35ac07507333eb4a1	Hydrogen peroxide	OO		OseR	Streptococcus suis	A0AB33U4B8	MarR	GroovDB	rcp_375ba79d5cf709e6db39	ligand_modulated_tf_dna_binding	high
edge_00824	OS(=O)(=S)[O-]	54af86e0a3a42d86125fac694a43e9c7	thiosulfate	OS(=O)(=S)[O-]		CysB	Salmonella typhimurium	M15040	LysR	RegTransBase	rcp_54856d0afd0f8da193f3	ligand_modulated_tf_dna_binding	high
edge_00825	OS(=O)(=S)[O-]	fef30d4c9e0272bdb7e00d090bbb769b	thiosulfate	OS(=O)(=S)[O-]		Cbl	Escherichia coli K-12		LysR	RegulonDB	rcp_b367eef628309a01b9af	direct_DNA_binding_modulation	medium
edge_00826	O[C@@H]([C@H](O)[C@@H](O)C([O-])=O)[C@H](O)C([O-])=O	6351cec6a6c59d9787fee4e6e170bf47	glucarate	O[C@@H]([C@H](O)[C@@H](O)C([O-])=O)[C@H](O)C([O-])=O		CdaR	Escherichia coli (strain K12)	P37047	XRE	Ligify2024_supplement	rcp_1874b0d01c21edc84ed5	cellular_tf_ligand_response	high
edge_00827	O[C@H]1CO[C@H](O)[C@H](O)[C@H]1O	83ca0f6b434d115c2d3a74bfc12a9eda	β-l-arabinose	O[C@H]1CO[C@H](O)[C@H](O)[C@H]1O		AraC	Escherichia coli (strain K12)	P0A9E0	AraC/XylS	Ligify2024_supplement	rcp_0e89a35ece383186846b	cellular_tf_ligand_response	high
edge_00828	Oc1ccccc1O	d71a5f0ba47b0a0edf233917ad3c036d	cathechol	Oc1ccccc1O		DmpR	Plasmid pVI150		NtrC/XylR	RegTransBase	rcp_384f580adade745c9da7	cellular_tf_ligand_response	high
edge_00829	ion:Zn2+	2cf0d945d1c57b1ab5181e82da70d7c3	Zinc		Zn2+	rzcA	Staphylococcus aureus	O85142	ArsR/SmtB	GroovDB	rcp_bfa8a4879484c6648a1b	direct_physical_binding	high
edge_00830	ion:Zn2+	4d1307ac9a78a32c71b172790fb90c0c	Zn2+		Zn2+	Zur	Escherichia coli K-12		Fur	RegulonDB	rcp_323171255c38386b9c30	ligand_modulated_tf_dna_binding	high
edge_00831	ion:Zn2+	c32541dbbb3edb7ae8661e485f2b60b2	Zinc		Zn2+	IdeR	Mycobacterium tuberculosis (strain ATCC 25618 / H37Rv)	P9WMH1	DtxR	GroovDB	rcp_0cf4b1addd23d62b2569	ligand_modulated_tf_dna_binding	high
edge_00832	ion:Zn2+	c492587cf73af64110aea83193d6eb10	Zinc		Zn2+	SczA	Streptococcus pneumoniae (strain ATCC BAA-255 / R6)	Q8DNK2	TetR	GroovDB	rcp_d75900a35df149a2c315	ligand_modulated_tf_dna_binding	high
edge_00833	ion:Zn2+	e97ebe0750cea743d147d9f5f771bfc2	Zn2+		Zn2+	ZntR	Escherichia coli K-12		MerR	RegulonDB	rcp_519f3f8ad43f09c0495d	direct_ligand_binding	high
edge_00834	ion:Zn_unspecified	00c184046f2f5e22bb743559242f2727	zinc ion		Zn_unspecified	SmtB	Synechococcus elongatus PCC 7942		ArsR/SmtB	RegTransBase	rcp_82313dbc4f3dd6a751c9	direct_physical_binding	high
edge_00835	ion:Zn_unspecified	2cec97575248cdc2617b825f9db1f03b	Zn		Zn_unspecified	Zur	Mycobacterium tuberculosis	P9WN85	Fur	PRODORIC	rcp_dfc41d744a22e25027d1	direct_metal_binding_regulator	high
edge_00836	ion:Zn_unspecified	2cf0d945d1c57b1ab5181e82da70d7c3	Zinc		Zn_unspecified	rzcA	Staphylococcus aureus	O85142	ArsR/SmtB	GroovDB	rcp_014710f2dda39be62f41	direct_ligand_binding	high
edge_00837	ion:Zn_unspecified	91e8ccc3c27b7b9d8403ea57535de8f0	zinc ion		Zn_unspecified	ScaR	Streptococcus gordonii DL1		DtxR	RegTransBase	rcp_1423052c3cf092e29260	conflicting_primary_assays	medium
edge_00838	ion:Zn_unspecified	c492587cf73af64110aea83193d6eb10	Zinc		Zn_unspecified	SczA	Streptococcus pneumoniae (strain ATCC BAA-255 / R6)	Q8DNK2	TetR	GroovDB	rcp_e53db36fe3227c4d0783	zinc_dependent_tf_dna_binding	medium
edge_00839	ion:[2Fe-2S]_cluster	de6f99239b4941ac1360cd737b466eb9	a [2Fe-2S] iron-sulfur cluster		[2Fe-2S]_cluster	IscR	Escherichia coli K-12		Rrf2	RegulonDB	rcp_05b657deddf3687218c4	direct_cofactor_binding_and_dna_modulation	high
edge_00840	[C@@H]([C@H](C(=O)[O-])O)(C(=O)[O-])O	5997ab74eebed090cbd7cdd0710d1e9f	tartrate	[C@@H]([C@H](C(=O)[O-])O)(C(=O)[O-])O		TtdR	Cupriavidus necator (strain ATCC 17699 / DSM 428 / KCTC 22496 / NCIMB 10442 / H16 / Stanier 337)	Q0K9U0	LysR	Ligify2024_supplement	rcp_f1751adec894d29ee3d7	proximal_cellular	medium
edge_00841	[C@@H]([C@H](C(=O)[O-])O)(C(=O)[O-])O	aee953e190201272e2f2d1894dd83040	L-tartrate	[C@@H]([C@H](C(=O)[O-])O)(C(=O)[O-])O		Dan	Escherichia coli K-12		LysR	RegulonDB	rcp_1e905deb2a73aabb37fa	cellular_tf_ligand_response	medium
edge_00842	[C@@H]([C@H](C(=O)[O-])O)(C(=O)[O-])O	ba14c0a3d8addac12b27f9080e553e97	tartrate	[C@@H]([C@H](C(=O)[O-])O)(C(=O)[O-])O		TtuA	Agrobacterium vitis; plasmid pTrAB4		LysR	RegTransBase	rcp_237f5129383222ee053e	pathway_response_proximal	low
edge_00843	[C@@H]1([C@H]([C@H](O[C@@H]([C@@H]1O)O)C(=O)[O-])O)O	022fb3f73dae00ef40aaa4e42ab852b8	alpha-D-galacturonate	[C@@H]1([C@H]([C@H](O[C@@H]([C@@H]1O)O)C(=O)[O-])O)O		ExuR	Escherichia coli K-12		GntR	RegulonDB	rcp_e35dde2fe6f14f3bc35c	cellular_tf_ligand_response	medium
edge_00844	[C@@H]1([C@H]([C@H](O[C@@H]([C@@H]1O)O)C(=O)[O-])O)O	4f8e22a41df9a885a8f3de9ccf4c4266	α-D-galacturonate	[C@@H]1([C@H]([C@H](O[C@@H]([C@@H]1O)O)C(=O)[O-])O)O		yiaJ	Escherichia coli (strain K12)	P37671	IclR	GroovDB	rcp_776f0da97ede38c6cb47;rcp_8fffe1794532ac6450bc	ligand_modulated_tf_dna_binding	high
edge_00845	[Cd+2]	c32541dbbb3edb7ae8661e485f2b60b2	Cadmium	[Cd+2]		ideR	Mycobacterium tuberculosis (strain ATCC 25618 / H37Rv)	P9WMH1	DtxR	GroovDB	rcp_bd63693a8152c1d25099	ligand_modulated_tf_dna_binding	high
edge_00846	[Hg+2]	c008ccce1bd6e8a32d23880da312bfd7	mercury ion	[Hg+2]		MerR	Transposon Tn501	Z00027	MerR	RegTransBase	rcp_537dfb678435eed07979	direct_ligand_binding_and_dna_modulation	high
edge_00847	[NH3+]CCC([O-])=O	bd68a4e83f1646c8e856531312713470	β-alanine	[NH3+]CCC([O-])=O		OapR	Cupriavidus necator (strain ATCC 17699 / DSM 428 / KCTC 22496 / NCIMB 10442 / H16 / Stanier 337)	Q0KEZ9	GntR	Ligify2024_supplement	rcp_d82c9581402b3fabef99	cellular_tf_ligand_response	high
edge_00848	[NH3+][C@@H](Cc1ccccc1)C([O-])=O	028fc7adc877846414472f8579bb35ab	l-phenylalanine	[NH3+][C@@H](Cc1ccccc1)C([O-])=O		PhhR	Pseudomonas aeruginosa (strain ATCC 15692 / DSM 22644 / CIP 104116 / JCM 14847 / LMG 12228 / 1C / PRS 101 / PAO1)	Q9I572	NtrC/XylR	Ligify2024_supplement	rcp_e15ffa7e53f0b50be5bc	cellular_tf_ligand_response	high
edge_00849	[NH3+][C@@H](Cc1ccccc1)C([O-])=O	2d30e9c6a468d54a6af5c09e8e9ff6b1	L-phenylalanine	[NH3+][C@@H](Cc1ccccc1)C([O-])=O		TyrR	Escherichia coli K-12		NtrC/XylR	RegulonDB	rcp_18805d317864ad47cfaa	cellular_tf_ligand_response	high
edge_00850	[NH3+][C@@H](Cc1ccccc1)C([O-])=O	cd62c448cb97f62f7b99f6933d51267b	l-phenylalanine	[NH3+][C@@H](Cc1ccccc1)C([O-])=O		PhhR	Cupriavidus necator (strain ATCC 17699 / DSM 428 / KCTC 22496 / NCIMB 10442 / H16 / Stanier 337)	Q0K5I7	Lrp/AsnC	Ligify2024_supplement	rcp_4e108679fcb9f967a536	cellular_tf_ligand_response	high
edge_00851	[N]=O	26784dc35c190b306c0852d4debc0ef8	nitric oxide	[N]=O		NsrR	Escherichia coli K-12		Rrf2	RegulonDB	rcp_d5cfbfb605964774e5d0	direct_NO_sensor_regulatory_evidence	medium
edge_00852	[No]	c076097213bbf5867fb0875c3c879393	NO	[No]		DnrF	Dinoroseobacter shibae		CRP/FNR	PRODORIC	rcp_a198271831d55a0bc91a	direct_binding_plus_dna_affinity_modulation	high
edge_00853	[O-]C(=O)C(=O)c1ccccc1	a80c3f43b30e48586b08ffd9e634feb6	phenylglyoxylate	[O-]C(=O)C(=O)c1ccccc1		PhgR		WP_011614884.1	LysR	Ligify2024_supplement	rcp_0d946bc1b259311eed62	supplement_biosensor_response	low
edge_00854	[O-]C(=O)CS([O-])(=O)=O	6f5541e6bcc5ff56d30a0b31eee1ec18	sulfoacetate	[O-]C(=O)CS([O-])(=O)=O		SauR	Cupriavidus necator (strain ATCC 17699 / DSM 428 / KCTC 22496 / NCIMB 10442 / H16 / Stanier 337)	Q0K846	IclR	Ligify2024_supplement	rcp_3a5dea47cc7e12a5dfce	cellular_tf_ligand_response	high
edge_00855	[O-]C(=O)[C@@H]1CCC[NH2+]1	6e723b78b3694b33e08fef1b0eec12de	l-proline	[O-]C(=O)[C@@H]1CCC[NH2+]1		PutR		AUW46298.1	Lrp/AsnC	Ligify2024_supplement	rcp_5b5ecb939c90b9b6ea34	biosensor_cellular_response	medium
edge_00856	[O-]C(=O)\C=C/C=C(/Cl)C([O-])=O	06e56bbb2f80fefc53848194b5f8fbf1	2-chloromuconate	[O-]C(=O)\C=C/C=C(/Cl)C([O-])=O		ClcR		AAA25771.1	LysR	Ligify2024_supplement	rcp_3d3ddbd5141535232f46	cellular_response_proximal	medium
edge_00857	[O-]Cl.[Na+]	4b85f20ebdbc76fe82a7617ff61733b4	NaOCl	[O-]Cl.[Na+]		CurR	Pseudomonas aeruginosa (strain ATCC 15692 / DSM 22644 / CIP 104116 / JCM 14847 / LMG 12228 / 1C / PRS 101 / PAO1)	Q9I1S1	TetR	GroovDB;Ligify2_benchmark	rcp_38705c18e36546e7b3fa	ligand_modulated_tf_dna_binding	high
edge_00858	[O-]S(=O)(=O)[O-]	24ab95281ff7c21f52271287e6f849aa	Sulphate	[O-]S(=O)(=O)[O-]		SsuR	Corynebacterium glutamicum (strain ATCC 13032 / DSM 20300 / JCM 1318 / BCRC 11384 / CCUG 27702 / LMG 3730 / NBRC 12168 / NCIMB 10025 / NRRL B-2784 / 534)	Q8NUC9	ROK	GroovDB	rcp_706aa7ac2128eef6b83e	ligand_modulated_tf_dna_binding	high
edge_00859	[O-]S(=O)(=O)[O-]	73f2bf2e5befbed27cc49032931c27fd	sulphate	[O-]S(=O)(=O)[O-]		SsuR	Corynebacterium glutamicum;534		ROK	PRODORIC	rcp_8fce63985366e45860dc	in_vitro_dna_binding_modulation	high
edge_00860	[O-]S(=O)(=O)[O-]	a5b252bfc3d0b31dc236b5878691cc8c	sulfate	[O-]S(=O)(=O)[O-]		AsfR	Pseudomonas putida S-313		LysR	RegTransBase	rcp_f928d42f091852335d5e	cellular_or_proximal_response_only	medium
edge_00861	[O-]S(=O)[O-]	24ab95281ff7c21f52271287e6f849aa	Sulphite	[O-]S(=O)[O-]		SsuR	Corynebacterium glutamicum (strain ATCC 13032 / DSM 20300 / JCM 1318 / BCRC 11384 / CCUG 27702 / LMG 3730 / NBRC 12168 / NCIMB 10025 / NRRL B-2784 / 534)	Q8NUC9	ROK	GroovDB	rcp_7b44489c0ec3f5ddf8f7	ligand_modulated_tf_dna_binding	high
edge_00862	[O-]S(=O)[O-]	73f2bf2e5befbed27cc49032931c27fd	sulphite	[O-]S(=O)[O-]		SsuR	Corynebacterium glutamicum;534		ROK	PRODORIC	rcp_72753ea7090f04b74c0e	in_vitro_dna_binding_modulation	high
edge_00863	[O-][As]([O-])[O-]	5476ba71ab630fd81d8d88f6bc00a531	arsenite	[O-][As]([O-])[O-]		ArsR	Escherichia coli K-12		ArsR/SmtB	RegulonDB	rcp_c99afda2edfa5ba47b95	direct_metal_ligand_derepression	high
edge_00864	[OH-][Na+]	56c2fbf10fda0823f3235cead92071f8	Sodium hydroxide	[OH-][Na+]		NieR	Agrobacterium fabrum (strain C58 / ATCC 33970)	Q7CUC4	TetR	GroovDB	rcp_c43daea24285f53adad5	ligand_modulated_tf_dna_binding	high
edge_00865	[S-]	24ab95281ff7c21f52271287e6f849aa	Sulphide	[S-]		SsuR	Corynebacterium glutamicum (strain ATCC 13032 / DSM 20300 / JCM 1318 / BCRC 11384 / CCUG 27702 / LMG 3730 / NBRC 12168 / NCIMB 10025 / NRRL B-2784 / 534)	Q8NUC9	ROK	GroovDB	rcp_7aad289ec2654f3274de	ligand_modulated_tf_dna_binding	high
edge_00866	[S-]	73f2bf2e5befbed27cc49032931c27fd	sulphide	[S-]		SsuR	Corynebacterium glutamicum;534		ROK	PRODORIC	rcp_41fb3617f99c3940fdad	curated_effector_cellular	low
edge_00867	ion:antimonite	5476ba71ab630fd81d8d88f6bc00a531	antimonite		antimonite	ArsR	Escherichia coli K-12		ArsR/SmtB	RegulonDB	rcp_8d1e1b18638d4c148cab	direct_metalloid_repressor_response	high
edge_00868	c1cc2cc3cccc(N)c3nc2c(N)c1	27e8f13d77a01af2c9129bf6c6703e9a	3,6-diaminoacridine	c1cc2cc3cccc(N)c3nc2c(N)c1		AcrR	Escherichia coli K-12		TetR	RegulonDB	rcp_7db7dc5720b16630d4f1	direct_physical_binding	high
edge_00869	c1ccc(cc1)[P+](c1ccccc1)(c1ccccc1)c1ccccc1	f22c0d98570603151db155bf02418a01	Tetraphenylphosphonium	c1ccc(cc1)[P+](c1ccccc1)(c1ccccc1)c1ccccc1		bmrR	Bacillus subtilis (strain 168)	P39075	MerR	GroovDB	rcp_70f5a9647121f32d01c6	ligand_modulated_tf_dna_binding	high
edge_00870	ion:conjugation_factor	315246e1592c61520cdd5bb5c328acd2	conjugation factor		conjugation_factor	TraR	Agrobacterium tumefaciens; pTi		LuxR	RegTransBase	rcp_de81fe84151693b69b56	direct_ligand_dependent_TF_activation	high
edge_00871	ion:conjugation_factor	93d90e0fc325ad9710673355e3d7606c	conjugation factor		conjugation_factor	TraR	Agrobacterium tumefaciens; pTi		LuxR	RegTransBase	rcp_1380299b4ceda330a7fa;rcp_e0aa83ae9c1c478cf9d0	direct_ligand_dependent_TF_activation	high
edge_00872	ion:molybdate_or_molybdenum_unspecified	0b06eab3efde23ce54d4f3d54d8c0318	molybdate		molybdate_or_molybdenum_unspecified	ModE	Escherichia coli K-12		LysR	PRODORIC;RegulonDB	rcp_2e6313401fbbf3b97c11;rcp_38c42ff66fe23950d842	direct_ligand_binding	high
edge_00873	ion:molybdate_or_molybdenum_unspecified	30e9ef219a6a0264811cda06b034d5a3	molybdenum		molybdate_or_molybdenum_unspecified	MopB	Rhodobacter capsulatus		LysR	RegTransBase	rcp_7c673740112373761891;rcp_a69397f410ae64df733b	proximal_molybdate_response	medium
edge_00874	ion:molybdate_or_molybdenum_unspecified	c45a516da04051b288e91ded57e2fcae	molybdenum		molybdate_or_molybdenum_unspecified	MopA	Rhodobacter capsulatus		Unknown	RegTransBase	rcp_e13d43c3af43be2c4998	direct_binding	medium
